,name,acousticness,danceability,energy,instrumentalness,liveness,loudness,mode,speechiness,tempo,time_signature,valence,streams,country,id
0,Anyone,0.181,0.686,0.538,3.13e-06,0.113,-8.026,1,0.0345,115.884,4,0.584,39580946,America,31qCy5ZaophVA81wtlwLc4
1,34+35,0.237,0.83,0.585,0.0,0.248,-6.476,1,0.094,109.978,4,0.485,58058796,America,6Im9k8u9iIzKMrmV7BWtlF
2,Mood (feat. iann dior),0.221,0.7,0.722,0.0,0.272,-3.558,0,0.0369,90.989,4,0.756,54921612,America,3tjFYV6RSFtuktYl3ZtYcq
3,"Lemonade (feat. Gunna, Don Toliver & NAV)",0.25,0.8,0.658,0.0,0.111,-6.142,0,0.079,140.042,4,0.462,59208932,America,7hxHWCCAIIxFLCzvDgnQHX
4,DÁKITI,0.401,0.731,0.573,5.22e-05,0.113,-10.059,0,0.0544,109.928,4,0.145,62835841,America,4MzXwWMhyBbmu6hOcLVD49
5,positions,0.468,0.737,0.802,0.0,0.0931,-4.771,1,0.0878,144.015,4,0.682,54566530,America,35mvY5S1H3J2QZyna3TFe0
6,Whoopty,0.2,0.719,0.648,0.0,0.127,-7.6,0,0.125,140.201,4,0.66,35227627,America,5vGLcdRuSbUhD8ScwsGSdA
7,WITHOUT YOU,0.213,0.662,0.413,0.0,0.134,-7.357,1,0.0299,93.005,4,0.467,62188705,America,27OeeYzk6klgBh83TSvGMA
8,Blinding Lights,0.00146,0.514,0.73,9.54e-05,0.0897,-5.934,1,0.0598,171.005,4,0.334,70217036,America,0VjIjW4GlUZAMYd2vXMi3b
9,Levitating (feat. DaBaby),0.00883,0.702,0.825,0.0,0.0674,-3.787,0,0.0601,102.977,4,0.915,71011944,America,5nujrmhLynf4yMoMtj8AQF
10,For The Night (feat. Lil Baby & DaBaby),0.114,0.823,0.586,0.0,0.193,-6.606,0,0.2,125.971,4,0.347,51776062,America,0PvFJmanyNQMseIFrU708S
11,WAP (feat. Megan Thee Stallion),0.0194,0.935,0.454,0.0,0.0824,-7.509,1,0.375,133.073,4,0.357,49863051,America,4Oun2ylbjFKMPTiaSbbCih
12,willow,0.835,0.392,0.579,0.00179,0.145,-9.195,1,0.164,80.961,4,0.549,39107355,America,3Uo7WG0vmLQ07WB4BDwy7D
13,What You Know Bout Love,0.65,0.709,0.548,1.59e-06,0.133,-8.493,1,0.353,83.995,4,0.543,51212382,America,1tkg4EHVoqnhR6iFEXb60y
14,Therefore I Am,0.218,0.889,0.34,0.13,0.055,-7.773,0,0.0697,94.009,4,0.716,46633598,America,54bFM56PmE4YLRnqpW6Tha
15,Body,0.0166,0.914,0.732,0.0,0.107,-6.1,0,0.241,94.066,4,0.469,42433102,America,0A1hoCfMLkiAgvhWkkucJa
16,Laugh Now Cry Later (feat. Lil Durk),0.244,0.761,0.518,3.47e-05,0.107,-8.871,1,0.134,133.976,4,0.522,48320997,America,2SAqBLGA283SUiwJ3xOUVI
17,HOLIDAY,0.12,0.81,0.511,0.0,0.0832,-6.924,0,0.164,151.947,4,0.837,35466662,America,6zFMeegAMYQo0mt8rXtrli
18,ROCKSTAR (feat. Roddy Ricch),0.247,0.746,0.69,0.0,0.101,-7.956,1,0.164,89.977,4,0.497,45251669,America,7ytR5pFWmSjzHJIeQkgog4
19,Wishing Well,0.00336,0.65,0.613,0.0,0.267,-6.13,0,0.128,149.972,4,0.0804,44997253,America,2U5WueTLIK5WJLD7mvDODv
20,Sweater Weather,0.0495,0.612,0.807,0.0177,0.101,-2.81,1,0.0336,124.053,4,0.398,49950897,America,2QjOHCTQ1Jl3zawyYOpxh6
21,Blueberry Faygo,0.207,0.774,0.554,0.0,0.132,-7.909,1,0.0383,99.034,4,0.349,39241421,America,22LAwLoDA5b4AaGSkg6bKW
22,Way Out (feat. Big Sean),0.114,0.945,0.582,0.0,0.103,-8.357,0,0.0719,108.025,4,0.907,34223581,America,57VeLYXrvNxe8Vs18K2M9W
23,Come & Go (with Marshmello),0.0172,0.625,0.814,0.0,0.158,-5.181,1,0.0657,144.991,4,0.535,41049765,America,2Y0wPrPQBrGhoLn14xRYCG
24,Tyler Herro,0.0872,0.792,0.793,0.0,0.22,-6.185,0,0.0841,123.031,4,0.775,37827625,America,3w1WjD2zJqjBjDz5fwqQPJ
25,All Girls Are The Same,0.0769,0.671,0.529,0.000335,0.0856,-7.226,1,0.307,161.989,4,0.203,43397080,America,4VXIryQMWpIdGgYR4TrjT1
26,Reminds Me Of You,0.0663,0.613,0.631,0.0,0.169,-6.965,1,0.12,149.992,4,0.33,17975033,America,5YSHygGN9D0mID1NsVd5my
27,Monster (Shawn Mendes & Justin Bieber),0.0593,0.64,0.392,0.0,0.0839,-7.246,0,0.0574,145.838,4,0.502,23415715,America,1HbA4N1MiOsPthALesGFR1
28,champagne problems,0.92,0.462,0.24,0.0,0.113,-12.077,1,0.0377,171.319,4,0.32,16907219,America,0sY6ZUTh4yoctD8VIXz339
29,"Whats Poppin (feat. DaBaby, Tory Lanez & Lil Wayne) [Remix] - Bonus Track",0.0631,0.904,0.723,0.0,0.185,-5.224,0,0.26,145.013,4,0.835,38684510,America,0ZLuW8uOXdFNWcI40C0OC2
30,Hello (feat. A Boogie Wit da Hoodie),0.0187,0.905,0.647,0.0,0.282,-5.065,0,0.107,130.97,4,0.367,39147027,America,2r6OAV3WsYtXuXjvJ1lIDi
31,Watermelon Sugar,0.122,0.548,0.816,0.0,0.335,-4.209,1,0.0465,95.39,4,0.557,34306255,America,6UelLqGlWMcVH1E5c4H7lY
32,The Box,0.104,0.896,0.586,0.0,0.79,-6.687,0,0.0559,116.971,4,0.642,36183662,America,0nbXyq5TXYPCO7pr3N8S4I
33,Circles,0.192,0.695,0.762,0.00244,0.0863,-3.497,1,0.0395,120.042,4,0.553,38293865,America,21jGcNKet2qwijlDFuPiPb
34,you broke me first,0.785,0.667,0.373,0.0,0.0906,-9.389,1,0.05,124.148,4,0.0823,42597166,America,45bE4HXI0AwGZXfZtMp8JR
35,my ex's best friend (with blackbear),0.00473,0.731,0.675,0.0,0.141,-5.134,0,0.0434,124.939,4,0.298,44619367,America,7kDUspsoYfLkWnZR7qwHZl
36,Lucid Dreams,0.349,0.511,0.566,0.0,0.34,-7.23,0,0.2,83.903,4,0.218,40163261,America,285pBltuF7vW8TeWk8hdRR
37,pov,0.36,0.487,0.534,0.0,0.1,-5.664,0,0.0555,131.798,4,0.173,16503019,America,3UoULw70kMsiVXxW0L3A33
38,Forever After All,0.191,0.487,0.65,0.0,0.0933,-5.195,1,0.0253,151.964,4,0.456,29035796,America,6IBcOGPsniK3Pso1wHIhew
39,Heather,0.584,0.357,0.425,0.0,0.322,-7.301,1,0.0333,102.078,3,0.27,37506954,America,4xqrdfXkTW4T0RauPLv3WA
40,Put Your Records On,0.0563,0.399,0.491,0.00089,0.11,-10.778,0,0.0538,91.066,4,0.151,30983467,America,6AGOKlMZWLCaEJGnaROtF9
41,Cry Baby (feat. DaBaby),0.00402,0.957,0.437,0.0,0.219,-7.882,1,0.359,130.058,4,0.616,36850867,America,4aarlAfLKVCTxUDNgbwhjH
42,Lonely (with benny blanco),0.864,0.631,0.239,0.0,0.116,-7.071,0,0.0398,79.859,4,0.0927,19835919,America,4y4spB9m0Q6026KfkAvy9Q
43,Tequila Shots,0.084,0.712,0.556,5.04e-05,0.527,-7.214,0,0.0531,90.494,4,0.22,13601083,America,30KctD1WsHKTIYczXjip5a
44,SO DONE,0.232,0.719,0.598,0.0,0.115,-6.254,1,0.077,142.592,4,0.303,5254480,America,3qgPpwtuRu5oP8EtFSj8HE
45,Robbery,0.328,0.685,0.692,0.0,0.153,-5.122,1,0.0457,159.966,5,0.578,37079778,America,6Hj9jySrnFppAI0sEMCZpJ
46,Heat Waves,0.44,0.761,0.525,6.7e-06,0.0921,-6.9,1,0.0944,80.87,4,0.531,55296462,America,02MWAaffLxlfxAUY7c5dvx
47,Somebody’s Problem,0.662,0.657,0.54,0.0,0.123,-7.675,1,0.0287,136.97,4,0.625,2587814,America,0SErdEdRcVX1uJCf1eTGYH
48,Afterglow,0.698,0.641,0.324,0.0,0.328,-5.851,1,0.0299,110.184,4,0.273,6241821,America,0E4Y1XIbs8GrAT1YqVy6dq
49,Sunflower - Spider-Man: Into the Spider-Verse,0.533,0.755,0.522,0.0,0.0685,-4.368,1,0.0575,89.96,4,0.925,38015578,America,0RiRZpuVRbi7oqRdSMwhQY
50,Dynamite,0.0112,0.746,0.765,0.0,0.0936,-4.41,0,0.0993,114.044,4,0.737,30634520,America,4saklk6nie3yiGePpBwUoc
51,Dreams - 2004 Remaster,0.0644,0.828,0.492,0.00428,0.128,-9.744,1,0.0276,120.151,4,0.789,32993410,America,0ofHAoxe9vBkTCp2UQIavz
52,On Me,0.00327,0.856,0.564,0.0,0.134,-6.295,0,0.392,77.972,4,0.483,43331173,America,4Iedi94TIaB2GGb1nMB68v
53,Someone You Loved,0.751,0.501,0.405,0.0,0.105,-5.679,1,0.0319,109.891,4,0.446,35453794,America,7qEHsqek33rTcFNT9PFqLf
54,Bang!,0.0183,0.74,0.516,0.0,0.0558,-6.233,0,0.0507,139.918,4,0.698,29642166,America,53BHUFdQphHiZUUG3nx9zn
55,Runnin,0.00748,0.819,0.626,0.101,0.167,-4.574,0,0.202,143.01,4,0.415,29813400,America,5SWnsxjhdcEDc7LJjq9UHk
56,Prisoner (feat. Dua Lipa),0.0103,0.781,0.67,0.0,0.0761,-3.912,0,0.0452,127.99,4,0.595,27334263,America,2Oycxb8QbPkpHTo8ZrmG0B
57,Life Is Good (feat. Drake),0.067,0.795,0.574,0.0,0.15,-6.903,0,0.487,142.053,4,0.537,31660835,America,1K5KBOgreBi5fkEHvg5ap3
58,Roses - Imanbek Remix,0.0143,0.769,0.719,0.00777,0.359,-5.472,1,0.0474,121.955,4,0.863,23745125,America,0zLCBJZSiELJf02ucPP9wb
59,Daddy Issues,0.0678,0.588,0.521,0.149,0.123,-9.461,1,0.0329,85.012,4,0.337,33354015,America,5E30LdtzQTGqRvNd7l6kG5
60,Martin & Gina,0.345,0.832,0.534,0.0,0.165,-7.813,0,0.253,93.924,4,0.116,39845455,America,1VLtjHwRWOVJiE5Py7JxoQ
61,LA NOCHE DE ANOCHE,0.0303,0.856,0.618,0.0,0.0866,-4.892,1,0.286,81.993,4,0.391,31734743,America,2XIc1pqjXV3Cr2BQUGNBck
62,Hayloft,0.00475,0.527,0.922,0.000162,0.422,-2.666,0,0.0728,95.975,4,0.49,30829291,America,2kS6td1yvmpNgZTt1q5pQq
63,Wonder,0.136,0.442,0.631,2.29e-05,0.133,-5.096,0,0.05,139.774,4,0.129,9302248,America,6ZuahEctZD6w75peme58hm
64,Still Trappin' (with King Von),0.0439,0.877,0.677,0.0,0.0986,-4.969,0,0.356,144.941,4,0.627,27878927,America,43BlKpJcSrC9AsJ3F1DKg9
65,Sofia,0.598,0.744,0.619,0.00372,0.231,-9.805,1,0.039,112.997,4,0.641,24367657,America,7B3z0ySL9Rr0XvZEAjWZzM
66,Holy (feat. Chance The Rapper),0.196,0.673,0.704,0.0,0.0898,-8.056,1,0.36,86.919,4,0.372,22646978,America,5u1n1kITHCxxp8twBcZxWy
67,More Than My Hometown,0.601,0.621,0.882,0.0,0.132,-5.01,1,0.0459,126.014,4,0.574,2173260,America,0eBXyY4SatzpE7opnzgXvz
68,Before You Go,0.604,0.459,0.575,0.0,0.0885,-4.858,1,0.0573,111.881,4,0.183,30234620,America,2gMXnyrvIjhVBUZwvLZDMP
69,Dead Man Walking,0.279,0.505,0.267,0.0,0.096,-13.763,0,0.05,143.929,4,0.439,29520842,America,5VlTQnZO89Ioku8ssdbqJk
70,Adore You,0.0237,0.676,0.771,7e-06,0.102,-3.675,1,0.0483,99.048,4,0.569,29565413,America,3jjujdWJ72nww5eGnfs2E7
71,Mr. Right Now (feat. Drake),0.231,0.647,0.667,0.0,0.133,-5.563,1,0.304,172.08,4,0.704,15275451,America,4Q34FP1AT7GEl9oLgNtiWj
72,7 Summers,0.428,0.457,0.774,4.29e-05,0.119,-5.201,1,0.0336,203.863,4,0.59,2126292,America,0tbjiOUl4k492KPdWZS9sy
73,PRACTICE,0.0239,0.849,0.536,0.0,0.126,-7.307,1,0.349,141.964,4,0.308,13962671,America,4Z5FyQlevoHoa5FsIVKZju
74,"no body, no crime (feat. HAIM)",0.431,0.547,0.613,0.0,0.102,-7.577,0,0.0264,79.011,4,0.528,5490887,America,6NriykdkRrjQMZo1sfVYUo
75,Moonwalking in Calabasas (feat. Blueface) - Remix,0.0614,0.928,0.341,0.0,0.162,-10.196,0,0.103,129.966,4,0.745,21588744,America,7o4gBbTM6UBLkOYPw9xMCz
76,Jocelyn Flores,0.469,0.872,0.391,4.13e-06,0.297,-9.144,0,0.242,134.021,4,0.437,30664277,America,7m9OqQk4RVRkw9JJdeAw96
77,death bed (coffee for your head),0.731,0.726,0.431,0.0,0.696,-8.765,0,0.135,144.026,4,0.348,28773871,America,7eJMfftS33KTjuF7lTsMCx
78,gold rush,0.83,0.512,0.462,0.166,0.121,-10.491,1,0.0408,112.05,4,0.353,3943946,America,5BK0uqwY9DNfZ630STAEaq
79,‘tis the damn season,0.737,0.575,0.435,5.38e-05,0.105,-8.193,1,0.0311,145.91,4,0.351,3794867,America,4GBkffrtA51p17JH35irGA
80,GO (feat. Juice WRLD),0.157,0.487,0.74,0.0,0.612,-4.973,1,0.0944,73.779,4,0.522,26004629,America,2rPHUAeUPbNgTmK18FPTiZ
81,Go Crazy,0.316,0.755,0.578,0.0,0.25,-8.932,0,0.145,94.148,4,0.581,26550071,America,1IIKrJVP1C9N7iPtG6eOsK
82,hot girl bummer,0.125,0.782,0.559,0.0,0.385,-7.106,0,0.0767,129.992,1,0.685,28751868,America,2mt1IqcFyY1zmYZT8Q3xw9
83,Don't Start Now,0.0123,0.793,0.793,0.0,0.0951,-4.521,0,0.083,123.95,4,0.679,28175000,America,3PfIrDoz19wz7qK7tYeu62
84,Godzilla (feat. Juice WRLD),0.145,0.808,0.745,0.0,0.292,-5.26,0,0.342,165.995,4,0.829,26784479,America,7FIWs0pqAYbP91WWM0vlTQ
85,Adderall (Corvette Corvette) - Remix,0.217,0.921,0.718,0.0,0.189,-3.545,0,0.299,141.06,4,0.677,3906217,America,7s95nPLMfiLTPoQ7pqUFmO
86,Mood Swings (feat. Lil Tjay),0.487,0.48,0.602,0.0,0.0848,-6.335,0,0.368,179.798,4,0.269,26802459,America,5rZlwNFl01HqLWBQGryKSm
87,Daisy,0.235,0.834,0.663,0.0,0.372,-6.143,1,0.133,121.876,4,0.774,4034783,America,0AUvWawuP0ibk4SQ3sIZjk
88,SLOW DANCING IN THE DARK,0.544,0.515,0.479,0.00598,0.191,-7.458,1,0.0261,88.964,4,0.284,29419736,America,0rKtyWc8bvkriBthvHKY8d
89,POPSTAR (feat. Drake),0.057,0.8,0.56,0.0,0.134,-4.818,0,0.261,163.071,4,0.45,27512624,America,6EDO9iiTtwNv6waLwa1UUq
90,E-GIRLS ARE RUINING MY LIFE!,0.00161,0.614,0.937,0.00136,0.103,-7.443,1,0.115,84.98,4,0.386,16794068,America,7bCfHiRcfUjG0YVVNUL7Ve
91,Sunday Best,0.183,0.878,0.525,0.0,0.0714,-6.832,1,0.0578,112.022,4,0.694,18505048,America,1Cv1YLb4q0RzL6pybtaMLo
92,goosebumps,0.0847,0.841,0.728,0.0,0.149,-3.37,1,0.0484,130.049,4,0.43,30437429,America,6gBFPUFcJLzWGx4lenP6h2
93,Electric Love,0.00543,0.611,0.797,0.00137,0.26,-7.627,0,0.0533,120.041,4,0.518,29899175,America,2GiJYvgVaD2HtM8GqD9EgQ
94,No Role Modelz,0.301,0.692,0.521,0.0,0.0565,-8.465,0,0.33,100.45,4,0.463,32331232,America,62vpWI1CHwFy7tMIcSStl8
95,Are You Bored Yet? (feat. Clairo),0.156,0.682,0.683,2.32e-05,0.273,-6.444,0,0.0287,120.023,4,0.64,27433779,America,57RA3JGafJm5zRtKJiKPIm
96,Whiskey Glasses,0.369,0.614,0.68,1.84e-06,0.115,-4.58,1,0.0289,149.959,4,0.707,30327236,America,6foY66mWZN0pSRjZ408c00
97,WHATS POPPIN,0.017,0.923,0.604,0.0,0.272,-6.671,0,0.245,145.062,4,0.826,22203016,America,1jaTQ3nqY3oAAYyCTbIvnM
98,If the World Was Ending - feat. Julia Michaels,0.866,0.464,0.473,0.0,0.109,-10.086,1,0.129,75.801,4,0.604,23863163,America,2kJwzbxV2ppxnQoYw4GLBZ
99,Kacey Talk,0.535,0.877,0.607,0.0,0.138,-7.818,0,0.15,127.055,4,0.773,6582766,America,1SF8piqsZWn86DajVKih8F
100,Drankin N Smokin,0.0421,0.752,0.658,0.0,0.0927,-6.297,1,0.342,151.951,4,0.387,15905503,America,0k7wmahjkn389wAZdz19Cv
101,BICHOTA,0.212,0.863,0.666,0.000493,0.103,-4.158,0,0.152,163.908,4,0.838,11517122,America,7vrJn5hDSXRmdXoR30KgF1
102,Took Her To The O,0.0149,0.82,0.592,4.71e-06,0.121,-7.002,1,0.29,159.98,4,0.4,14534685,America,7fEoXCZTZFosUFvFQg1BmW
103,Righteous,0.0417,0.706,0.625,0.0,0.129,-7.426,1,0.0314,142.948,4,0.225,20135072,America,5dOxHHMOFAbG3VH23t0xNm
104,Dance Monkey,0.688,0.825,0.593,0.000161,0.17,-6.401,0,0.0988,98.078,4,0.54,13714158,America,1rgnBhdG2JDFTbYkYRZAku
105,Train Wreck,0.701,0.311,0.485,0.0,0.0726,-5.726,0,0.0365,77.355,4,0.225,19123308,America,55Am8neGJkdj2ADaM3aw5H
106,ROXANNE,0.0522,0.621,0.601,0.0,0.46,-5.616,0,0.148,116.735,5,0.457,22635490,America,696DnlkuDOXcMAnKlTgXXK
107,Show Out (with Skepta & Pop Smoke),0.43,0.619,0.589,0.000392,0.378,-6.531,1,0.124,143.896,4,0.158,4955122,America,5CFJRZRq6sdKKtRwNPWbYv
108,Bandit (with YoungBoy Never Broke Again),0.0687,0.474,0.631,0.0,0.132,-5.884,0,0.343,180.051,4,0.425,25803497,America,6Gg1gjgKi2AK4e0qzsR7sd
109,BOP,0.189,0.769,0.787,0.0,0.129,-3.909,1,0.367,126.77,4,0.836,26753141,America,6Ozh9Ok6h4Oi1wUSLtBseN
110,Dior,0.212,0.548,0.805,0.000389,0.408,-5.732,1,0.351,142.094,4,0.648,27739615,America,79s5XnCN4TJKTVMSmOx8Ep
111,Ballin' (with Roddy Ricch),0.392,0.809,0.545,0.0,0.151,-6.678,1,0.0735,97.008,4,0.244,25069554,America,3QzAOrNlsabgbMwlZt7TAY
112,Rain On Me (with Ariana Grande),0.021,0.672,0.855,0.0,0.323,-3.764,1,0.0397,123.056,4,0.646,3311623,America,7ju97lgwC2rKQ6wwsf9no9
113,Golden,0.21,0.448,0.838,0.000131,0.131,-5.257,0,0.0557,139.863,4,0.254,25031543,America,45S5WTQEGOB1VHr1Q4FuPl
114,Hit Different,0.199,0.679,0.516,0.0,0.0965,-6.371,0,0.0452,120.074,4,0.716,11931899,America,7Bar1kLTmsRmH6FCKKMEyU
115,Snowman,0.483,0.716,0.512,0.0,0.0928,-6.257,1,0.0331,104.957,3,0.326,4958416,America,7uoFMmxln0GPXQ0AcCBXRq
116,Chasin' You,0.657,0.631,0.591,0.0,0.11,-5.785,1,0.0277,97.074,4,0.489,23911606,America,5MwynWK9s4hlyKHqhkNn4A
117,Star Shopping,0.0967,0.585,0.471,0.0184,0.115,-9.934,0,0.0616,93.099,4,0.323,21099664,America,30bqVoKjX479ab90a8Pafp
118,Hate The Other Side (with Marshmello & The Kid Laroi),0.291,0.701,0.65,0.0,0.112,-6.313,1,0.104,90.003,4,0.647,17845441,America,0ada5XsQGLPUVbmTCkAP49
119,After Party,0.00981,0.629,0.692,0.331,0.603,-8.045,1,0.0376,162.948,4,0.453,24565857,America,527k23H0A4Q0UJN3vGs0Da
120,HIGHEST IN THE ROOM,0.0546,0.598,0.427,5.83e-06,0.21,-8.764,0,0.0317,76.469,4,0.0605,25666928,America,3eekarcy7kvN4yt5ZFzltW
121,Hawái - Remix,0.105,0.766,0.788,5.81e-06,0.142,-3.128,0,0.312,179.984,4,0.609,3363330,America,0GzuHFG4Ql6DoyxFRnIk3F
122,Starting Over,0.452,0.638,0.538,0.000415,0.0695,-8.445,1,0.0315,89.124,4,0.318,7855787,America,3K07bGe8iljQ3mOKArHLDo
123,Why'd You Only Call Me When You're High?,0.0483,0.691,0.631,1.13e-05,0.104,-6.478,1,0.0368,92.004,4,0.8,20203230,America,48q0vSHcJdhK3IiXH8C5WJ
124,Intentions (feat. Quavo),0.3,0.806,0.546,0.0,0.102,-6.637,1,0.0575,147.986,4,0.874,4735503,America,4umIPjkehX1r7uhmGvXiSV
125,tolerate it,0.878,0.316,0.361,2.67e-05,0.0797,-10.381,1,0.0488,74.952,5,0.221,3229107,America,0PurA4JVJ8YQgSVopY8fn6
126,lovely (with Khalid),0.934,0.351,0.296,0.0,0.095,-10.109,0,0.0333,115.284,4,0.12,26095457,America,0u2P5u6lvoDfwTYjAADbn4
127,Be Like That - feat. Swae Lee & Khalid,0.0469,0.727,0.626,2.58e-05,0.126,-8.415,1,0.0726,86.97,4,0.322,24347799,America,5f1joOtoMeyppIcJGZQvqJ
128,Say So,0.256,0.787,0.673,3.57e-06,0.0904,-4.577,0,0.158,110.962,4,0.786,1677713,America,3Dv1eDb0MEgF93GpLXlucZ
129,TE MUDASTE,0.234,0.811,0.637,0.000572,0.118,-4.835,0,0.0591,92.025,4,0.471,7780466,America,5RubKOuDoPn5Kj5TLVxSxY
130,Savage Love (Laxed - Siren Beat),0.234,0.767,0.481,0.0,0.269,-8.52,0,0.0803,150.076,4,0.761,6111695,America,1xQ6trAsedVPCdbtDAmk0c
131,Better Together,0.827,0.552,0.225,0.0,0.111,-11.501,1,0.0477,138.002,4,0.67,23078057,America,6gdLyYNuhWBzqwlOFSsXC7
132,21,0.149,0.783,0.479,0.0,0.101,-10.646,1,0.541,176.027,4,0.533,26545563,America,3JKgcAa7r07ocVWcV8bS0H
133,Slay3r,0.165,0.885,0.661,0.0,0.334,-5.062,0,0.141,140.028,4,0.436,1645105,America,1eMNW1HQjF1dbb4GtnmpaX
134,20 Min,0.109,0.773,0.75,0.0,0.174,-4.009,0,0.117,123.426,4,0.783,27068181,America,0uxSUdBrJy9Un0EYoBowng
135,Smile (with The Weeknd),0.224,0.694,0.685,0.0,0.124,-6.535,0,0.133,158.831,4,0.306,12911896,America,6wQlQrTY5mVS8EGaFZVwVF
136,We Paid (feat. 42 Dugg),0.135,0.926,0.542,0.0,0.0877,-5.064,1,0.293,135.14,4,0.564,17488446,America,6gxKUmycQX7uyMwJcweFjp
137,Goosebumps,0.325,0.767,0.659,0.0,0.13,-7.429,1,0.0444,124.946,4,0.439,3741218,America,20McUFi8KCIVdNDLrkTDuZ
138,Falling,0.839,0.567,0.267,1.46e-06,0.089,-6.502,1,0.0299,110.011,4,0.0592,22611090,America,1ZMiCix7XSAbfAJlEZWMCp
139,SAD!,0.258,0.74,0.613,0.00372,0.123,-4.88,1,0.145,75.023,4,0.473,25514169,America,3ee8Jmje8o58CHK66QrVC2
140,Line Without a Hook,0.262,0.432,0.652,0.0,0.258,-4.969,1,0.0285,190.028,3,0.507,19642439,America,5NvOZCjZaGGGL597exlQWv
141,Everybody Dies In Their Nightmares,0.847,0.734,0.57,2.14e-05,0.112,-7.066,0,0.133,129.953,4,0.689,17833503,America,3GVkPk8mqxz0itaAriG1L7
142,The Woo (feat. 50 Cent & Roddy Ricch),0.0221,0.49,0.618,3.77e-06,0.259,-5.655,1,0.104,99.7,4,0.286,10848489,America,1H7KnK26kc1YyellpbINEn
143,505,0.00237,0.52,0.852,5.79e-05,0.0733,-5.866,1,0.0543,140.267,4,0.234,24594976,America,58ge6dfP91o9oXMzq3XkIS
144,Falling,0.123,0.784,0.43,0.0,0.0887,-8.756,0,0.0364,127.087,4,0.236,13877447,America,2rRJrJEo19S2J82BDsQ3F7
145,Beautiful Crazy,0.676,0.551,0.402,0.0,0.0928,-7.431,1,0.0262,103.313,4,0.382,24906200,America,2rxQMGVafnNaRaXlRMWPde
146,MIDDLE CHILD,0.149,0.837,0.364,0.0,0.271,-11.713,1,0.276,123.984,4,0.463,25228690,America,2JvzF1RMd7lE3KmFlsyZD8
147,XO Tour Llif3,0.00264,0.732,0.75,0.0,0.109,-6.366,0,0.231,155.096,4,0.401,25509495,America,7GX5flRQZVHRAGd6B4TmDO
148,The Less I Know The Better,0.0115,0.64,0.74,0.00678,0.167,-4.083,1,0.0284,116.879,4,0.785,25160932,America,6K4t31amVTZDgR3sKmwUJJ
149,Party Girl,0.747,0.73,0.439,0.0,0.0988,-9.864,0,0.0609,130.09,4,0.615,6107455,America,3IJYUaN3tx04S4TYyZHKoP
150,ivy,0.855,0.515,0.545,1.97e-05,0.0921,-9.277,1,0.0353,88.856,4,0.535,1568282,America,19CSr8rwW05VJL2F91KFNK
151,bad guy,0.328,0.701,0.425,0.13,0.1,-10.965,1,0.375,135.128,4,0.562,7697711,America,2Fxmhks0bxGSBdJ92vM42m
152,Drip Too Hard (Lil Baby & Gunna),0.0852,0.897,0.662,0.0,0.534,-6.903,0,0.292,112.511,4,0.389,24315259,America,78QR3Wp35dqAhFEc2qAGjE
153,Still Goin Down,0.49,0.58,0.751,0.0,0.277,-5.078,1,0.0267,148.108,4,0.718,1547162,America,096YtKWNRXdmYKFLelSBto
154,July,0.868,0.708,0.186,0.0,0.0779,-8.953,0,0.042,72.541,4,0.322,18887693,America,6J2LdBN97cDWn0MLxYh9HB
155,Fuck Love (feat. Trippie Redd),0.0172,0.797,0.533,0.000152,0.103,-9.74,0,0.0412,131.036,4,0.329,17606505,America,7AQim7LbvFVZJE3O8TYgf2
156,PTSD,0.0317,0.883,0.808,0.0,0.207,-3.158,0,0.183,119.012,4,0.805,7412032,America,3jT2LKH0RSbQ8jIUNFzXm5
157,SICKO MODE,0.00513,0.834,0.73,0.0,0.124,-3.714,1,0.222,155.008,4,0.446,24004916,America,2xLMifQCjDGFmkHkpNLD9h
158,Spicy (feat. Post Malone),0.143,0.782,0.51,0.0,0.115,-5.724,0,0.0419,99.993,4,0.118,22515749,America,5IUtvfNvOyVYZUa6AJFrnP
159,Mr Loverman,0.245,0.639,0.526,2.43e-05,0.25,-6.697,1,0.0256,130.033,3,0.488,21812179,America,2IVsRhKrx8hlQBOWy4qebo
160,DOLLAZ ON MY HEAD (feat. Young Thug),0.114,0.825,0.458,0.0,0.102,-7.47,1,0.0577,145.115,4,0.161,6038681,America,3nS9a01VvXHQriLqJYwRqG
161,Maniac,0.00162,0.628,0.639,0.0,0.354,-5.46,1,0.0435,108.045,4,0.493,11035742,America,6KfoDhO4XUWSbnyKjNp9c4
162,Savage Remix (feat. Beyoncé),0.0159,0.753,0.745,0.0,0.127,-4.776,0,0.334,169.02,4,0.635,1520327,America,2Z71PZlOeF9YVze4hy1A1a
163,THE SCOTTS,0.233,0.716,0.537,0.0,0.157,-7.648,0,0.0514,129.979,4,0.28,1515457,America,39Yp9wwQiSRIDOvrVg7mbk
164,Wolves (feat. Post Malone),0.0978,0.724,0.675,9.41e-06,0.351,-5.267,1,0.0867,160.048,4,0.325,4448579,America,33gwZOGJWEZ7dRWPqPxBEZ
165,rockstar (feat. 21 Savage),0.124,0.585,0.52,7.01e-05,0.131,-6.136,0,0.0712,159.801,4,0.129,8964792,America,0e7ipj03S05BNilyu5bRzt
166,happiness,0.87,0.559,0.334,0.0,0.114,-10.733,1,0.0376,122.079,4,0.211,1498512,America,73YUReisjb3A9ActdLLjJQ
167,High Fashion (feat. Mustard),0.269,0.831,0.499,0.0,0.3,-8.442,0,0.114,97.956,4,0.511,1498381,America,07KXEDMj78x68D884wgVEm
168,Face Of My City (feat. Lil Baby),0.0034,0.74,0.566,0.0,0.589,-8.389,0,0.32,156.197,4,0.342,1486915,America,6MDdceLYec4AxohmorE4vH
169,Armed And Dangerous,0.186,0.736,0.67,0.0,0.114,-6.702,1,0.311,130.032,4,0.845,12044554,America,5wujBwqG7INdStqGd4tRMX
170,Tongue Tied,0.00847,0.56,0.936,0.0,0.161,-5.835,1,0.0439,112.96,4,0.371,25386566,America,0GO8y8jQk1PkHzS31d699N
171,Errbody,0.000407,0.887,0.606,0.0,0.151,-6.572,1,0.324,139.995,4,0.272,11009730,America,6eVxH9Kyanzrw636zJRPcw
172,long story short,0.674,0.546,0.732,0.184,0.0972,-7.715,1,0.0423,157.893,4,0.571,1460270,America,0vVMlbdYx2080Oa9FndPZr
173,everything i wanted,0.902,0.704,0.225,0.657,0.106,-14.454,0,0.0994,120.006,4,0.243,9238424,America,3ZCTVFBt2Brf31RLEnCkWJ
174,Livin’ The Dream,0.575,0.621,0.754,0.00484,0.213,-5.904,0,0.0269,127.036,4,0.441,1454487,America,2L4YgbxxwmwafMqLIjSx8q
175,"10,000 Hours (with Justin Bieber)",0.153,0.654,0.63,0.0,0.111,-4.644,1,0.0259,89.991,4,0.43,11777807,America,2wrJq5XKLnmhRXHIAf9xBa
176,Toosie Slide,0.289,0.83,0.49,3.04e-06,0.113,-8.82,0,0.209,81.604,4,0.845,1450285,America,466cKvZn1j45IpxDdYZqdA
177,Mr. Brightside,0.00121,0.352,0.911,0.0,0.0995,-5.23,1,0.0747,148.033,4,0.236,24053963,America,003vvx7Niy0yvhvHt4a68B
178,Girls in the Hood,0.00711,0.821,0.816,0.0,0.0645,-3.835,1,0.352,179.974,4,0.797,1445303,America,7yiSvALPjMrBLDDrbcDRNy
179,I Fall Apart,0.0689,0.556,0.538,0.0,0.196,-5.408,0,0.0382,143.95,4,0.291,20130773,America,75ZvA4QfFiZvzhj2xkaWAh
180,Say You Won't Let Go,0.695,0.358,0.557,0.0,0.0902,-7.398,1,0.059,85.043,4,0.494,21289447,America,5uCax9HTNlzGybIStD3vDh
181,Chicago Freestyle (feat. Giveon),0.629,0.735,0.449,0.0,0.113,-7.507,1,0.347,122.947,4,0.0397,9158645,America,4wVOKKEHUJxHCFFNUWDn0B
182,I Hope,0.0951,0.466,0.536,0.0,0.114,-6.227,1,0.0429,75.998,4,0.377,5982074,America,23T0OX7QOiIUFShSzbJ5Uo
183,Paradise (feat. Dermot Kennedy),0.0689,0.632,0.595,0.0,0.209,-7.644,0,0.0401,124.114,4,0.435,16490375,America,6ft4hAq6yde8jPZY2i5zLr
184,cardigan,0.537,0.613,0.581,0.000345,0.25,-8.588,0,0.0424,130.033,4,0.551,2985135,America,4R2kfaDFhslZEMJqAFNpdd
185,Take You Dancing,0.0332,0.789,0.711,0.0,0.0876,-4.248,1,0.041,112.985,4,0.753,1403047,America,59qrUpoplZxbIZxk6X0Bm3
186,Head & Heart (feat. MNEK),0.168,0.734,0.874,1.14e-05,0.0489,-3.158,1,0.0662,122.953,4,0.905,1401696,America,6cx06DFPPHchuUAcTxznu9
187,Your New Boyfriend,0.382,0.546,0.453,3.9e-05,0.106,-13.04,1,0.121,104.532,4,0.74,1401032,America,4vLBnQtece15fFhqWxZvJP
188,Walk Em Down (feat. Roddy Ricch),0.268,0.867,0.744,0.0,0.0713,-5.171,1,0.227,84.005,4,0.645,1396575,America,1Z0cZI0UzNbP9L8MzzGxqf
189,Blastoff (feat. Juice Wrld & Trippie Redd),0.114,0.761,0.517,0.0,0.157,-6.916,1,0.0927,147.912,4,0.46,1392294,America,7dH9TPjTWQ60wOJkmYay8a
190,7 rings,0.592,0.778,0.317,0.0,0.0881,-10.732,0,0.334,140.048,4,0.327,1389669,America,6ocbgoVGwYJhOv1GgI9NsF
191,Cover Me Up,0.236,0.525,0.437,7.03e-06,0.121,-8.285,1,0.0272,127.994,3,0.195,1385491,America,7Jd0VVrzeTTWipxSzJ81aC
192,Money Trees,0.0703,0.716,0.531,0.0,0.224,-7.355,1,0.122,71.994,4,0.344,17702864,America,2HbKqm4o0w5wEeEFXm2sD4
193,Wow.,0.136,0.829,0.539,1.78e-06,0.103,-7.359,0,0.208,99.96,4,0.388,2831715,America,7xQAfvXzm3AkraOtGPWIZg
194,No Guidance (feat. Drake),0.123,0.696,0.454,0.0,0.155,-6.756,0,0.153,92.928,4,0.136,1380330,America,6XHVuErjQ4XNm6nDPVCxVX
195,Lean Wit Me,0.0414,0.665,0.651,0.0,0.0896,-5.515,1,0.156,163.935,4,0.237,1380268,America,3oDkdAySo1VQQG0ptV7uwa
196,Tennessee Whiskey,0.205,0.392,0.37,0.0096,0.0821,-10.888,1,0.0298,48.718,4,0.512,10747969,America,3fqwjXwUGN6vbzIwvyFMhx
197,Onna Come Up,0.356,0.796,0.426,2.73e-05,0.0941,-13.207,1,0.285,150.043,4,0.649,2987883,America,0e4A9Fak1nJ7RtBD8YpoEo
198,Flex (feat. Juice WRLD),0.0538,0.752,0.673,0.0,0.133,-5.792,0,0.153,164.009,4,0.35,1370590,America,2QqJTIlGKRLJC3onkavYEz
199,drivers license,0.721,0.585,0.436,1.31e-05,0.105,-8.761,1,0.0601,143.874,4,0.132,165151962,America,7lPN2DXiMsVn7XUKtOW1CS
200,Good Days,0.499,0.436,0.655,8.1e-06,0.688,-8.37,0,0.0583,121.002,4,0.412,93752316,America,3YJJjQPAbDT7mGpX3WtQ9A
201,Wasted On You,0.373,0.505,0.657,0.00107,0.126,-5.24,0,0.0318,196.0,3,0.252,46284645,America,3cBsEDNhFI9E82vPj3kvi3
202,Somebody’s Problem,0.657,0.658,0.538,0.0,0.123,-7.676,1,0.0289,136.967,4,0.62,40336788,America,42lqBjPYlmL1EXpMDXvhSN
203,Sand In My Boots,0.59,0.403,0.537,0.0,0.112,-6.628,1,0.031,69.877,4,0.414,39983726,America,0uRrG2jRR5tuifsYIJHEao
204,865,0.723,0.532,0.584,0.0,0.101,-5.254,1,0.0248,88.003,4,0.367,21590002,America,0sKEilrw1GrBlG6qsTCrP4
205,7 Summers,0.417,0.466,0.786,6.1e-05,0.125,-5.13,1,0.0328,203.903,4,0.571,33294234,America,4obHzpwGrjoTuZh2DItEMZ
206,Warning,0.46,0.633,0.664,0.0,0.108,-5.037,1,0.0294,115.058,4,0.268,14290288,America,64SCQtbRtmO28ks1QhS3w5
207,More Than My Hometown,0.615,0.62,0.869,0.0,0.131,-5.479,1,0.0462,126.019,4,0.597,33210264,America,5OELUCYgOHKFAvCERnAvfS
208,Best Friend (feat. Doja Cat),0.00302,0.84,0.766,3.61e-06,0.0684,-4.12,1,0.136,94.018,4,0.402,57559973,America,2etHQJxIbV0soyPhelVs9Y
209,Save Your Tears,0.0212,0.68,0.826,1.24e-05,0.543,-5.487,1,0.0309,118.051,4,0.644,75648204,America,5QO79kh1waicV47BqGRL3g
210,Cover Me Up,0.232,0.549,0.44,7.37e-06,0.107,-8.192,1,0.0264,128.01,3,0.214,29112900,America,0mKnuxVkPi5h0kuvZl44VM
211,Still Goin Down,0.49,0.58,0.752,0.0,0.277,-5.078,1,0.0267,148.108,4,0.72,18717375,America,2Qz8kpCjxulML39zB6gQxY
212,Livin’ The Dream,0.581,0.621,0.753,0.00605,0.215,-5.904,0,0.0271,127.035,4,0.438,11301063,America,3O9lWje3TSupR4vObAg9Yu
213,Neon Eyes,0.0214,0.576,0.843,8.04e-05,0.157,-5.26,0,0.029,126.009,4,0.628,8949571,America,3kOi5KZTcCOdqFlUjF9CDZ
214,More Surprised Than Me,0.241,0.516,0.748,0.0,0.123,-6.049,1,0.0289,85.004,4,0.433,8839317,America,5NhcE6cuJjVYyVEKp97zOt
215,Dangerous,0.216,0.635,0.772,0.0,0.285,-4.825,1,0.0279,119.017,4,0.948,14605210,America,1MX19fnaW1OUQoglWTYaOo
216,Outlaw (feat. Ben Burgess),0.572,0.505,0.63,0.0,0.121,-5.758,1,0.0274,85.036,4,0.247,4931391,America,2NK6dtSujGIyilnEgbw8MX
217,Whiskey’d My Way,0.603,0.443,0.518,0.00225,0.0984,-6.373,1,0.0266,185.764,3,0.323,6411748,America,6HsXpHn2s6S9arU3Wy7ndc
218,Your Bartender,0.247,0.555,0.771,7.26e-05,0.149,-5.237,1,0.0282,139.971,4,0.442,6380532,America,01FvQEvHETjWqcDpQDJdTb
219,Wonderin’ Bout The Wind,0.244,0.481,0.715,0.0,0.133,-5.626,1,0.0334,90.966,4,0.395,4738437,America,2p6hbwOB2u5hI4Uc8FDNL3
220,Only Thing That’s Gone (feat. Chris Stapleton),0.11,0.5,0.803,2.12e-05,0.296,-4.591,1,0.032,150.058,4,0.451,4434901,America,0CfPMZ1DSdzglsMRpLDM2H
221,This Bar,0.0921,0.553,0.884,0.00033,0.0463,-5.306,1,0.0771,110.074,4,0.248,9798681,America,075qcpR3BnxD5CWUIx1HTr
222,"All I Want - From ""High School Musical: The Musical: The Series""",0.0902,0.376,0.43,0.0,0.0912,-6.585,0,0.0328,77.599,3,0.129,9936090,America,4Yxc55NX3tAXC2mHRAhtcW
223,Streets,0.208,0.749,0.463,0.0371,0.337,-8.433,1,0.0828,90.028,4,0.19,76240224,America,60ynsPSSKe6O3sfwRnIBRf
224,Blame It On Me,0.541,0.63,0.836,0.0,0.312,-4.591,1,0.0438,92.98,4,0.818,2245714,America,6f40eqAkAtDKodipTfThZc
225,Me On Whiskey,0.431,0.57,0.657,0.0,0.0777,-4.571,1,0.0262,142.031,4,0.721,2238855,America,6RhqlFP8FOZLZ4GWqokALY
226,Beer Don’t,0.0651,0.59,0.855,0.0,0.11,-4.562,1,0.0358,140.008,4,0.766,2236406,America,2shcL1H6lVSrIaCtshedcl
227,Silverado For Sale,0.165,0.591,0.778,0.0,0.115,-5.927,1,0.0292,137.956,4,0.386,3723838,America,1AGXmKhp5H6d1B2OwZwQdQ
228,"Rednecks, Red Letters, Red Dirt",0.16,0.554,0.752,1.4e-06,0.122,-4.286,1,0.0249,140.042,4,0.616,2177350,America,5D7PM5yNiHKnU85Y055vvb
229,Buss It,0.0593,0.956,0.502,0.0,0.238,-5.995,1,0.213,110.003,4,0.795,6418097,America,78xj07VVFK5uHTaGPIu13S
230,Country A$$ Shit,0.0192,0.619,0.927,0.0,0.138,-3.765,1,0.0346,137.975,4,0.928,1973859,America,2Q6NVIPwqtosYBXQ0C00d0
231,Somethin’ Country,0.169,0.6,0.942,0.0,0.29,-4.441,1,0.0402,145.981,4,0.741,1963868,America,2X7c8wSJD0urdk9aWzpu5D
232,Quittin’ Time,0.461,0.418,0.628,1.99e-06,0.186,-8.493,1,0.0354,83.926,4,0.462,1909967,America,7MFuhP7p3fPQc8sYyeWL1x
233,Heartless - Wallen Album Mix,0.662,0.61,0.641,0.0,0.17,-4.423,1,0.0289,111.001,4,0.494,1774270,America,7iUmO03ChCW5VZdaycM4aX
234,Whatcha Think Of Country Now,0.0215,0.523,0.966,0.0,0.322,-4.356,1,0.0355,145.016,4,0.884,1736387,America,6WqvJZloeOpM8DihbMgIRJ
235,Vibez,0.242,0.635,0.659,0.0285,0.105,-7.499,1,0.116,96.855,4,0.34,1665599,America,709F3MwiVvLD0LQXeKs5Cz
236,Need A Boat,0.0998,0.54,0.896,0.0,0.267,-6.286,1,0.0333,160.034,4,0.963,1625333,America,5UmCoA8uugbNcVAfKMW3P2
237,Remember That Night?,0.585,0.679,0.61,9.51e-05,0.156,-10.936,0,0.0305,123.978,4,0.554,10988229,America,1nYzjrdVQ8RpF93M0jPFW7
238,Love Galore (feat. Travis Scott),0.112,0.795,0.594,0.0,0.162,-6.2,1,0.0748,135.002,4,0.409,4588222,America,0q75NwOoFiARAVp4EXU4Bs
239,Back In Blood (feat. Lil Durk),0.151,0.759,0.538,0.0,0.126,-8.256,0,0.384,146.933,4,0.831,7491081,America,7JuHVG3qQKQKxC4doneXVW
240,Bad Boy (with Young Thug),0.00215,0.697,0.674,0.0,0.138,-6.326,1,0.0533,81.535,4,0.198,35521353,America,43CIWpJaJHRcI4mUSjqgc2
241,"34+35 Remix (feat. Doja Cat, Megan Thee Stallion) - Remix",0.205,0.88,0.662,0.0,0.227,-5.766,1,0.304,109.988,4,0.726,14343310,America,3jjBPF4NDMCU51psU8JPpR
242,SO DONE,0.232,0.719,0.598,0.0,0.115,-6.254,1,0.077,142.592,4,0.303,19693363,America,2gqWRRCXnma9L8xQ1RdemQ
243,Masterpiece,0.0299,0.781,0.726,0.0,0.093,-4.213,1,0.0836,139.988,4,0.436,23231687,America,26UxwWl9xCb83OynXELJcL
244,Goosebumps - Remix,0.418,0.841,0.593,0.0,0.124,-7.846,1,0.0379,124.917,4,0.808,35386831,America,5uEYRdEIh9Bo4fpjDd4Na9
245,Daisy,0.235,0.834,0.663,0.0,0.372,-6.143,1,0.133,121.876,4,0.774,5782299,America,2g1KggY9PKvsoEAOaiz4xx
246,Vibez,0.241,0.643,0.671,0.0178,0.12,-7.45,1,0.0842,96.924,4,0.297,2114121,America,6T6D9CIrHkALcHPafDFA6L
247,"Dear Maria, Count Me In",0.00725,0.459,0.895,0.0,0.206,-3.126,1,0.0805,181.04,4,0.572,12289708,America,0JJP0IS4w0fJx01EcrfkDe
248,Adderall (Corvette Corvette) - Remix,0.217,0.921,0.718,0.0,0.189,-3.545,0,0.299,141.06,4,0.677,4934497,America,5RP2sGNT81pSfljW6TzIu7
249,oops!,0.0358,0.886,0.743,0.000198,0.0511,-6.797,0,0.0812,131.902,4,0.941,8310961,America,7L6G0wpIUiPXuvoo7qhb06
250,Wellerman,0.696,0.821,0.44,0.0,0.225,-7.378,1,0.271,96.563,4,0.822,1689107,America,3oUuRNgyIuiqVTWLCChp3s
251,Can You Feel My Heart,0.00201,0.15,0.859,0.194,0.387,-2.827,0,0.0595,170.527,5,0.354,6663312,America,0WSa1sucoNRcEeULlZVQXj
252,The Business,0.414,0.798,0.62,0.0192,0.112,-7.079,0,0.232,120.031,4,0.235,25552029,America,6f3Slt0GbA2bPZlz0aIFXN
253,Lie Lie Lie,0.00503,0.617,0.835,0.0,0.0793,-3.573,1,0.0923,101.005,4,0.835,1572254,America,1jOBlsvKhdqjZAlUAia4Qz
254,De Una Vez,0.211,0.666,0.452,0.000992,0.186,-7.096,0,0.265,163.694,4,0.0398,1527482,America,0HC6S4VpCGAZvyxTdrMRIQ
255,I Should Probably Go To Bed,0.634,0.721,0.277,0.0,0.112,-7.128,1,0.0365,131.935,4,0.309,1523833,America,5ovVcYo2MvjVydFwFyaaqy
256,GIRL LIKE ME,0.0194,0.964,0.486,0.04,0.0694,-8.891,1,0.188,124.058,4,0.318,16794553,America,2vBET2pmrQqafaS6zIaYta
257,You’re Mines Still (feat. Drake),0.317,0.575,0.609,0.0,0.105,-4.88,0,0.121,83.004,4,0.339,18903046,America,7E2C5rBLpCKwQlhJPVFBRS
258,Lo Vas A Olvidar (with ROSALÍA),0.721,0.343,0.243,0.00198,0.0668,-14.66,0,0.0777,135.154,4,0.032,6089510,America,0psS4i5YooJrXfDnGvWRLi
259,Skin,0.428,0.557,0.457,0.0,0.0567,-5.372,1,0.0335,105.918,4,0.328,9235243,America,03B2SfXuvDh1m9F4tqrX07
260,Opp Stoppa (feat. 21 Savage),0.00734,0.829,0.343,0.0,0.179,-4.937,0,0.102,78.035,4,0.312,21389775,America,59fFsGRwFiuhxKDPc1k6xW
261,Violent,0.331,0.797,0.755,2.26e-06,0.124,-5.393,1,0.0293,129.955,4,0.411,12094960,America,7CFfqRW50ffULvBv7lfIIg
262,Sky,0.258,0.785,0.903,0.0,0.169,-4.184,1,0.21,139.98,4,0.565,4640338,America,29TPjc8wxfz4XMn21O7VsZ
263,Throat Baby (Go Baby) (with DaBaby & City Girls) - Remix,0.0111,0.871,0.49,0.0,0.167,-8.087,0,0.287,131.996,4,0.392,9901430,America,1qzckO538IWjqa7eCQdSJ4
264,Buck 50,0.0309,0.656,0.537,0.0,0.104,-6.687,1,0.0706,144.04,4,0.15,1525482,America,7nD5MiXspW533xaREDma2N
265,Hope,0.661,0.592,0.457,0.000331,0.146,-6.081,0,0.0603,146.04,4,0.225,4404803,America,2ZRo7axmMPeSVUvDbGkJah
266,forget me too (feat. Halsey),0.000417,0.654,0.875,0.0086,0.194,-4.845,1,0.0744,99.975,4,0.522,4521010,America,1VSuFS7PahCN3SWbOcQ98m
267,Lifestyle (feat. Adam Levine),0.0209,0.749,0.674,0.0,0.169,-5.128,0,0.0366,123.055,4,0.711,1511392,America,0osvOdeD3YXZiWkT8MKolJ
268,Antes,0.046,0.817,0.737,1.57e-05,0.092,-5.453,0,0.102,93.985,4,0.67,1505688,America,73O30uMI7n6DuzBmbtO7kC
269,Take Me To Church,0.634,0.566,0.664,0.0,0.116,-5.303,0,0.0464,128.945,4,0.437,18937884,America,3dYD57lRAUcMHufyqn9GcI
270,Moonlight,0.556,0.921,0.537,0.00404,0.102,-5.723,0,0.0804,128.009,4,0.711,5895904,America,0JP9xo3adEtGSdUEISiszL
271,"Gravity (feat. Tyler, The Creator)",0.173,0.539,0.615,0.0056,0.144,-8.746,0,0.252,163.924,4,0.493,13289954,America,6u3CPnFMKANYgfdiifFOiJ
272,Baila Conmigo (with Rauw Alejandro),0.0221,0.824,0.545,0.00375,0.097,-7.127,1,0.0699,149.912,4,0.683,12037531,America,0D75ciM842cdUMKSMfAR9y
273,Finesse Out The Gang Way (feat. Lil Baby),0.213,0.738,0.885,0.0,0.098,-4.159,0,0.126,100.508,3,0.49,2380155,America,15bnyEOUVRkwWlxR4F7xzF
274,You (with Marshmello & Vance Joy),0.0493,0.668,0.563,0.0,0.119,-6.433,1,0.0522,103.116,4,0.305,3930517,America,1GkHyypTFkUf0QQKwYoXH4
275,Buss It,0.0593,0.956,0.502,0.0,0.238,-5.995,1,0.213,110.003,4,0.795,11658367,America,25j0Sape7qZbq6ZPLFefTT
276,Mr. Rager,0.38,0.675,0.734,0.895,0.141,-8.659,1,0.0265,101.998,4,0.533,1539060,America,2ncLdwTd8qzkxiJjlbiOgC
277,Bandaid On A Bullet Hole - Bonus,0.794,0.543,0.48,0.0,0.119,-6.745,1,0.0301,154.78,3,0.391,1537766,America,1RvoRAL612adAVrPUoAMHR
278,Onna Come Up (feat. G Herbo) [Remix],0.339,0.679,0.794,1.65e-05,0.113,-3.985,1,0.296,150.067,4,0.698,1494160,America,6bCWyr3C3ngZdwizTYWQTG
279,Bandido,0.122,0.713,0.617,0.0,0.0962,-4.637,1,0.0887,168.021,4,0.682,11890832,America,1xK1Gg9SxG8fy2Ya373oqb
280,bloody valentine,0.00021,0.533,0.858,0.0,0.148,-4.212,1,0.0766,160.057,4,0.506,1460854,America,6mADjHs6FXdroPzEGW6KVJ
281,The Hills,0.0671,0.585,0.564,0.0,0.135,-7.063,0,0.0515,113.003,4,0.137,22433226,America,7fBv7CLKzipRk6EC6TWHOB
282,Up,0.0012,0.868,0.795,0.0193,0.0461,-6.044,1,0.269,166.0,4,0.819,67652776,America,1M4OcYkxAtu3ErzSgDEfoi
283,Back In Blood (feat. Lil Durk),0.151,0.759,0.538,0.0,0.126,-8.256,0,0.384,146.933,4,0.831,41156452,America,7FGdjbZ32vMybPuP0IuE7d
284,GNF (OKOKOK),0.659,0.753,0.659,0.0,0.098,-9.671,1,0.416,146.022,4,0.459,5970944,America,1A8990rtwHQ417l3yADe5t
285,Starboy,0.141,0.679,0.587,6.35e-06,0.137,-7.015,1,0.276,186.003,4,0.486,10857802,America,7MXVkk9YMctZqd1Srtv4MB
286,In Your Eyes,0.00285,0.667,0.719,8.1e-05,0.0736,-5.371,0,0.0346,100.021,4,0.717,4040023,America,7szuecWAPwGoV1e5vGu8tl
287,Glad You Exist,0.235,0.748,0.551,0.0,0.119,-6.12,1,0.0349,103.953,4,0.66,11252322,America,472vIK1ldetTxRxG3ovaiY
288,Astronaut In The Ocean,0.175,0.778,0.695,0.0,0.15,-6.865,0,0.0913,149.996,4,0.472,2114416,America,3Ofmpyhv5UAQ70mENzB277
289,Heartless,0.0236,0.537,0.746,1.01e-06,0.156,-5.507,0,0.15,170.062,4,0.252,3454910,America,6bnF93Rx87YqUBLSgjiMU8
290,I Feel It Coming,0.426,0.773,0.819,0.0,0.0679,-5.946,0,0.118,92.99,4,0.585,6503303,America,5GXAXm5YOmYT0kL5jHvYBt
291,Roadtrip,0.316,0.459,0.581,0.0,0.124,-6.575,1,0.0713,176.195,4,0.49,1909963,America,4Agtk2MrapdZAVN7v6PuFO
292,Can't Feel My Face,0.113,0.705,0.769,0.0,0.105,-5.526,0,0.0425,107.949,4,0.583,3303149,America,22VdIZQfgXJea34mQxlt81
293,Time Today,0.044,0.909,0.617,0.0,0.233,-7.736,1,0.401,136.924,4,0.301,17990567,America,2bo0HCDcZj8BYjoht9zYgk
294,Earned It (Fifty Shades Of Grey),0.405,0.659,0.291,0.0,0.0771,-8.275,0,0.0348,119.829,3,0.406,3215994,America,4frLb7nWtsz2ymBE6k2GRP
295,Heartbreak Anniversary,0.524,0.449,0.465,1.02e-06,0.303,-8.964,1,0.0791,89.087,3,0.543,42862021,America,3FAJ6O0NOHQV8Mc5Ri6ENp
296,Call Out My Name,0.17,0.461,0.593,0.0,0.307,-4.954,1,0.0356,134.17,3,0.175,1652886,America,09mEdoA6zrmBPgTEN5qXmN
297,Die For You,0.111,0.586,0.525,0.0,0.134,-7.163,0,0.0615,133.629,4,0.508,1529014,America,2LBqCSwhJGcFQeTHMVGwy3
298,Provide (feat. Chris Brown & Mark Morrison),0.0165,0.652,0.803,0.0,0.307,-4.116,0,0.238,95.025,4,0.661,1495595,America,0tQmgwFKw9069z1BXniOiA
299,Do I Wanna Know?,0.186,0.548,0.532,0.000263,0.217,-7.596,1,0.0323,85.03,4,0.405,1477936,America,3rq5w4bQGigXOfdN30ATJt
300,Calling My Phone,0.451,0.907,0.393,1.35e-06,0.135,-7.636,0,0.0539,104.949,4,0.202,53634566,America,5Kskr9LcNYa0tpt5f0ZEJx
301,Love Story (Taylor’s Version),0.135,0.626,0.79,3.97e-06,0.0989,-4.302,1,0.0311,119.082,4,0.416,14899859,America,3CeCwYWvdfXbZLXFhBrbnf
302,We're Good,0.0319,0.722,0.588,0.0,0.183,-5.932,1,0.0544,134.01,4,0.59,25432787,America,1diS6nkxMQc3wwC4G1j0bh
303,Astronaut In The Ocean,0.175,0.778,0.695,0.0,0.15,-6.865,0,0.0913,149.996,4,0.472,45889158,America,3VT8hOC5vuDXBsHrR53WFh
304,What It Feels Like,0.032,0.46,0.733,1.65e-06,0.109,-4.579,0,0.13,89.669,4,0.0792,1907775,America,7iNGwN4yuxATUtv0qYXJ8Q
305,ROLLIN N CONTROLLIN FREESTYLE,0.0975,0.69,0.514,0.497,0.346,-11.81,0,0.328,72.791,4,0.307,18029241,America,1xqRKo0SDFDO5Jy8yEVD0X
306,telepatía,0.112,0.653,0.524,0.0,0.203,-9.016,0,0.0502,83.97,4,0.553,51040735,America,6tDDoYIxWvMLTdKpjFkc1B
307,Arcade,0.827,0.453,0.35,0.00122,0.144,-11.639,0,0.0425,72.017,3,0.279,18951452,America,1J14CdDAvBTE1AJYUOwl6C
308,F.N,0.354,0.567,0.515,0.0,0.078,-10.265,0,0.247,120.1,1,0.321,5902911,America,0RLLvYBopDwooCyvnTwgYu
309,Best Part (feat. Daniel Caesar),0.795,0.473,0.371,0.0,0.109,-10.219,0,0.0405,75.208,4,0.413,1437680,America,4OBZT9EnhYIV17t4pGw7ig
310,That Go! (feat. T-Shyne),0.00584,0.703,0.589,0.0,0.116,-6.193,1,0.0534,145.927,4,0.223,1431351,America,4X4cPQicoAfannkUFUXmi9
311,Pop Out (feat. Lil Tjay),0.15,0.772,0.639,0.0,0.0698,-7.119,1,0.467,168.112,4,0.261,5965362,America,6uFn47ACjqYkc0jADwEdj1
312,LOCATION,0.0433,0.772,0.758,0.0,0.295,-3.891,1,0.0482,115.977,4,0.654,1412901,America,5Km4r87BoX2qqtoprYS1gh
313,Jealous,0.00498,0.474,0.91,0.859,0.476,-10.431,0,0.0462,93.01,4,0.745,1410053,America,5KbTBSGUvgDg75gIVhUaAW
314,Whoopty,0.2,0.719,0.648,0.0,0.127,-7.6,0,0.125,140.201,4,0.66,27605798,America,1t9WgS8FN0534tLBRwbaxO
315,test drive,0.0251,0.698,0.708,0.0,0.124,-4.943,0,0.0454,115.036,4,0.322,5962784,America,3eZYOQO4UzKrUDYDghtnFw
316,CLOUDS,0.371,0.793,0.65,0.0,0.854,-3.944,1,0.397,128.111,4,0.809,4524032,America,5UMMPHPp6vRP6ghPpSUOzp
317,CHICKEN TENDIES,0.358,0.57,0.689,0.0,0.0819,-6.242,1,0.147,100.087,4,0.568,7600870,America,0awuNCj9gwJEM0seER22DW
318,"34+35 Remix (feat. Doja Cat, Megan Thee Stallion) - Remix",0.211,0.659,0.662,0.0,0.228,-5.768,1,0.434,109.957,4,0.704,7350013,America,2sQH02O2HBCPJCztBrCWNa
319,SugarCrash!,0.53,0.745,0.74,7.37e-05,0.0936,-6.558,1,0.097,97.735,4,0.36,7119809,America,3FxPbp05KjMBa4HbhAJTH0
320,PILL BREAKER (feat. blackbear & Machine Gun Kelly),0.016,0.527,0.79,0.0,0.37,-6.268,1,0.0788,153.034,3,0.236,1652441,America,7jjnn6K7p5MgOFuqLypAcM
321,"Go Crazy (Remix) (feat. Young Thug, Future, Lil Durk & Mulatto)",0.248,0.721,0.565,0.0,0.284,-9.157,0,0.28,93.8,4,0.597,1648580,America,1Jz1yhcPm1Yt6aoed3zact
322,motive (with Doja Cat),0.0681,0.789,0.742,0.0,0.166,-5.664,0,0.0652,116.965,4,0.661,1639013,America,5GkQIP5mWPi4KZLLXeuFTT
323,Redbone,0.167,0.743,0.347,0.00951,0.103,-11.174,1,0.121,160.143,4,0.572,9324575,America,0wXuerDYiBnERgIpbb3JBR
324,Burning Pile,0.0633,0.516,0.755,0.00103,0.107,-3.724,1,0.0383,140.099,4,0.165,7667026,America,0zMAvsQmaQ4DGsmXtKixpn
325,worst behavior,0.37,0.726,0.667,0.0,0.118,-5.956,0,0.0617,100.053,4,0.434,1485006,America,6KIKaWKE9wV6mLjho3w61y
326,See You Again (feat. Kali Uchis),0.371,0.558,0.559,7.49e-06,0.109,-9.222,1,0.0959,78.558,4,0.62,7457581,America,7KA4W4McWYRpgf0fWsJZWB
327,Hit Bout It,0.0779,0.631,0.72,0.00737,0.135,-5.262,1,0.0617,180.899,4,0.123,1450214,America,6SN1H9p6A0UbsNpfkxEEX6
328,Ric Flair Drip (& Metro Boomin),0.149,0.88,0.428,5.07e-05,0.114,-8.28,1,0.206,100.007,4,0.333,10428465,America,7sO5G9EABYOXQKNPNiE9NR
329,Murder On My Mind,0.145,0.759,0.73,3.06e-06,0.11,-7.985,0,0.0516,115.007,4,0.74,5929682,America,7eBqSVxrzQZtK2mmgRG6lC
330,Cigarette Daydreams,0.0822,0.638,0.668,0.0,0.0815,-3.442,1,0.0259,113.945,4,0.299,9347386,America,6EThJr4Dq1Y93JspecGU2F
331,Only Wanna Be With You - Pokémon 25 Version,0.00124,0.47,0.709,0.00121,0.302,-4.563,1,0.0299,98.036,4,0.247,3062742,America,3SawmGBjjq8EOYZJV11cJm
332,AP - Music from the film Boogie,0.152,0.751,0.744,0.000568,0.252,-6.859,1,0.177,148.014,4,0.634,8190773,America,17vGPZ5EsdvtgAOCD4FLWI
333,Beat Box 3 (feat. DaBaby),0.0765,0.853,0.426,0.0,0.104,-6.812,1,0.374,160.051,4,0.201,19238178,America,6toQdWWc4noiOk3Eo5mVDS
334,Hot N*gga,0.0505,0.794,0.51,1.81e-06,0.0562,-7.314,1,0.42,167.879,4,0.18,1604785,America,19gEmPjfqSZT0ulDRfjl0m
335,Talk To Me,0.24,0.773,0.281,0.0,0.112,-9.781,1,0.11,102.019,4,0.465,1584190,America,3Kwdm0iLyEiRB8InsZoo6n
336,when the party's over,0.978,0.367,0.111,3.97e-05,0.0897,-14.084,1,0.0972,82.642,4,0.198,6061405,America,43zdsphuZLzwA9k4DJhU0I
337,The Spins,0.0135,0.794,0.766,0.0,0.0785,-3.894,0,0.0377,127.007,4,0.55,11423025,America,51pshtuYkgUQnt5huMPbKL
338,Big Gangsta,0.519,0.879,0.574,8.76e-06,0.144,-5.602,0,0.391,144.911,4,0.346,8313229,America,2HYvkdq6lpFXkVz9Tfqi8r
339,Day 'N' Nite (Nightmare),0.462,0.88,0.443,7.13e-06,0.122,-6.359,0,0.0653,138.018,4,0.803,9291696,America,60PAzFNW3vAiAiVK6DRJfB
340,Everybody Talks,0.00301,0.471,0.924,0.0,0.313,-3.906,1,0.0586,154.961,4,0.725,10955047,America,2iUmqdfGZcHIhS3b9E9EWq
341,Don't Stop Believin',0.127,0.5,0.748,0.0,0.447,-9.072,1,0.0363,118.852,4,0.514,8992200,America,4bHsxqR3GMrXTxEPLuK5ue
342,My Head & My Heart,0.0697,0.614,0.934,0.0,0.121,-3.709,0,0.07,116.001,4,0.436,11187323,America,1KixkQVDUHggZMU9dUobgm
343,What’s Next,0.0136,0.781,0.594,0.0,0.162,-6.959,0,0.0485,129.895,4,0.0628,44099245,America,3aQem4jVGdhtg116TmJnHz
344,Wants and Needs (feat. Lil Baby),0.0618,0.578,0.449,2.17e-06,0.119,-6.349,1,0.286,136.006,4,0.1,39137919,America,65OVbaJR5O1RmwOQx0875b
345,Lemon Pepper Freestyle (feat. Rick Ross),0.103,0.77,0.637,0.0,0.171,-5.53,1,0.345,94.966,4,0.431,22943242,America,4FRW5Nza1Ym91BGV4nFWXI
346,Leave The Door Open,0.182,0.586,0.616,0.0,0.0927,-7.964,1,0.0324,148.088,4,0.719,39735271,America,7MAibcTli4IisCtbHKrGMh
347,Hold On,0.0106,0.658,0.634,0.0,0.132,-5.797,0,0.0413,139.98,4,0.29,9392026,America,4u4NyuceXP7Uzh7XFJKCr1
348,Real As It Gets (feat. EST Gee),0.00471,0.779,0.705,0.0,0.0971,-5.891,0,0.163,140.005,4,0.196,13475755,America,7eX3um6NpOQKWJMGCi97XD
349,Life's A Mess II (with Clever & Post Malone),0.806,0.53,0.37,0.0,0.112,-9.989,1,0.0279,140.061,4,0.701,4500175,America,4O3RwH1TFG1EjPezLIYehI
350,Selfish Love (with Selena Gomez),0.0206,0.723,0.646,0.352,0.0994,-7.973,0,0.102,110.971,4,0.443,2452735,America,3XoflnowYPFRPOh3uFvHcm
351,Cupid's Chokehold / Breakfast in America,0.237,0.72,0.744,0.0,0.255,-6.938,0,0.12,78.953,4,0.619,14648373,America,2Lhdl74nwwVGOE2Gv35QuK
352,Batman,0.0754,0.893,0.565,0.0,0.0375,-4.74,1,0.268,81.009,4,0.808,9539331,America,1xMvdOFQaql3EBkHmuh2TK
353,The Good Ones,0.18,0.519,0.552,0.0,0.149,-5.023,1,0.0259,89.957,4,0.331,3154194,America,3hLuHKzG1cmlRpq53ZVWd8
354,Thugged Out (feat. Kodak Black),0.171,0.72,0.597,0.0,0.17,-6.501,1,0.217,150.138,4,0.367,1575779,America,1rICTKr67UUnoDVvOj4A8c
355,Stay Next To Me (with Chelsea Cutler),0.0805,0.581,0.584,0.0,0.366,-4.928,1,0.284,179.954,4,0.756,1542751,America,7kTlHVCARylJAqm40yVoWE
356,Going Bad (feat. Drake),0.259,0.889,0.496,0.0,0.252,-6.365,0,0.0905,86.003,4,0.544,1492999,America,2IRZnDFmlqMuOrYOLnZZyc
357,Street Runner,0.211,0.613,0.61,0.000361,0.152,-8.633,0,0.246,160.004,4,0.433,5201518,America,45kgqMRkC29qjBlzeaJcad
358,DAYWALKER! (feat. CORPSE),0.00558,0.632,0.922,1.81e-05,0.0927,-2.173,1,0.0794,88.972,4,0.497,8076208,America,2NnJpRXIlx35Vij3bPZO0h
359,SugarCrash!,0.524,0.748,0.734,1.15e-05,0.0975,-6.499,1,0.124,97.753,4,0.368,10417323,America,2ePtv8MlBO9nuuXABqAfEX
360,LOST,0.352,0.637,0.912,0.0,0.0657,-3.123,1,0.308,116.919,4,0.451,3997601,America,2MZrOmrVxRmmOoFW6dhenG
361,On The Ground,0.0174,0.311,0.607,0.0,0.131,-6.578,1,0.11,188.7,4,0.286,5904499,America,2pn8dNVSpYnAtlKFC8Q0DJ
362,Baila Conmigo (with Rauw Alejandro),0.0215,0.823,0.544,0.00315,0.0966,-7.132,1,0.0715,149.903,4,0.664,3601237,America,079Ey5uxL04AKPQgVQwx5h
363,Cloud 9,0.00167,0.637,0.929,2.62e-05,0.344,-3.593,1,0.0491,80.974,4,0.902,11628147,America,6vFsBXYczYsP0H3lgunZOm
364,Like I Want You,0.759,0.678,0.355,7.06e-05,0.114,-7.757,0,0.0627,119.772,3,0.438,1614289,America,6qBFSepqLCuh5tehehc1bd
365,Beautiful Mistakes (feat. Megan Thee Stallion),0.0377,0.713,0.676,0.0,0.154,-5.483,1,0.027,99.048,4,0.721,12878166,America,6fRxMU4LWwyaSSowV441IU
366,Follow You,0.00209,0.542,0.732,7.92e-05,0.496,-5.956,1,0.0521,124.912,4,0.489,3343751,America,7FdUvDkaE24o3FPIWTvzv2
367,Peaches (feat. Daniel Caesar & Giveon),0.321,0.677,0.696,0.0,0.42,-6.181,1,0.119,90.03,4,0.464,47824847,America,4iJyoBOLtHqaGxP12qzhQI
368,As I Am (feat. Khalid),0.127,0.595,0.543,0.0,0.0975,-8.149,1,0.038,99.928,4,0.109,18601175,America,6F2r4HgpJnvKDmkN6JEN6J
369,Hold On,0.0104,0.658,0.634,0.0,0.12,-6.068,0,0.0431,140.002,4,0.302,20276923,America,1nahzW3kfMuwReTka28tH5
370,Anyone,0.185,0.685,0.521,3.59e-06,0.111,-8.285,1,0.0345,115.885,4,0.578,14336139,America,2WnAKZefdRHxtBEkRjFOHC
371,Holy (feat. Chance The Rapper),0.2,0.67,0.693,0.0,0.0909,-8.34,1,0.35,87.017,4,0.388,13949428,America,6Xgq7MvZiet0hVi3KaDSgJ
372,Unstable (feat. The Kid LAROI),0.737,0.495,0.333,0.0,0.112,-10.109,0,0.0288,99.757,4,0.37,8835861,America,137mSruegm1u6x9NvwiagR
373,Off My Face,0.92,0.509,0.228,0.0,0.104,-8.68,1,0.0332,90.674,4,0.586,8570847,America,3T03rPwlL8NVk1yIaxeD8U
374,Headshot (feat. Polo G & Fivio Foreign),0.0758,0.809,0.638,0.0,0.15,-7.268,0,0.257,117.982,4,0.392,8169116,America,6cQ08IpBxxfGcSKxqE3NmB
375,Ghost,0.185,0.601,0.741,2.91e-05,0.415,-5.569,1,0.0478,153.96,4,0.441,8539265,America,6I3mqTwhRpn34SLVafSH7G
376,2 Much,0.593,0.583,0.444,0.0,0.353,-8.601,1,0.0456,119.59,4,0.167,6068817,America,0oaY19dUwZimIgzn3ZZLZO
377,Deserve You,0.0314,0.677,0.633,0.0,0.112,-7.831,1,0.0771,89.934,4,0.409,5912895,America,5NU40QTlXrDUJzDBdv79bg
378,Die For You (feat. Dominic Fike),0.00196,0.728,0.629,1.94e-06,0.0847,-6.629,1,0.0318,135.031,4,0.71,5785591,America,7aely3H8kMj9o0gt6vXHE1
379,Lonely (with benny blanco),0.9,0.619,0.241,0.0,0.116,-7.102,0,0.046,79.461,4,0.0719,9801092,America,3S8jK1mGzQi24ilFb45DAZ
380,Love You Different (feat. BEAM),0.0652,0.759,0.584,1.59e-06,0.16,-6.655,1,0.06,127.138,4,0.374,5350068,America,27UcQ6dAvQrgH9C880rCM3
381,Loved By You (feat. Burna Boy),0.0696,0.79,0.724,2.33e-06,0.113,-6.972,1,0.0852,101.04,4,0.642,5164575,America,2tB9OFgAHjAds3cqquLlvp
382,Somebody,0.000284,0.551,0.756,9.48e-05,0.118,-7.679,1,0.045,75.991,4,0.359,4840093,America,3buwFfY33H32wfZ6X9poV3
383,Moonwalking in Calabasas (feat. Blueface) - Remix,0.103,0.925,0.322,0.0,0.137,-9.8,0,0.112,129.957,4,0.712,5175711,America,73xjJ1TIE6WP3HNKczQE4F
384,Please Don't Go,0.00236,0.698,0.879,0.119,0.129,-3.928,0,0.0306,120.018,4,0.645,5338884,America,3wkKkFAtYSTRwqOydW6T0I
385,White Dress,0.926,0.493,0.263,0.0,0.0879,-12.805,1,0.0351,122.792,4,0.158,1826067,America,4Hl9rOqYomojCmxYfr25im
386,MLK Interlude,0.386,0.649,0.429,0.0,0.311,-8.428,0,0.468,100.389,3,0.426,1784081,America,680qLWCMRfR6evrNNBCE9e
387,Track Star,0.381,0.641,0.598,0.0,0.0921,-5.7,0,0.324,131.459,5,0.285,7711231,America,5hChuUMe5iHfjkXgzj1D4b
388,Talking to the Moon,0.512,0.523,0.606,0.0,0.106,-4.754,0,0.0301,145.837,4,0.065,7510711,America,161DnLWsx1i3u1JT05lzqU
389,Te Acuerdas,0.0871,0.84,0.692,0.0154,0.251,-2.182,1,0.0689,89.991,4,0.597,1540923,America,2gzOFnP4J0AytvaPd86Rhm
390,Chemtrails Over The Country Club,0.877,0.334,0.276,0.000249,0.113,-13.125,0,0.0643,201.025,3,0.429,1505905,America,7bPWdJgx8vek7S5i5yAtvG
391,MONTERO (Call Me By Your Name),0.297,0.61,0.508,0.0,0.384,-6.682,0,0.152,178.818,4,0.758,27306532,America,3BZEcbdtXQSo7OrvKRJ6mb
392,You All Over Me (feat. Maren Morris) (Taylor’s Version) (From The Vault),0.818,0.589,0.496,0.0,0.101,-7.606,1,0.0377,142.731,4,0.44,7170384,America,5pcjystBtalYeqaiXCcgEY
393,Richer (feat. Polo G),0.438,0.726,0.411,0.0,0.087,-12.929,1,0.0671,137.905,3,0.734,10792295,America,7HsjuVBM93Z2RoxjpWLgTT
394,Mood (feat. iann dior),0.174,0.701,0.716,0.0,0.324,-3.671,0,0.0361,91.007,4,0.732,11004407,America,4jPy3l0RUwlUI9T5XHBW2m
395,Street Runner,0.211,0.613,0.61,0.000361,0.152,-8.633,0,0.246,160.004,4,0.433,8561950,America,3JYxIozjRsvEmHrIvfFhud
396,Tombstone,0.597,0.55,0.637,0.0,0.129,-5.212,1,0.163,84.448,4,0.535,8504895,America,5pRTz4O2qOkr5nawemy6Wb
397,Bang!,0.0183,0.74,0.517,0.0,0.0558,-6.233,0,0.0506,139.917,4,0.698,7397856,America,5FQPpxOXsvkMN6v18gtpwY
398,JUST LIKE YOU,0.489,0.775,0.757,0.0,0.28,-4.607,0,0.228,140.044,4,0.541,2358328,America,7tTRFVlFzk6yTnoMcParmi
399,Big Gangsta,0.519,0.879,0.574,8.76e-06,0.144,-5.602,0,0.391,144.911,4,0.346,6236709,America,03ERnTvSV5fy8WAyvA4uNP
400,Opp Stoppa (feat. 21 Savage),0.00718,0.829,0.343,0.0,0.172,-4.962,1,0.0982,78.061,4,0.309,6267175,America,78p1rF7xx1snnaKxtUzBHn
401,JETSKI (feat. Lil Mosey & Lil Tecca),0.0253,0.883,0.446,0.0,0.103,-8.723,0,0.296,92.95,4,0.463,3767516,America,2vl0D1b0M6UHlD1Fjh5j1m
402,LOST,0.352,0.637,0.912,0.0,0.0657,-3.123,1,0.308,116.919,4,0.451,2027120,America,1PTVGdcYyLFnJKVOkaxQWj
403,CLOUDS,0.373,0.788,0.652,0.0,0.755,-3.931,1,0.405,128.108,4,0.812,1934998,America,1mvI5pGoh84IiFSbWxEkGH
404,Hard For The Next (with Future),0.0352,0.619,0.573,0.0,0.228,-7.277,1,0.393,175.187,3,0.376,1694762,America,2D6vfFZxQ5YzPPBODls1a9
405,Company (feat. Future),0.447,0.831,0.727,0.0,0.111,-3.657,0,0.169,125.068,4,0.703,5123601,America,3JVTsvTldB6arHVlmxmTnM
406,Lifetime,0.771,0.48,0.274,0.0,0.114,-7.083,1,0.0317,179.637,3,0.332,1621275,America,10Z9RbwrTbQ0gQeNRJ2dC1
407,TRUST,0.138,0.746,0.884,0.0,0.146,-3.348,0,0.33,140.1,4,0.664,1614501,America,2FSVMyqLldC36p0deIYvI9
408,3 O'Clock Things,0.0318,0.694,0.525,0.0,0.217,-8.619,1,0.0806,93.978,4,0.348,1603550,America,0hxRyDVC61KlZGS6m2Min4
409,Star Shopping,0.125,0.357,0.45,0.00782,0.112,-11.363,1,0.0987,93.107,4,0.3,1580149,America,0DNv3QYWibdoxgyLykB2l8
410,THAT'S A JOKE,0.599,0.788,0.933,0.0,0.685,-2.664,1,0.298,139.016,4,0.6,1571396,America,27a0ydWvFCt4jgl9m61lS1
411,Slumber Party (feat. Princess Nokia),0.00151,0.964,0.398,3.95e-05,0.101,-8.981,0,0.0795,105.012,4,0.563,5185858,America,11ZulcYY4lowvcQm4oe3VJ
412,DRIFTING,0.405,0.692,0.721,0.0,0.0773,-3.244,0,0.389,168.084,4,0.496,1554976,America,2hRlHXzOf14ArYmOPeAXsa
413,SoulFly,0.211,0.498,0.517,0.0,0.339,-11.403,0,0.262,109.716,5,0.405,1531341,America,31IfCad1R5g6xqsfdrKwnE
414,LAYERS,0.213,0.659,0.689,0.0,0.0791,-5.129,0,0.449,124.934,4,0.61,1512470,America,7ipUYshiPzzUs9EdeOsBFO
415,STORY,0.645,0.528,0.854,0.0,0.617,-3.94,1,0.532,179.835,3,0.512,1487387,America,7HiIy4QaA5ud7ZuuyBysKk
416,deja vu,0.593,0.439,0.61,1.07e-05,0.341,-7.236,1,0.116,181.088,4,0.172,17376190,America,61KpQadow081I2AsbeLcsb
417,Calling My Phone,0.451,0.907,0.393,1.35e-06,0.135,-7.636,0,0.0539,104.949,4,0.202,12504529,America,3J8EOeKLTLXORtWPpOU5bE
418,Headshot (feat. Polo G & Fivio Foreign),0.0802,0.808,0.639,0.0,0.15,-7.266,0,0.279,118.0,4,0.395,9005353,America,4eNOLmx8r2IJAVKvBBL1jv
419,Met Him Last Night (feat. Ariana Grande),0.22,0.538,0.512,0.0,0.101,-4.548,0,0.0262,144.978,4,0.12,7649754,America,4yyX2Iu4xJjW9xMvBZKSBi
420,Run It Up (feat. Offset & Moneybagg Yo),0.415,0.88,0.575,0.0,0.109,-6.091,1,0.163,120.031,4,0.671,6542971,America,1dg3qy5DjoJodawfOCgrTP
421,Mr. Perfectly Fine (Taylor’s Version) (From The Vault),0.167,0.661,0.819,0.0,0.0647,-6.269,0,0.0519,135.937,4,0.724,2672685,America,7l2tmgUhV7Y2aJHjiszifg
422,Dancing With The Devil,0.273,0.413,0.64,0.0,0.11,-5.811,1,0.0427,75.245,4,0.149,2002430,America,0VQ3GSPdl4njPOr3lyaoaD
423,Fiel,0.407,0.849,0.701,0.0,0.112,-4.407,0,0.06,98.005,4,0.505,4102072,America,7Bk0uXKk1uPT0XuQbpFzvs
424,Cigarette Daydreams,0.0807,0.636,0.676,0.0,0.0831,-3.442,1,0.0263,113.98,4,0.273,3185976,America,0lkQOB949M2gLyut86aJ1b
425,What Other People Say,0.158,0.652,0.472,0.0,0.121,-8.084,1,0.0399,126.904,4,0.24,1623446,America,2h9TDNEXRhcDIV3fsoEVq9
426,4 Da Gang (with Roddy Ricch),0.0143,0.871,0.545,0.0,0.148,-10.489,1,0.189,100.482,4,0.722,4117982,America,4KIkADzoVm3A10E9qyjsQ5
427,Classic,0.0384,0.72,0.791,0.0,0.157,-4.689,1,0.124,102.071,4,0.756,1442228,America,6FE2iI43OZnszFLuLtvvmg
428,When It Rains It Pours,0.013,0.551,0.801,6.03e-06,0.265,-5.069,1,0.0303,128.027,4,0.625,1429916,America,1mMLMZYXkMueg65jRRWG1l
429,"More Than A Woman - From ""Saturday Night Fever"" Soundtrack",0.175,0.601,0.703,8.4e-05,0.571,-6.24,1,0.0379,106.164,4,0.673,1427030,America,2cX2coZS1PYBfPs8wgbdWE
430,RAPSTAR,0.41,0.789,0.536,0.0,0.129,-6.862,1,0.242,81.039,4,0.437,16256724,America,43PGPuHIlVOc04jrZVh9L6
431,MONTERO (Call Me By Your Name),0.297,0.61,0.508,0.0,0.384,-6.682,0,0.152,178.818,4,0.758,13250956,America,67BtfxlNbhBmCDR2L2l8qd
432,Kiss Me More (feat. SZA),0.235,0.762,0.701,0.000158,0.123,-3.541,1,0.0286,110.968,4,0.742,9214644,America,748mdHapucXQri7IAO8yFK
433,Mr. Perfectly Fine (Taylor’s Version) (From The Vault),0.162,0.66,0.817,0.0,0.0667,-6.269,0,0.0521,135.942,4,0.714,7348585,America,2CYVETnhM9aytqrazYYwrK
434,Love Story (Taylor’s Version),0.13,0.627,0.792,3.97e-06,0.0845,-4.311,1,0.031,119.054,4,0.415,5008901,America,6YvqWjhGD8mB5QXcbcUKtx
435,Fearless (Taylor’s Version),0.0122,0.569,0.741,0.0,0.333,-4.963,1,0.0282,100.118,4,0.43,4718031,America,77sMIMlNaSURUAXq5coCxE
436,You Belong With Me (Taylor’s Version),0.0623,0.632,0.773,0.0,0.0885,-4.856,1,0.0346,130.033,4,0.474,4386661,America,1qrpoAMXodY6895hGKoUpA
437,The Way I Loved You (Taylor’s Version),0.0033,0.402,0.732,0.0,0.108,-4.665,1,0.0484,161.032,4,0.472,3923943,America,22bPsP2jCgbLUvh82U0Z3M
438,Fifteen (Taylor’s Version),0.116,0.559,0.646,0.0,0.32,-4.61,1,0.0272,95.466,4,0.289,3907269,America,2nqio0SfWg6gh2eCtfuMa5
439,Hey Stephen (Taylor’s Version),0.106,0.788,0.571,0.0,0.0934,-6.135,1,0.0296,115.99,4,0.797,3749326,America,550erGcdD9n6PnwxrvYqZT
440,X Gon' Give It To Ya,0.0135,0.761,0.899,0.0,0.0719,-3.09,0,0.183,95.027,4,0.673,3724103,America,1zzxoZVylsna2BQB65Ppcb
441,You All Over Me (feat. Maren Morris) (Taylor’s Version) (From The Vault),0.816,0.599,0.494,0.0,0.101,-7.61,1,0.0372,142.893,4,0.44,3501040,America,4CHpVfAhuxNJ3ibExe6kxO
442,White Horse (Taylor’s Version),0.369,0.423,0.517,0.0,0.177,-7.377,1,0.0486,185.262,4,0.366,3492637,America,5YL553x8sHderRBDlm3NM3
443,Forever & Always (Taylor’s Version),0.0231,0.598,0.821,0.0,0.143,-4.433,1,0.0447,128.03,4,0.673,3434413,America,1msEuwSBneBKpVCZQcFTsU
444,Ruff Ryders' Anthem,0.0564,0.88,0.577,1.02e-06,0.201,-8.093,0,0.302,90.991,4,0.74,3337638,America,1BKT2I9x4RGKaKqW4up34s
445,Breathe (feat. Colbie Caillat) (Taylor’s Version),0.156,0.506,0.626,0.0,0.228,-6.066,1,0.0287,148.035,4,0.321,3174391,America,7HC7R2D8WjXVcUHJyEGjRs
446,Shy Away,0.000818,0.588,0.856,0.0739,0.238,-5.242,0,0.0316,96.966,4,0.635,3101958,America,2z0IupRlVRlDN5r2IVqHyN
447,That’s When (feat. Keith Urban) (Taylor’s Version) (From The Vault),0.225,0.588,0.608,0.0,0.092,-7.062,1,0.0365,90.201,4,0.508,3083215,America,7eResoqEJJAVTkQYSqvO3P
448,Tell Me Why (Taylor’s Version),0.0222,0.578,0.909,0.0,0.333,-3.669,1,0.0628,100.023,4,0.541,3006973,America,0k0vFacOHNuArLWMiH60p7
449,You’re Not Sorry (Taylor’s Version),0.0538,0.506,0.444,0.0,0.123,-4.99,1,0.0285,133.873,4,0.241,2991039,America,6iiAfo4wTA2CVC3Uwx9uh8
450,Don’t You (Taylor’s Version) (From The Vault),0.514,0.563,0.473,1.2e-05,0.109,-11.548,1,0.0503,101.934,4,0.405,2730176,America,4uuEGH5SVuzkkSFjo2DEiY
451,We Were Happy (Taylor’s Version) (From The Vault),0.849,0.609,0.373,0.0,0.0779,-8.819,1,0.0263,106.007,4,0.13,2715314,America,34V9RiEPe8MNdU32qJsJa1
452,The Best Day (Taylor’s Version),0.488,0.642,0.576,0.0,0.159,-8.524,1,0.0282,125.0,4,0.469,2565608,America,6ON9UuIq49xXY9GPmHIYRp
453,Otra Noche Sin Ti,0.0751,0.503,0.548,0.000234,0.145,-7.564,0,0.164,94.036,4,0.441,2564483,America,2CdTLdDjwZdVcm0bresVWx
454,Change (Taylor’s Version),0.000191,0.499,0.815,0.0,0.181,-4.063,1,0.0341,95.999,4,0.344,2454766,America,3ExweHKZF9B752DPQByRVT
455,Party Up,0.0738,0.51,0.931,0.0,0.5,-3.302,1,0.347,201.936,4,0.53,2440602,America,0LWkaEyQRkF0XAms8Bg1fC
456,Jump Then Fall (Taylor’s Version),0.0474,0.572,0.69,0.0,0.0897,-6.201,1,0.0358,160.111,4,0.624,2427849,America,2m3ObD945KvpE5y9A1eUWm
457,Bye Bye Baby (Taylor’s Version) (From The Vault),0.334,0.624,0.624,0.0,0.0995,-7.86,1,0.0539,80.132,4,0.527,2391565,America,4qUijfYU8EoIWiY6oSyrgT
458,Forever & Always (Piano Version) (Taylor’s Version),0.819,0.546,0.273,0.0,0.137,-9.208,1,0.0308,118.753,4,0.271,2354619,America,01QdEx6kFr78ZejhQtWR5m
459,Today Was A Fairytale (Taylor’s Version),0.0135,0.482,0.779,0.0,0.296,-5.025,1,0.0409,158.162,4,0.328,2332313,America,2JoJrsEV15OzbijS47lids
460,Untouchable (Taylor’s Version),0.0181,0.393,0.531,0.0,0.169,-6.112,1,0.0329,200.391,4,0.224,2276341,America,0tQ9vBYpldCuikPsbgOVKA
461,Where The Hood At,0.151,0.537,0.948,0.0,0.356,-3.063,1,0.355,186.151,4,0.792,2184825,America,6RUpJeXT6U4SPEafnr9Wr7
462,Whipski (feat. Lil Skies & Internet Money),0.268,0.841,0.545,0.0,0.25,-8.013,1,0.222,94.528,4,0.305,2114019,America,0a2Yk4ORO4MsGaJ4DI03qx
463,Come In With The Rain (Taylor’s Version),0.0406,0.476,0.564,0.0,0.102,-5.677,1,0.0269,143.929,4,0.167,2102529,America,1n2wszmJyVkw6FHqyLnQsY
464,The Other Side Of The Door (Taylor’s Version),0.0279,0.432,0.873,0.0,0.167,-4.367,1,0.0577,163.936,4,0.629,2044603,America,1cSFlSBdpT4F5vb1frQ231
465,Superstar (Taylor’s Version),0.157,0.454,0.555,0.0,0.343,-6.69,1,0.0283,171.862,4,0.171,1950667,America,51A8eKvvZz9uydvIZ7xRSV
466,Runaway,0.629,0.422,0.302,7.83e-05,0.104,-9.214,1,0.0372,114.089,4,0.123,1867276,America,1v1oIWf2Xgh54kIWuKsDf6
467,BANKROLL (feat. A$AP Rocky & A$AP Ferg),0.0818,0.784,0.539,0.0,0.106,-8.938,0,0.274,149.059,4,0.576,1850721,America,3MK6OsCb4VJGdPxvXjW8Q9
468,Show Me Up,0.155,0.674,0.453,1.21e-06,0.0933,-10.293,0,0.0612,128.107,4,0.22,1747197,America,3BGppswSnFNGUSFiJ6rj4n
469,BIG PURR (Prrdd) (feat. Pooh Shiesty),0.026,0.774,0.412,0.0,0.088,-8.619,1,0.378,139.943,4,0.38,1662539,America,5byWPNSh2hi0ULmDxBgLyV
470,Slippin',0.0421,0.475,0.576,0.0,0.933,-8.061,0,0.397,87.33,4,0.555,1572078,America,740gNyGWKk98gy8nJLhHrv
471,Bubblegum Bitch,0.000219,0.495,0.856,0.0,0.103,-5.123,0,0.0311,158.024,4,0.609,1508386,America,1yOL7ZiXGx5ULeLoktAUAg
