,name,acousticness,danceability,energy,instrumentalness,liveness,loudness,mode,speechiness,tempo,time_signature,valence,streams,country,id
0,Mood (feat. iann dior),0.221,0.7,0.722,0.0,0.272,-3.558,0,0.0369,90.989,4,0.756,12305345,Australia,3tjFYV6RSFtuktYl3ZtYcq
1,positions,0.468,0.737,0.802,0.0,0.0931,-4.771,1,0.0878,144.015,4,0.682,10363777,Australia,35mvY5S1H3J2QZyna3TFe0
2,Head & Heart (feat. MNEK),0.168,0.734,0.874,1.14e-05,0.0489,-3.158,1,0.0662,122.953,4,0.905,12353804,Australia,6cx06DFPPHchuUAcTxznu9
3,SO DONE,0.232,0.719,0.598,0.0,0.115,-6.254,1,0.077,142.592,4,0.303,2074437,Australia,3qgPpwtuRu5oP8EtFSj8HE
4,Levitating (feat. DaBaby),0.00883,0.702,0.825,0.0,0.0674,-3.787,0,0.0601,102.977,4,0.915,13598762,Australia,5nujrmhLynf4yMoMtj8AQF
5,Anyone,0.181,0.686,0.538,3.13e-06,0.113,-8.026,1,0.0345,115.884,4,0.584,9779530,Australia,31qCy5ZaophVA81wtlwLc4
6,34+35,0.237,0.83,0.585,0.0,0.248,-6.476,1,0.094,109.978,4,0.485,8733920,Australia,6Im9k8u9iIzKMrmV7BWtlF
7,Whoopty,0.2,0.719,0.648,0.0,0.127,-7.6,0,0.125,140.201,4,0.66,5540201,Australia,5vGLcdRuSbUhD8ScwsGSdA
8,What You Know Bout Love,0.65,0.709,0.548,1.59e-06,0.133,-8.493,1,0.353,83.995,4,0.543,9446665,Australia,1tkg4EHVoqnhR6iFEXb60y
9,Afterglow,0.698,0.641,0.324,0.0,0.328,-5.851,1,0.0299,110.184,4,0.273,8529176,Australia,0E4Y1XIbs8GrAT1YqVy6dq
10,Blinding Lights,0.00146,0.514,0.73,9.54e-05,0.0897,-5.934,1,0.0598,171.005,4,0.334,11454141,Australia,0VjIjW4GlUZAMYd2vXMi3b
11,Therefore I Am,0.218,0.889,0.34,0.13,0.055,-7.773,0,0.0697,94.009,4,0.716,8911122,Australia,54bFM56PmE4YLRnqpW6Tha
12,you broke me first,0.785,0.667,0.373,0.0,0.0906,-9.389,1,0.05,124.148,4,0.0823,10235143,Australia,45bE4HXI0AwGZXfZtMp8JR
13,Fly Away,0.217,0.806,0.513,0.0,0.217,-6.208,1,0.0685,124.988,4,0.503,10688235,Australia,5ri4zqtWhG07hIuNNDWP76
14,"Lemonade (feat. Gunna, Don Toliver & NAV)",0.25,0.8,0.658,0.0,0.111,-6.142,0,0.079,140.042,4,0.462,9041067,Australia,7hxHWCCAIIxFLCzvDgnQHX
15,willow,0.835,0.392,0.579,0.00179,0.145,-9.195,1,0.164,80.961,4,0.549,7187771,Australia,3Uo7WG0vmLQ07WB4BDwy7D
16,Dreams - 2004 Remaster,0.0644,0.828,0.492,0.00428,0.128,-9.744,1,0.0276,120.151,4,0.789,8764632,Australia,0ofHAoxe9vBkTCp2UQIavz
17,Watermelon Sugar,0.122,0.548,0.816,0.0,0.335,-4.209,1,0.0465,95.39,4,0.557,8151875,Australia,6UelLqGlWMcVH1E5c4H7lY
18,Heat Waves,0.44,0.761,0.525,6.7e-06,0.0921,-6.9,1,0.0944,80.87,4,0.531,26263970,Australia,02MWAaffLxlfxAUY7c5dvx
19,Holy (feat. Chance The Rapper),0.196,0.673,0.704,0.0,0.0898,-8.056,1,0.36,86.919,4,0.372,6360425,Australia,5u1n1kITHCxxp8twBcZxWy
20,Lasting Lover,0.197,0.676,0.786,0.0,0.0943,-4.529,1,0.0478,125.983,4,0.483,9131249,Australia,0DmAvNCAK08oCi7miSZUIY
21,Monster (Shawn Mendes & Justin Bieber),0.0593,0.64,0.392,0.0,0.0839,-7.246,0,0.0574,145.838,4,0.502,5579200,Australia,1HbA4N1MiOsPthALesGFR1
22,Take You Dancing,0.0332,0.789,0.711,0.0,0.0876,-4.248,1,0.041,112.985,4,0.753,6981549,Australia,59qrUpoplZxbIZxk6X0Bm3
23,WAP (feat. Megan Thee Stallion),0.0194,0.935,0.454,0.0,0.0824,-7.509,1,0.375,133.073,4,0.357,9023558,Australia,4Oun2ylbjFKMPTiaSbbCih
24,Prisoner (feat. Dua Lipa),0.0103,0.781,0.67,0.0,0.0761,-3.912,0,0.0452,127.99,4,0.595,7651434,Australia,2Oycxb8QbPkpHTo8ZrmG0B
25,Dynamite,0.0112,0.746,0.765,0.0,0.0936,-4.41,0,0.0993,114.044,4,0.737,7090091,Australia,4saklk6nie3yiGePpBwUoc
26,Paradise (feat. Dermot Kennedy),0.0689,0.632,0.595,0.0,0.209,-7.644,0,0.0401,124.114,4,0.435,10256888,Australia,6ft4hAq6yde8jPZY2i5zLr
27,Good Days,0.499,0.436,0.655,8.1e-06,0.688,-8.37,0,0.0583,121.002,4,0.412,12575053,Australia,3YJJjQPAbDT7mGpX3WtQ9A
28,Put Your Records On,0.0563,0.399,0.491,0.00089,0.11,-10.778,0,0.0538,91.066,4,0.151,5886959,Australia,6AGOKlMZWLCaEJGnaROtF9
29,ROCKSTAR (feat. Roddy Ricch),0.247,0.746,0.69,0.0,0.101,-7.956,1,0.164,89.977,4,0.497,7432061,Australia,7ytR5pFWmSjzHJIeQkgog4
30,HOLIDAY,0.12,0.81,0.511,0.0,0.0832,-6.924,0,0.164,151.947,4,0.837,3992631,Australia,6zFMeegAMYQo0mt8rXtrli
31,Roses - Imanbek Remix,0.0143,0.769,0.719,0.00777,0.359,-5.472,1,0.0474,121.955,4,0.863,6887558,Australia,0zLCBJZSiELJf02ucPP9wb
32,Someone You Loved,0.751,0.501,0.405,0.0,0.105,-5.679,1,0.0319,109.891,4,0.446,8702298,Australia,7qEHsqek33rTcFNT9PFqLf
33,Breaking Me,0.223,0.789,0.72,0.0,0.129,-5.652,0,0.218,122.031,4,0.664,6018519,Australia,3H7ihDc1dqLriiWXwsc2po
34,Dance Monkey,0.688,0.825,0.593,0.000161,0.17,-6.401,0,0.0988,98.078,4,0.54,6915024,Australia,1rgnBhdG2JDFTbYkYRZAku
35,SEND IT!,0.41,0.963,0.934,1.44e-05,0.133,-2.239,0,0.21,130.044,4,0.72,7381763,Australia,3QcKhQwiyrQACTeb2pdi3u
36,Savage Love (Laxed - Siren Beat),0.234,0.767,0.481,0.0,0.269,-8.52,0,0.0803,150.076,4,0.761,5922493,Australia,1xQ6trAsedVPCdbtDAmk0c
37,Don't Start Now,0.0123,0.793,0.793,0.0,0.0951,-4.521,0,0.083,123.95,4,0.679,6413887,Australia,3PfIrDoz19wz7qK7tYeu62
38,One Too Many,0.247,0.697,0.535,0.0,0.569,-6.504,1,0.068,82.959,4,0.594,6595110,Australia,3X7H1FAiWAW937WvsFeMhe
39,Reminds Me Of You,0.0663,0.613,0.631,0.0,0.169,-6.965,1,0.12,149.992,4,0.33,2955365,Australia,5YSHygGN9D0mID1NsVd5my
40,Wonder,0.136,0.442,0.631,2.29e-05,0.133,-5.096,0,0.05,139.774,4,0.129,4047278,Australia,6ZuahEctZD6w75peme58hm
41,Circles,0.192,0.695,0.762,0.00244,0.0863,-3.497,1,0.0395,120.042,4,0.553,6101724,Australia,21jGcNKet2qwijlDFuPiPb
42,The Business,0.414,0.798,0.62,0.0192,0.112,-7.079,0,0.232,120.031,4,0.235,14892795,Australia,6f3Slt0GbA2bPZlz0aIFXN
43,Lonely (with benny blanco),0.864,0.631,0.239,0.0,0.116,-7.071,0,0.0398,79.859,4,0.0927,3126537,Australia,4y4spB9m0Q6026KfkAvy9Q
44,For The Night (feat. Lil Baby & DaBaby),0.114,0.823,0.586,0.0,0.193,-6.606,0,0.2,125.971,4,0.347,5848228,Australia,0PvFJmanyNQMseIFrU708S
45,Some Say - Felix Jaehn Remix,0.406,0.682,0.7,0.0,0.174,-5.591,1,0.0397,120.03,4,0.637,3071770,Australia,7C1trmcQQ5n5RNy4l6ziCv
46,Before You Go,0.604,0.459,0.575,0.0,0.0885,-4.858,1,0.0573,111.881,4,0.183,6153578,Australia,2gMXnyrvIjhVBUZwvLZDMP
47,Midnight Sky,0.00161,0.699,0.805,0.00177,0.249,-5.535,0,0.0345,109.976,4,0.232,3177541,Australia,4i2qxFEVVUi8yOYoxB8TCX
48,Mr. Brightside,0.00121,0.352,0.911,0.0,0.0995,-5.23,1,0.0747,148.033,4,0.236,6362882,Australia,003vvx7Niy0yvhvHt4a68B
49,my ex's best friend (with blackbear),0.00473,0.731,0.675,0.0,0.141,-5.134,0,0.0434,124.939,4,0.298,5450913,Australia,7kDUspsoYfLkWnZR7qwHZl
50,Dancing In The Moonlight (feat. NEIMY),0.27,0.659,0.615,0.0,0.187,-5.865,0,0.0644,119.843,4,0.193,3347134,Australia,4GSDkZt7GcmzBWmsMcpaVO
51,Adore You,0.0237,0.676,0.771,7e-06,0.102,-3.675,1,0.0483,99.048,4,0.569,5166968,Australia,3jjujdWJ72nww5eGnfs2E7
52,Golden,0.21,0.448,0.838,0.000131,0.131,-5.257,0,0.0557,139.863,4,0.254,4109193,Australia,45S5WTQEGOB1VHr1Q4FuPl
53,Come & Go (with Marshmello),0.0172,0.625,0.814,0.0,0.158,-5.181,1,0.0657,144.991,4,0.535,5228063,Australia,2Y0wPrPQBrGhoLn14xRYCG
54,Rain On Me (with Ariana Grande),0.021,0.672,0.855,0.0,0.323,-3.764,1,0.0397,123.056,4,0.646,4449425,Australia,7ju97lgwC2rKQ6wwsf9no9
55,Laugh Now Cry Later (feat. Lil Durk),0.244,0.761,0.518,3.47e-05,0.107,-8.871,1,0.134,133.976,4,0.522,4871292,Australia,2SAqBLGA283SUiwJ3xOUVI
56,Wishing Well,0.00336,0.65,0.613,0.0,0.267,-6.13,0,0.128,149.972,4,0.0804,5648797,Australia,2U5WueTLIK5WJLD7mvDODv
57,Lucid Dreams,0.349,0.511,0.566,0.0,0.34,-7.23,0,0.2,83.903,4,0.218,5371996,Australia,285pBltuF7vW8TeWk8hdRR
58,Sunflower - Spider-Man: Into the Spider-Verse,0.533,0.755,0.522,0.0,0.0685,-4.368,1,0.0575,89.96,4,0.925,5131662,Australia,0RiRZpuVRbi7oqRdSMwhQY
59,Say You Won't Let Go,0.695,0.358,0.557,0.0,0.0902,-7.398,1,0.059,85.043,4,0.494,5733326,Australia,5uCax9HTNlzGybIStD3vDh
60,Memories,0.837,0.764,0.32,0.0,0.0822,-7.209,1,0.0546,91.019,4,0.575,4743742,Australia,2b8fOow8UzyDFAE27YhOZM
61,This City,0.733,0.605,0.377,0.0,0.0808,-6.213,1,0.0443,73.877,4,0.519,5243414,Australia,3H3r2nKWa3Yk5gt8xgmsEt
62,Mood Swings (feat. Lil Tjay),0.487,0.48,0.602,0.0,0.0848,-6.335,0,0.368,179.798,4,0.269,4594639,Australia,5rZlwNFl01HqLWBQGryKSm
63,death bed (coffee for your head),0.731,0.726,0.431,0.0,0.696,-8.765,0,0.135,144.026,4,0.348,4631621,Australia,7eJMfftS33KTjuF7lTsMCx
64,Body,0.0166,0.914,0.732,0.0,0.107,-6.1,0,0.241,94.066,4,0.469,2683071,Australia,0A1hoCfMLkiAgvhWkkucJa
65,ALWAYS DO,0.0442,0.762,0.426,0.0,0.0858,-6.865,1,0.113,167.827,4,0.582,3023512,Australia,3QCU8BT0zDS9LPVfEhRFEE
66,Sweater Weather,0.0495,0.612,0.807,0.0177,0.101,-2.81,1,0.0336,124.053,4,0.398,5238920,Australia,2QjOHCTQ1Jl3zawyYOpxh6
67,Train Wreck,0.701,0.311,0.485,0.0,0.0726,-5.726,0,0.0365,77.355,4,0.225,4860727,Australia,55Am8neGJkdj2ADaM3aw5H
68,i miss u (with Au/Ra),0.0387,0.668,0.726,0.0,0.134,-7.512,1,0.0468,124.075,4,0.453,4344482,Australia,7CH8J4ulT49UfZwSDSkSZA
69,Tyler Herro,0.0872,0.792,0.793,0.0,0.22,-6.185,0,0.0841,123.031,4,0.775,2151193,Australia,3w1WjD2zJqjBjDz5fwqQPJ
70,Goosebumps,0.325,0.767,0.659,0.0,0.13,-7.429,1,0.0444,124.946,4,0.439,1648841,Australia,20McUFi8KCIVdNDLrkTDuZ
71,Blueberry Faygo,0.207,0.774,0.554,0.0,0.132,-7.909,1,0.0383,99.034,4,0.349,4246470,Australia,22LAwLoDA5b4AaGSkg6bKW
72,Shallow,0.371,0.572,0.385,0.0,0.231,-6.362,1,0.0308,95.799,4,0.323,5175305,Australia,2VxeLyX666F8uXCJ0dZF8B
73,Together,0.0132,0.521,0.877,0.0806,0.0929,-5.444,1,0.0683,180.007,4,0.199,1876340,Australia,5id3Rqn7SPj1LX4FfY4nGz
74,Secrets,0.0412,0.848,0.768,0.000785,0.195,-5.386,0,0.0373,118.961,4,0.777,1515911,Australia,66W1rVTnEv86dIkFhoiElg
75,Ride It,0.177,0.88,0.751,6.43e-05,0.106,-4.258,0,0.0874,117.948,4,0.884,4259685,Australia,2tnVG71enUj33Ic2nFN6kZ
76,Intentions (feat. Quavo),0.3,0.806,0.546,0.0,0.102,-6.637,1,0.0575,147.986,4,0.874,3789723,Australia,4umIPjkehX1r7uhmGvXiSV
77,Heather,0.584,0.357,0.425,0.0,0.322,-7.301,1,0.0333,102.078,3,0.27,4429109,Australia,4xqrdfXkTW4T0RauPLv3WA
78,Robbery,0.328,0.685,0.692,0.0,0.153,-5.122,1,0.0457,159.966,5,0.578,4578130,Australia,6Hj9jySrnFppAI0sEMCZpJ
79,bad guy,0.328,0.701,0.425,0.13,0.1,-10.965,1,0.375,135.128,4,0.562,4366559,Australia,2Fxmhks0bxGSBdJ92vM42m
80,Never Seen the Rain,0.44,0.485,0.461,0.0,0.232,-5.646,1,0.0444,87.009,4,0.324,4095468,Australia,2grAr8pWMuLWn8ZYEE9wDV
81,Be Alright,0.705,0.551,0.537,0.0,0.0802,-7.595,1,0.034,126.421,4,0.493,4951697,Australia,5qrSlOut2rNAWv3ubArkNy
82,Lose Somebody,0.344,0.58,0.586,0.0,0.0755,-6.883,1,0.0357,147.988,4,0.507,2299907,Australia,1sgDyuLooyvEML4oHspNza
83,Everybody Rise,0.0335,0.702,0.676,0.0,0.102,-6.679,1,0.0526,103.057,4,0.65,1859641,Australia,3eGmv9sxK60p8XIBLhBtC0
84,Go Crazy,0.316,0.755,0.578,0.0,0.25,-8.932,0,0.145,94.148,4,0.581,4148110,Australia,1IIKrJVP1C9N7iPtG6eOsK
85,Youngblood,0.0169,0.596,0.854,0.0,0.124,-5.114,0,0.463,120.274,4,0.152,4685749,Australia,2iUXsYOEPhVqEBwsqP70rE
86,I Don't Care (with Justin Bieber),0.0902,0.798,0.676,0.0,0.0894,-5.041,1,0.0442,101.956,4,0.843,4245914,Australia,0hVXuCcriWRGvwMV1r5Yn9
87,Godzilla (feat. Juice WRLD),0.145,0.808,0.745,0.0,0.292,-5.26,0,0.342,165.995,4,0.829,4287903,Australia,7FIWs0pqAYbP91WWM0vlTQ
88,pov,0.36,0.487,0.534,0.0,0.1,-5.664,0,0.0555,131.798,4,0.173,904011,Australia,3UoULw70kMsiVXxW0L3A33
89,If the World Was Ending - feat. Julia Michaels,0.866,0.464,0.473,0.0,0.109,-10.086,1,0.129,75.801,4,0.604,4504515,Australia,2kJwzbxV2ppxnQoYw4GLBZ
90,Riptide,0.431,0.484,0.731,0.0,0.151,-6.694,1,0.0379,101.654,4,0.51,4630470,Australia,7yq4Qj7cqayVTp3FF9CWbm
91,Rushing Back,0.357,0.574,0.612,0.0,0.158,-4.741,1,0.0781,136.046,3,0.368,2933023,Australia,2zoNNEAyPK2OGDfajardlY
92,GO (feat. Juice WRLD),0.157,0.487,0.74,0.0,0.612,-4.973,1,0.0944,73.779,4,0.522,4523905,Australia,2rPHUAeUPbNgTmK18FPTiZ
93,Dior,0.212,0.548,0.805,0.000389,0.408,-5.732,1,0.351,142.094,4,0.648,4781358,Australia,79s5XnCN4TJKTVMSmOx8Ep
94,Stuck with U (with Justin Bieber),0.223,0.597,0.45,0.0,0.382,-6.658,1,0.0418,178.765,3,0.537,2725463,Australia,4HBZA5flZLE435QTztThqH
95,The Box,0.104,0.896,0.586,0.0,0.79,-6.687,0,0.0559,116.971,4,0.642,3882702,Australia,0nbXyq5TXYPCO7pr3N8S4I
96,Love Not War (The Tampa Beat),0.105,0.738,0.85,0.0,0.23,-3.049,1,0.0642,98.013,4,0.865,1992387,Australia,4Lt6GXGzYsa1tgkv3nGSTm
97,July,0.868,0.708,0.186,0.0,0.0779,-8.953,0,0.042,72.541,4,0.322,4551864,Australia,6J2LdBN97cDWn0MLxYh9HB
98,The Less I Know The Better,0.0115,0.64,0.74,0.00678,0.167,-4.083,1,0.0284,116.879,4,0.785,4244708,Australia,6K4t31amVTZDgR3sKmwUJJ
99,Falling,0.839,0.567,0.267,1.46e-06,0.089,-6.502,1,0.0299,110.011,4,0.0592,4169454,Australia,1ZMiCix7XSAbfAJlEZWMCp
100,Party In The U.S.A.,0.00112,0.652,0.698,0.000115,0.0886,-4.667,0,0.042,96.021,4,0.47,4291147,Australia,3E7dfMvvCLUddWissuqMwr
101,Señorita,0.0392,0.759,0.548,0.0,0.0828,-6.049,0,0.029,116.967,4,0.749,3976763,Australia,6v3KW9xbzN5yKLt9YKDYA2
102,Go Your Own Way - 2004 Remaster,0.0185,0.583,0.947,0.00109,0.0679,-5.12,1,0.0378,135.448,4,0.803,4355331,Australia,07GvNcU1WdyZJq3XxP0kZa
103,All Girls Are The Same,0.0769,0.671,0.529,0.000335,0.0856,-7.226,1,0.307,161.989,4,0.203,4294648,Australia,4VXIryQMWpIdGgYR4TrjT1
104,Khe Sanh - 2011 Remastered,0.129,0.474,0.918,0.0,0.238,-4.21,1,0.177,164.049,4,0.655,4182798,Australia,0frIZMaQwtdV4Ee8nhB1te
105,Sunday Best,0.183,0.878,0.525,0.0,0.0714,-6.832,1,0.0578,112.022,4,0.694,792394,Australia,1Cv1YLb4q0RzL6pybtaMLo
106,What A Man Gotta Do,0.00839,0.852,0.698,1.03e-06,0.0773,-7.206,1,0.0629,113.039,4,0.324,3290415,Australia,4wNIkl5XGiAACjFBlDWuSd
107,Jocelyn Flores,0.469,0.872,0.391,4.13e-06,0.297,-9.144,0,0.242,134.021,4,0.437,4147173,Australia,7m9OqQk4RVRkw9JJdeAw96
108,Perfect,0.163,0.599,0.448,0.0,0.106,-6.312,1,0.0232,95.05,3,0.168,4240521,Australia,0tgVpDi06FyKpA1z0VMD4v
109,Lose Control,0.129,0.598,0.526,0.0,0.14,-8.659,0,0.0415,123.935,4,0.529,2748724,Australia,7CHi4DtfK4heMlQaudCuHK
110,Break My Heart,0.167,0.73,0.729,1.39e-06,0.349,-3.434,0,0.0883,113.013,4,0.467,1743692,Australia,017PF4Q3l4DBUiWoXk4OWT
111,Look into My Eyes,0.122,0.789,0.545,4.62e-05,0.123,-7.14,1,0.0538,116.0,4,0.433,1263938,Australia,7qF4tAE0PF6XJFEor6jQni
112,Be Kind (with Halsey),0.00776,0.63,0.633,0.0,0.0541,-7.088,1,0.0457,93.995,4,0.452,2282163,Australia,3Z8FwOEN59mRMxDCtb8N0A
113,I Wanna Dance with Somebody (Who Loves Me),0.207,0.709,0.824,0.000307,0.0888,-8.824,1,0.0453,118.818,4,0.867,3864429,Australia,2tUBqZG2AbRi7Q0BIrVrEj
114,Forever After All,0.191,0.487,0.65,0.0,0.0933,-5.195,1,0.0253,151.964,4,0.456,750566,Australia,6IBcOGPsniK3Pso1wHIhew
115,No Role Modelz,0.301,0.692,0.521,0.0,0.0565,-8.465,0,0.33,100.45,4,0.463,4447004,Australia,62vpWI1CHwFy7tMIcSStl8
116,lovely (with Khalid),0.934,0.351,0.296,0.0,0.095,-10.109,0,0.0333,115.284,4,0.12,4024588,Australia,0u2P5u6lvoDfwTYjAADbn4
117,Diamonds,0.161,0.637,0.666,0.0,0.108,-6.773,0,0.0494,104.02,4,0.529,541689,Australia,1hJIbOjWpid6LtnozHmzRS
118,ROXANNE,0.0522,0.621,0.601,0.0,0.46,-5.616,0,0.148,116.735,5,0.457,1719438,Australia,696DnlkuDOXcMAnKlTgXXK
119,Dancing On My Own,0.837,0.681,0.174,3.35e-05,0.0983,-8.745,1,0.0315,112.672,4,0.231,4082593,Australia,2BOqDYLOJBiMOXShCV1neZ
120,Don't Stop Believin',0.127,0.5,0.748,0.0,0.447,-9.072,1,0.0363,118.852,4,0.514,3901843,Australia,4bHsxqR3GMrXTxEPLuK5ue
121,"10,000 Hours (with Justin Bieber)",0.153,0.654,0.63,0.0,0.111,-4.644,1,0.0259,89.991,4,0.43,3985014,Australia,2wrJq5XKLnmhRXHIAf9xBa
122,champagne problems,0.92,0.462,0.24,0.0,0.113,-12.077,1,0.0377,171.319,4,0.32,512128,Australia,0sY6ZUTh4yoctD8VIXz339
123,Run to Paradise,0.161,0.698,0.71,0.0828,0.0489,-8.569,1,0.0452,138.797,4,0.691,3822522,Australia,6Amt2E3nanH9lhZnas9oOs
124,I'm Good?,0.311,0.901,0.761,0.0,0.065,-5.986,0,0.0704,119.984,4,0.96,1784012,Australia,1EuI95kVxZYLbENy8d6AOI
125,Kings & Queens,0.00786,0.637,0.69,0.0,0.124,-4.057,0,0.0405,129.857,4,0.457,255133,Australia,7a53HqqArd4b9NF4XAmlbI
126,Confidence,0.0637,0.59,0.562,0.0,0.105,-9.607,0,0.0505,140.835,4,0.561,3805111,Australia,7to68V64Cu6zk0UDo5tyw3
127,goosebumps,0.0847,0.841,0.728,0.0,0.149,-3.37,1,0.0484,130.049,4,0.43,3957808,Australia,6gBFPUFcJLzWGx4lenP6h2
128,"Hey, Soul Sister",0.185,0.673,0.886,0.0,0.0826,-4.44,0,0.0431,97.012,4,0.795,4045523,Australia,4HlFJV71xXKIGcU3kRyttv
129,My Happiness,0.00163,0.445,0.823,0.0,0.43,-5.415,1,0.0302,85.935,4,0.487,3193629,Australia,2pxxVkNhrRST8fpgA12ru8
130,Pump It Up,0.203,0.899,0.894,9.95e-05,0.0606,-7.255,1,0.222,129.047,4,0.654,2144974,Australia,0GiwV6v3AgJfdu59tj719Y
131,Hello (feat. A Boogie Wit da Hoodie),0.0187,0.905,0.647,0.0,0.282,-5.065,0,0.107,130.97,4,0.367,3423186,Australia,2r6OAV3WsYtXuXjvJ1lIDi
132,Shape of You,0.581,0.825,0.652,0.0,0.0931,-3.183,0,0.0802,95.977,4,0.931,4054233,Australia,7qiZfU4dY1lWllzX7mPBI3
133,Beautiful People (feat. Khalid),0.124,0.64,0.647,0.0,0.0801,-8.114,0,0.186,92.979,4,0.546,3606066,Australia,70eFcWOvlMObDhURTqT4Fv
134,Thinking out Loud,0.474,0.781,0.445,0.0,0.184,-6.061,1,0.0295,78.998,4,0.591,3738409,Australia,1Slwb6dOYkBlWal1PGtnNg
135,Africa,0.257,0.671,0.373,8.01e-05,0.0481,-18.064,1,0.0323,92.718,4,0.732,3616195,Australia,2374M0fQpWi3dLnB54qaLX
136,2002,0.0372,0.697,0.683,0.0,0.137,-2.881,0,0.117,96.133,4,0.603,3970649,Australia,2BgEsaKNfHUdlh97KmvFyo
137,Summer Of '69,0.0115,0.505,0.71,2.58e-06,0.0977,-10.853,1,0.0371,138.907,4,0.771,3939632,Australia,6N1EjQjnvhOjFrF6oUmGPa
138,hot girl bummer,0.125,0.782,0.559,0.0,0.385,-7.106,0,0.0767,129.992,1,0.685,3684720,Australia,2mt1IqcFyY1zmYZT8Q3xw9
139,Looking for Me,0.00441,0.641,0.529,0.000862,0.0809,-11.536,1,0.0288,121.027,4,0.449,5813197,Australia,17bGtGqqaXOgVnhnfx5NlE
140,Wonderwall,0.000801,0.405,0.894,0.0,0.226,-4.336,1,0.0343,174.502,4,0.642,1767082,Australia,1DadkoAI2gicYJfindPY20
141,Way Out (feat. Big Sean),0.114,0.945,0.582,0.0,0.103,-8.357,0,0.0719,108.025,4,0.907,1542676,Australia,57VeLYXrvNxe8Vs18K2M9W
142,Say So,0.256,0.787,0.673,3.57e-06,0.0904,-4.577,0,0.158,110.962,4,0.786,716686,Australia,3Dv1eDb0MEgF93GpLXlucZ
143,Bruises,0.946,0.736,0.308,0.0,0.186,-7.83,1,0.0677,111.202,4,0.361,3752873,Australia,4Of7rzpRpV1mWRbhp5rAqG
144,WHATS POPPIN,0.017,0.923,0.604,0.0,0.272,-6.671,0,0.245,145.062,4,0.826,2060715,Australia,1jaTQ3nqY3oAAYyCTbIvnM
145,Happier,0.191,0.687,0.792,0.0,0.167,-2.749,1,0.0452,100.015,4,0.671,3275461,Australia,2dpaYNEQHiRxtZbfNsse99
146,Live In Life,0.147,0.695,0.691,2.21e-06,0.152,-4.73,0,0.0351,104.015,4,0.563,720762,Australia,5zpGxLGLxQvgQzO8jYTzAU
147,Martin & Gina,0.345,0.832,0.534,0.0,0.165,-7.813,0,0.253,93.924,4,0.116,5873636,Australia,1VLtjHwRWOVJiE5Py7JxoQ
148,Maniac,0.00162,0.628,0.639,0.0,0.354,-5.46,1,0.0435,108.045,4,0.493,1699387,Australia,6KfoDhO4XUWSbnyKjNp9c4
149,All of Me,0.922,0.422,0.264,0.0,0.132,-7.064,1,0.0322,119.93,4,0.331,4079545,Australia,3U4isOIWM3VvDubwSI3y7a
150,SICKO MODE,0.00513,0.834,0.73,0.0,0.124,-3.714,1,0.222,155.008,4,0.446,3129385,Australia,2xLMifQCjDGFmkHkpNLD9h
151,Wake Me Up,0.0038,0.532,0.783,0.0012,0.161,-5.697,1,0.0523,124.08,4,0.643,1669754,Australia,0nrRP2bk19rLc0orkWPQk2
152,Pumped Up Kicks,0.145,0.733,0.71,0.115,0.0956,-5.849,0,0.0292,127.975,4,0.965,3737208,Australia,7w87IxuO7BDcJ3YUqCyMTT
153,The Horses,0.13,0.707,0.275,0.0,0.066,-14.816,1,0.0328,93.988,4,0.195,3168551,Australia,5z6a02FGoVsXTrJ4GiVNxE
154,POPSTAR (feat. Drake),0.057,0.8,0.56,0.0,0.134,-4.818,0,0.261,163.071,4,0.45,2635352,Australia,6EDO9iiTtwNv6waLwa1UUq
155,"Whats Poppin (feat. DaBaby, Tory Lanez & Lil Wayne) [Remix] - Bonus Track",0.0631,0.904,0.723,0.0,0.185,-5.224,0,0.26,145.013,4,0.835,2410455,Australia,0ZLuW8uOXdFNWcI40C0OC2
156,Life Is Good (feat. Drake),0.067,0.795,0.574,0.0,0.15,-6.903,0,0.487,142.053,4,0.537,2371072,Australia,1K5KBOgreBi5fkEHvg5ap3
157,Yellow,0.00239,0.429,0.661,0.000121,0.234,-7.227,1,0.0281,173.372,4,0.285,3361199,Australia,3AJwUDP919kvQ9QcozQPxg
158,Energy,0.000327,0.703,0.822,0.682,0.278,-5.142,0,0.0366,125.004,4,0.443,1303056,Australia,7gOdmNazfs5qdtsgWOB1Z4
159,Eastside (with Halsey & Khalid),0.549,0.632,0.686,0.0,0.2,-7.665,0,0.243,89.949,4,0.329,3144314,Australia,7FGq80cy8juXBCD2nrqdWU
160,Element,0.0301,0.772,0.878,2.18e-06,0.251,-4.22,1,0.324,61.311,5,0.305,1697602,Australia,57BGVV6wcyhbn3hsjlqEZB
161,You should be sad,0.143,0.591,0.585,0.0,0.109,-6.35,1,0.0277,110.94,4,0.324,1774549,Australia,7lidXGPXPYLNThITAOTlkK
162,Everywhere - 2017 Remaster,0.258,0.73,0.487,0.01,0.0852,-10.991,1,0.0303,114.965,4,0.731,708179,Australia,254bXAqt3zP6P50BdQvEsq
163,The Woo (feat. 50 Cent & Roddy Ricch),0.0221,0.49,0.618,3.77e-06,0.259,-5.655,1,0.104,99.7,4,0.286,728705,Australia,1H7KnK26kc1YyellpbINEn
164,Show Out (with Skepta & Pop Smoke),0.43,0.619,0.589,0.000392,0.378,-6.531,1,0.124,143.896,4,0.158,1194934,Australia,5CFJRZRq6sdKKtRwNPWbYv
165,Falling,0.123,0.784,0.43,0.0,0.0887,-8.756,0,0.0364,127.087,4,0.236,466338,Australia,2rRJrJEo19S2J82BDsQ3F7
166,Brown Eyed Girl,0.185,0.491,0.583,0.0,0.406,-10.964,1,0.0376,150.566,4,0.908,3598326,Australia,3yrSvpt2l1xhsV9Em88Pul
167,HIGHEST IN THE ROOM,0.0546,0.598,0.427,5.83e-06,0.21,-8.764,0,0.0317,76.469,4,0.0605,1409322,Australia,3eekarcy7kvN4yt5ZFzltW
168,Daisy,0.235,0.834,0.663,0.0,0.372,-6.143,1,0.133,121.876,4,0.774,476912,Australia,0AUvWawuP0ibk4SQ3sIZjk
169,You Shook Me All Night Long,0.00287,0.532,0.767,0.000513,0.39,-5.509,1,0.0574,127.361,4,0.755,2398587,Australia,2SiXAy7TuUkycRVbbWDEpo
170,Smells Like Teen Spirit,2.55e-05,0.502,0.912,0.000173,0.106,-4.556,1,0.0564,116.761,4,0.72,3679609,Australia,1f3yAtsJtY87CTmM8RLnxf
171,everything i wanted,0.902,0.704,0.225,0.657,0.106,-14.454,0,0.0994,120.006,4,0.243,691262,Australia,3ZCTVFBt2Brf31RLEnCkWJ
172,Post Malone (feat. RANI),0.0771,0.59,0.642,0.0,0.105,-3.87,1,0.122,107.356,4,0.651,703903,Australia,36orMWv2PgvnzXsd5CJ0yL
173,Shotgun,0.286,0.673,0.735,0.0,0.242,-4.733,1,0.0457,115.744,4,0.754,2095349,Australia,4ofwffwvvnbSkrMSCKQDaC
174,Sucker,0.0427,0.842,0.734,0.0,0.106,-5.065,0,0.0588,137.958,4,0.952,1886988,Australia,22vgEDb5hykfaTwLuskFGD
175,Believer,0.0622,0.776,0.78,0.0,0.081,-4.374,0,0.128,124.949,4,0.666,2814352,Australia,0pqnGHJpmpxLKifKRmU6WP
176,I Fall Apart,0.0689,0.556,0.538,0.0,0.196,-5.408,0,0.0382,143.95,4,0.291,3586854,Australia,75ZvA4QfFiZvzhj2xkaWAh
177,Bohemian Rhapsody - Remastered 2011,0.271,0.414,0.404,0.0,0.3,-9.928,0,0.0499,71.105,4,0.224,1874385,Australia,4u7EnebtmKWzUH433cf5Qv
178,"F*CK YOU, GOODBYE (feat. Machine Gun Kelly)",0.0693,0.721,0.632,0.0,0.291,-6.695,0,0.0358,92.057,4,0.296,3033533,Australia,0DYNL4xbYWgNzppUamtyR4
179,Promiscuous,0.0569,0.808,0.97,6.13e-05,0.154,-6.098,0,0.0506,114.328,4,0.868,3497512,Australia,2gam98EZKrF9XuOkU13ApN
180,Supalonely (feat. Gus Dapperton),0.291,0.862,0.631,0.000209,0.123,-4.746,1,0.0515,128.978,4,0.841,225106,Australia,3GZoWLVbmxcBys6g0DLFLf
181,Shut Up and Dance,0.00701,0.578,0.866,0.0,0.257,-3.804,1,0.0619,128.038,4,0.619,3300304,Australia,4kbj5MwxO1bq9wjT5g9HaA
182,Electric Love,0.00543,0.611,0.797,0.00137,0.26,-7.627,0,0.0533,120.041,4,0.518,926097,Australia,2GiJYvgVaD2HtM8GqD9EgQ
183,Toosie Slide,0.289,0.83,0.49,3.04e-06,0.113,-8.82,0,0.209,81.604,4,0.845,224859,Australia,466cKvZn1j45IpxDdYZqdA
184,To Her Door,0.0628,0.51,0.793,1.29e-05,0.158,-7.194,1,0.0313,164.187,4,0.543,736170,Australia,4KZayGognbXUFNLYj4pPxH
185,Closer,0.414,0.748,0.524,0.0,0.111,-5.599,1,0.0338,95.01,4,0.661,3108522,Australia,7BKLCZ1jbUBVqRi2FVlTVw
186,Can't Hold Us - feat. Ray Dalton,0.0291,0.641,0.922,0.0,0.0862,-4.457,1,0.0786,146.078,4,0.847,2384144,Australia,3bidbhpOYeV4knp8AIu8Xn
187,Tick Tock (feat. 24kGoldn),0.369,0.779,0.705,7.91e-06,0.124,-3.895,1,0.0344,101.022,4,0.946,689754,Australia,27u7t9d7ZQoyjsCROHuZJ3
188,1955,0.719,0.766,0.5,5.91e-06,0.304,-7.558,1,0.0695,84.044,4,0.71,914890,Australia,6oSmp7qnvAxUXeUKhl67a6
189,Choir,0.0703,0.643,0.687,0.0,0.0846,-3.65,1,0.0634,86.992,4,0.612,1139258,Australia,640jkbfHDZM8SVBqMnHJg6
190,Do I Wanna Know?,0.186,0.548,0.532,0.000263,0.217,-7.596,1,0.0323,85.03,4,0.405,3106955,Australia,3rq5w4bQGigXOfdN30ATJt
191,Let You Down,0.312,0.662,0.714,0.0,0.179,-5.68,0,0.121,147.997,4,0.464,2978093,Australia,52okn5MNA47tk87PeZJLEL
192,ily (i love you baby) (feat. Emilee),0.0686,0.674,0.774,0.00188,0.393,-7.567,0,0.0892,112.05,4,0.33,219112,Australia,62aP9fBQKYKxi7PDXwcUAS
193,3 Nights,0.223,0.815,0.518,0.0,0.104,-6.594,0,0.0897,151.891,4,0.877,678905,Australia,0uI7yAKUf52Cn7y3sYyjiX
194,Classic,0.0384,0.72,0.791,0.0,0.157,-4.689,1,0.124,102.071,4,0.756,3665717,Australia,6FE2iI43OZnszFLuLtvvmg
195,Take Me To Church,0.634,0.566,0.664,0.0,0.116,-5.303,0,0.0464,128.945,4,0.437,3845916,Australia,3dYD57lRAUcMHufyqn9GcI
196,Snowman,0.483,0.716,0.512,0.0,0.0928,-6.257,1,0.0331,104.957,3,0.326,218524,Australia,7uoFMmxln0GPXQ0AcCBXRq
197,Let Her Go,0.385,0.509,0.538,0.0,0.104,-7.335,1,0.0572,75.089,4,0.244,3387865,Australia,2jyjhRf6DVbMPU5zxagN2h
198,Dancing in the Moonlight,0.0624,0.632,0.856,0.0,0.347,-3.463,1,0.0348,119.397,4,0.867,1370039,Australia,3Fzlg5r1IjhLk2qRw667od
199,drivers license,0.721,0.585,0.436,1.31e-05,0.105,-8.761,1,0.0601,143.874,4,0.132,29565882,Australia,7lPN2DXiMsVn7XUKtOW1CS
200,WITHOUT YOU,0.213,0.662,0.413,0.0,0.134,-7.357,1,0.0299,93.005,4,0.467,20507818,Australia,27OeeYzk6klgBh83TSvGMA
201,Save Your Tears,0.0212,0.68,0.826,1.24e-05,0.543,-5.487,1,0.0309,118.051,4,0.644,12441070,Australia,5QO79kh1waicV47BqGRL3g
202,Best Friend (feat. Doja Cat),0.00302,0.84,0.766,3.61e-06,0.0684,-4.12,1,0.136,94.018,4,0.402,6754782,Australia,2etHQJxIbV0soyPhelVs9Y
203,My Head & My Heart,0.0697,0.614,0.934,0.0,0.121,-3.709,0,0.07,116.001,4,0.436,7290932,Australia,1KixkQVDUHggZMU9dUobgm
204,"All I Want - From ""High School Musical: The Musical: The Series""",0.0902,0.376,0.43,0.0,0.0912,-6.585,0,0.0328,77.599,3,0.129,1307612,Australia,4Yxc55NX3tAXC2mHRAhtcW
205,Somebody’s Problem,0.657,0.658,0.538,0.0,0.123,-7.676,1,0.0289,136.967,4,0.62,252046,Australia,42lqBjPYlmL1EXpMDXvhSN
206,Booster Seat,0.0418,0.629,0.551,1.18e-06,0.108,-5.402,1,0.0263,111.961,4,0.699,8519531,Australia,5th1bFGGaXLM7wDBJpcF06
207,Spicy (feat. Post Malone),0.143,0.782,0.51,0.0,0.115,-5.724,0,0.0419,99.993,4,0.118,484505,Australia,5IUtvfNvOyVYZUa6AJFrnP
208,Eshays,0.255,0.898,0.926,0.0,0.248,-4.367,0,0.146,125.991,4,0.864,3624558,Australia,1exU6vsHH56u3gxxyPFVpk
209,Higher Love,0.0151,0.693,0.678,5.71e-06,0.101,-7.159,1,0.0324,103.952,4,0.404,474688,Australia,1kKYjjfNYxE0YYgLa7vgVY
210,Love On Display,0.216,0.612,0.74,4.99e-06,0.194,-4.752,1,0.0364,85.986,4,0.532,233770,Australia,0uOjJi0sUGKJVx2kT8kVsc
211,Walking On A Dream,0.245,0.87,0.699,6.76e-06,0.0588,-5.541,0,0.0459,126.967,4,0.726,454038,Australia,286TLtk120rnrmVeQClDTc
212,SO DONE,0.232,0.719,0.598,0.0,0.115,-6.254,1,0.077,142.592,4,0.303,11201105,Australia,2gqWRRCXnma9L8xQ1RdemQ
213,"34+35 Remix (feat. Doja Cat, Megan Thee Stallion) - Remix",0.205,0.88,0.662,0.0,0.227,-5.766,1,0.304,109.988,4,0.726,2114399,Australia,3jjBPF4NDMCU51psU8JPpR
214,Streets,0.208,0.749,0.463,0.0371,0.337,-8.433,1,0.0828,90.028,4,0.19,10238224,Australia,60ynsPSSKe6O3sfwRnIBRf
215,Bad Boy (with Young Thug),0.00215,0.697,0.674,0.0,0.138,-6.326,1,0.0533,81.535,4,0.198,1279389,Australia,43CIWpJaJHRcI4mUSjqgc2
216,Goosebumps - Remix,0.418,0.841,0.593,0.0,0.124,-7.846,1,0.0379,124.917,4,0.808,11094948,Australia,5uEYRdEIh9Bo4fpjDd4Na9
217,Vibez,0.241,0.643,0.671,0.0178,0.12,-7.45,1,0.0842,96.924,4,0.297,994024,Australia,6T6D9CIrHkALcHPafDFA6L
218,Daisy,0.235,0.834,0.663,0.0,0.372,-6.143,1,0.133,121.876,4,0.774,262200,Australia,2g1KggY9PKvsoEAOaiz4xx
219,Remember That Night?,0.585,0.679,0.61,9.51e-05,0.156,-10.936,0,0.0305,123.978,4,0.554,5053584,Australia,1nYzjrdVQ8RpF93M0jPFW7
220,Why'd You Only Call Me When You're High?,0.0483,0.691,0.631,1.13e-05,0.104,-6.478,1,0.0368,92.004,4,0.8,3139369,Australia,48q0vSHcJdhK3IiXH8C5WJ
221,Don't Play,0.0889,0.695,0.784,0.0,0.0843,-6.564,0,0.0402,128.031,4,0.52,243979,Australia,4I5bvu2KDsrCg0EWHIcvul
222,The Difference,0.255,0.56,0.865,0.000153,0.083,-1.148,1,0.0909,159.96,4,0.424,4074094,Australia,4nlvKIIetOWGIMyhjQXgOZ
223,Lo Vas A Olvidar (with ROSALÍA),0.721,0.343,0.243,0.00198,0.0668,-14.66,0,0.0777,135.154,4,0.032,1083525,Australia,0psS4i5YooJrXfDnGvWRLi
224,Get on the Beers,0.0325,0.687,0.961,0.0,0.356,-4.684,0,0.231,123.952,4,0.686,683535,Australia,10nAcod21q3CCIYXRSk7AZ
225,Cherub,0.426,0.562,0.363,0.000382,0.146,-8.808,1,0.0329,127.996,4,0.226,669464,Australia,50QieT02ZZJZ5EHDie1dCR
226,Sending Me Ur Loving,0.00133,0.733,0.583,0.00441,0.0814,-7.437,0,0.0347,123.006,4,0.62,895992,Australia,1QwhWld3yDy65MJCeBelCp
227,Skin,0.428,0.557,0.457,0.0,0.0567,-5.372,1,0.0335,105.918,4,0.328,1860563,Australia,03B2SfXuvDh1m9F4tqrX07
228,Down Under,0.0964,0.738,0.809,0.00918,0.18,-4.368,0,0.026,107.233,4,0.906,323658,Australia,5pSvjjfsh34sLrkYSNGCl4
229,Flame Trees - 2011 Remastered,0.0325,0.674,0.671,0.0,0.0825,-4.269,1,0.0326,120.343,4,0.653,303813,Australia,5qBmTXgCdtvCqKc9yrLoWg
230,forget me too (feat. Halsey),0.000417,0.654,0.875,0.0086,0.194,-4.845,1,0.0744,99.975,4,0.522,1273298,Australia,1VSuFS7PahCN3SWbOcQ98m
231,Lost In Yesterday,0.0295,0.569,0.84,0.000118,0.0995,-4.123,1,0.118,183.059,3,0.749,273565,Australia,5JWPUEov2wlX7c0jhYZpeB
232,The Boys Light Up - Remastered,0.0968,0.619,0.935,0.000172,0.307,-7.158,1,0.0358,97.894,4,0.704,272372,Australia,687i9z2ZCKNfzpmzs7HxOu
233,Eagle Rock - 2011 Remaster,0.125,0.618,0.776,5.35e-05,0.0808,-5.16,1,0.0402,125.536,4,0.674,264992,Australia,2nCXuFS4Dt4BpHkxA9rhPL
234,Without Me,0.297,0.752,0.488,9.11e-06,0.0936,-7.05,1,0.0705,136.041,4,0.533,496402,Australia,6FZDfxM3a3UCqtzo5pxSLZ
235,Never Tear Us Apart,0.00309,0.664,0.613,0.000128,0.175,-7.56,1,0.0273,96.6,3,0.193,263261,Australia,1GjbTNFImFrjFsNdleDe78
236,Working Class Man - David Nicholas Mix,0.0117,0.373,0.938,5.56e-05,0.155,-3.913,1,0.0997,138.276,4,0.391,262007,Australia,3dFn762F5JW8Wr2DpWDMIv
237,Boss Bitch,0.127,0.707,0.955,0.0,0.202,-4.593,0,0.222,125.989,4,0.575,494972,Australia,78qd8dvwea0Gosb6Fe6j3k
238,Hyperfine,0.105,0.716,0.634,1.76e-05,0.114,-6.748,1,0.0456,102.024,4,0.234,256800,Australia,7wDCX3ZABIwxJ7cVGCpk82
239,Lifestyle (feat. Adam Levine),0.0209,0.749,0.674,0.0,0.169,-5.128,0,0.0366,123.055,4,0.711,1307818,Australia,0osvOdeD3YXZiWkT8MKolJ
240,Holy Grail,0.0578,0.64,0.958,0.0338,0.324,-3.982,0,0.0404,101.212,4,0.713,251045,Australia,7ieCsfrxC9ssTGUzCL8BHv
241,Great Southern Land,0.252,0.719,0.842,0.000218,0.0697,-5.603,1,0.0284,120.147,4,0.421,249875,Australia,3OmEIZ6bYHqlReQ1YLaRHV
242,Tangerine,0.114,0.845,0.583,0.000536,0.1,-5.948,0,0.0773,149.941,4,0.842,239644,Australia,5VGEgFZfWBoEOGb3Vlo3rU
243,Robbery,0.306,0.685,0.748,0.105,0.183,-7.558,0,0.0959,152.949,4,0.879,695639,Australia,5iAxcPoyxt0HWU5sZToqe5
244,Somebody That I Used To Know,0.548,0.865,0.521,0.000115,0.0989,-6.932,1,0.0371,129.059,4,0.748,2463265,Australia,1qDrWA6lyx8cLECdZE7TV7
245,April Sun in Cuba,0.0642,0.786,0.552,3.08e-05,0.299,-13.885,1,0.0658,121.422,4,0.905,237000,Australia,0NKv1n25UpKKhZbp5UVV6P
246,You (with Marshmello & Vance Joy),0.0493,0.668,0.563,0.0,0.119,-6.433,1,0.0522,103.116,4,0.305,2159253,Australia,1GkHyypTFkUf0QQKwYoXH4
247,I'm not Pretty,0.0802,0.783,0.526,0.0,0.066,-6.478,1,0.261,75.002,4,0.902,256665,Australia,4pBhTGnL5N5KqsyqU58jee
248,Bang!,0.0183,0.74,0.516,0.0,0.0558,-6.233,0,0.0507,139.918,4,0.698,3026565,Australia,53BHUFdQphHiZUUG3nx9zn
249,Astronaut In The Ocean,0.175,0.778,0.695,0.0,0.15,-6.865,0,0.0913,149.996,4,0.472,628604,Australia,3Ofmpyhv5UAQ70mENzB277
250,Live In Life,0.201,0.671,0.727,0.0,0.158,-4.405,0,0.0372,104.016,4,0.577,226474,Australia,22y8hPxTtwjqXMnTlseQBw
251,Up,0.0012,0.868,0.795,0.0193,0.0461,-6.044,1,0.269,166.0,4,0.819,8439416,Australia,1M4OcYkxAtu3ErzSgDEfoi
252,I'm not Pretty,0.0827,0.71,0.525,0.0,0.0661,-6.477,1,0.311,75.171,4,0.903,2798667,Australia,3promGTTwsn1N5D6RzaFMV
253,Your Love (9PM),0.194,0.669,0.784,6.28e-06,0.115,-5.603,1,0.112,125.993,4,0.517,5965080,Australia,5YaskwnGDZFDRipaqzbwQx
254,The Hills,0.0671,0.585,0.564,0.0,0.135,-7.063,0,0.0515,113.003,4,0.137,1204633,Australia,7fBv7CLKzipRk6EC6TWHOB
255,Just the Way You Are,0.0151,0.637,0.843,0.0,0.0876,-5.413,1,0.0432,109.012,4,0.434,2631438,Australia,7BqBn9nzAq8spo5e7cZ0dJ
256,Provide (feat. Chris Brown & Mark Morrison),0.0165,0.652,0.803,0.0,0.307,-4.116,0,0.238,95.025,4,0.661,236942,Australia,0tQmgwFKw9069z1BXniOiA
257,In Your Eyes,0.00285,0.667,0.719,8.1e-05,0.0736,-5.371,0,0.0346,100.021,4,0.717,235710,Australia,7szuecWAPwGoV1e5vGu8tl
258,Starboy,0.141,0.679,0.587,6.35e-06,0.137,-7.015,1,0.276,186.003,4,0.486,232427,Australia,7MXVkk9YMctZqd1Srtv4MB
259,Counting Stars,0.0654,0.664,0.705,0.0,0.118,-4.972,0,0.0382,122.016,4,0.477,2445673,Australia,2tpWsVSb9UEmDRxAl1zhX1
260,Calling My Phone,0.451,0.907,0.393,1.35e-06,0.135,-7.636,0,0.0539,104.949,4,0.202,9646567,Australia,5Kskr9LcNYa0tpt5f0ZEJx
261,We're Good,0.0319,0.722,0.588,0.0,0.183,-5.932,1,0.0544,134.01,4,0.59,5473341,Australia,1diS6nkxMQc3wwC4G1j0bh
262,Love Story (Taylor’s Version),0.135,0.626,0.79,3.97e-06,0.0989,-4.302,1,0.0311,119.082,4,0.416,879356,Australia,3CeCwYWvdfXbZLXFhBrbnf
263,Astronaut In The Ocean,0.175,0.778,0.695,0.0,0.15,-6.865,0,0.0913,149.996,4,0.472,9397882,Australia,3VT8hOC5vuDXBsHrR53WFh
264,Cover Me In Sunshine,0.0599,0.476,0.594,0.0,0.0785,-6.879,1,0.135,159.702,4,0.314,6859217,Australia,6Tio0ZoDeSQnI7EBAqWer2
265,Arcade,0.827,0.453,0.35,0.00122,0.144,-11.639,0,0.0425,72.017,3,0.279,4091715,Australia,1J14CdDAvBTE1AJYUOwl6C
266,Live In Life,0.201,0.671,0.727,0.0,0.158,-4.405,0,0.0372,104.016,4,0.577,507304,Australia,0k5NkSR70pw7ONsZ2MYU1s
267,Violent,0.331,0.797,0.755,2.26e-06,0.124,-5.393,1,0.0293,129.955,4,0.411,761703,Australia,7CFfqRW50ffULvBv7lfIIg
268,F.N,0.354,0.567,0.515,0.0,0.078,-10.265,0,0.247,120.1,1,0.321,1192297,Australia,0RLLvYBopDwooCyvnTwgYu
269,Heartbreak Anniversary,0.524,0.449,0.465,1.02e-06,0.303,-8.964,1,0.0791,89.087,3,0.543,6839950,Australia,3FAJ6O0NOHQV8Mc5Ri6ENp
270,I Like Me Better,0.535,0.752,0.505,2.55e-06,0.104,-7.621,1,0.253,91.97,4,0.419,2113045,Australia,2P91MQbaiQOfbiz9VqhqKQ
271,SAD!,0.258,0.74,0.613,0.00372,0.123,-4.88,1,0.145,75.023,4,0.473,455858,Australia,3ee8Jmje8o58CHK66QrVC2
272,Chasing Cars,0.209,0.563,0.592,5.08e-05,0.132,-4.571,1,0.0276,104.016,4,0.136,452189,Australia,11bD1JtSjlIgKgZG2134DZ
273,I'm Yours,0.595,0.686,0.457,0.0,0.105,-8.322,1,0.0468,150.953,4,0.718,1367168,Australia,3S0OXQeoh0w6AY8WQVckRW
274,Whoopty,0.2,0.719,0.648,0.0,0.127,-7.6,0,0.125,140.201,4,0.66,4273380,Australia,1t9WgS8FN0534tLBRwbaxO
275,test drive,0.0251,0.698,0.708,0.0,0.124,-4.943,0,0.0454,115.036,4,0.322,929025,Australia,3eZYOQO4UzKrUDYDghtnFw
276,Love Songs Ain't for Us (feat. Keith Urban),0.591,0.396,0.351,0.0,0.158,-7.787,1,0.0655,182.457,3,0.245,3273637,Australia,5s6pQWa3WI2hqe8bYa8Ai9
277,What Other People Say,0.158,0.652,0.472,0.0,0.121,-8.084,1,0.0399,126.904,4,0.24,3407239,Australia,2h9TDNEXRhcDIV3fsoEVq9
278,Friday (feat. Mufasa & Hypeman) - Dopamine Re-Edit,0.0076,0.824,0.862,0.000132,0.303,-3.424,1,0.126,122.98,4,0.801,6126660,Australia,4cG7HUWYHBV6R6tHn1gxrl
279,Wonderwall - Remastered,0.000452,0.378,0.896,0.0,0.194,-4.066,1,0.0407,174.302,4,0.469,2142009,Australia,5qqabIl2vWzo9ApSC317sa
280,"34+35 Remix (feat. Doja Cat, Megan Thee Stallion) - Remix",0.211,0.659,0.662,0.0,0.228,-5.768,1,0.434,109.957,4,0.704,257835,Australia,2sQH02O2HBCPJCztBrCWNa
281,too many feelings,0.237,0.754,0.706,3.46e-05,0.097,-6.145,1,0.0923,81.943,4,0.536,244844,Australia,3tb3sGsGLnSsyUxue8Aetd
282,motive (with Doja Cat),0.0681,0.789,0.742,0.0,0.166,-5.664,0,0.0652,116.965,4,0.661,470562,Australia,5GkQIP5mWPi4KZLLXeuFTT
283,Pierre,0.289,0.607,0.827,2.95e-06,0.718,-4.282,1,0.0484,100.062,4,0.552,476080,Australia,31c1V9xUONZYk78NE4Id8D
284,Josh,0.227,0.618,0.449,0.0,0.168,-6.192,1,0.0868,105.015,4,0.634,2436046,Australia,6bVcqoYbuS9h7O5XuxAXcf
285,telepatía,0.112,0.653,0.524,0.0,0.203,-9.016,0,0.0502,83.97,4,0.553,3524838,Australia,6tDDoYIxWvMLTdKpjFkc1B
286,AP - Music from the film Boogie,0.152,0.751,0.744,0.000568,0.252,-6.859,1,0.177,148.014,4,0.634,1078909,Australia,17vGPZ5EsdvtgAOCD4FLWI
287,The Thrill,0.277,0.817,0.775,0.0,0.108,-4.767,0,0.108,126.984,4,0.806,3672308,Australia,4wqzOaLxiCRy2Et8tRyNSX
288,CHICKEN TENDIES,0.358,0.57,0.689,0.0,0.0819,-6.242,1,0.147,100.087,4,0.568,2104619,Australia,0awuNCj9gwJEM0seER22DW
289,SugarCrash!,0.53,0.745,0.74,7.37e-05,0.0936,-6.558,1,0.097,97.735,4,0.36,527722,Australia,3FxPbp05KjMBa4HbhAJTH0
290,Wellerman - Sea Shanty / 220 KID x Billen Ted Remix,0.0441,0.722,0.893,0.000937,0.0673,-3.255,0,0.0475,119.932,4,0.439,1456156,Australia,3iw6V4LH7yPj1ESORX9RIN
291,ROLLIN N CONTROLLIN FREESTYLE,0.0975,0.69,0.514,0.497,0.346,-11.81,0,0.328,72.791,4,0.307,468566,Australia,1xqRKo0SDFDO5Jy8yEVD0X
292,when the party's over,0.978,0.367,0.111,3.97e-05,0.0897,-14.084,1,0.0972,82.642,4,0.198,934315,Australia,43zdsphuZLzwA9k4DJhU0I
293,Redbone,0.167,0.743,0.347,0.00951,0.103,-11.174,1,0.121,160.143,4,0.572,684416,Australia,0wXuerDYiBnERgIpbb3JBR
294,What’s Next,0.0136,0.781,0.594,0.0,0.162,-6.959,0,0.0485,129.895,4,0.0628,3260030,Australia,3aQem4jVGdhtg116TmJnHz
295,Leave The Door Open,0.182,0.586,0.616,0.0,0.0927,-7.964,1,0.0324,148.088,4,0.719,5359376,Australia,7MAibcTli4IisCtbHKrGMh
296,Hold On,0.0106,0.658,0.634,0.0,0.132,-5.797,0,0.0413,139.98,4,0.29,1684386,Australia,4u4NyuceXP7Uzh7XFJKCr1
297,Wants and Needs (feat. Lil Baby),0.0618,0.578,0.449,2.17e-06,0.119,-6.349,1,0.286,136.006,4,0.1,2510813,Australia,65OVbaJR5O1RmwOQx0875b
298,Lemon Pepper Freestyle (feat. Rick Ross),0.103,0.77,0.637,0.0,0.171,-5.53,1,0.345,94.966,4,0.431,1104330,Australia,4FRW5Nza1Ym91BGV4nFWXI
299,Tiny Dancer,0.382,0.414,0.428,0.000243,0.148,-11.097,1,0.0278,145.075,4,0.282,467049,Australia,2TVxnKdb3tqe1nhQWwwZCO
300,Falling Up,0.648,0.654,0.756,0.0,0.0995,-3.594,1,0.0534,103.551,4,0.475,761741,Australia,71i3wlanzjflfYz0gkT2W8
301,I Gotta Feeling,0.0873,0.743,0.766,0.0,0.509,-6.375,1,0.0265,127.96,4,0.61,918530,Australia,4kLLWz7srcuLKA7Et40PQR
302,Masterpiece,0.55,0.596,0.895,0.0,0.15,-3.813,1,0.0518,105.048,4,0.578,691356,Australia,30ucZwV9PW1lwhIm3nuFCf
303,"Lose Yourself - From ""8 Mile"" Soundtrack",0.00921,0.686,0.735,0.00066,0.342,-4.616,1,0.264,171.355,4,0.0596,1141844,Australia,1v7L65Lzy0j0vdpRjJewt1
304,I Want It That Way,0.257,0.689,0.694,0.0,0.148,-5.83,0,0.027,99.039,4,0.482,225118,Australia,47BBI51FKFwOMlIiX6m8ya
305,On The Ground,0.0174,0.311,0.607,0.0,0.131,-6.578,1,0.11,188.7,4,0.286,2019744,Australia,2pn8dNVSpYnAtlKFC8Q0DJ
306,Patience (feat. YUNGBLUD & Polo G),0.00251,0.616,0.741,0.0,0.307,-4.272,0,0.0426,122.012,4,0.431,1267214,Australia,5J5CpT6bgE6KYKk23jgp9W
307,Beautiful Mistakes (feat. Megan Thee Stallion),0.0377,0.713,0.676,0.0,0.154,-5.483,1,0.027,99.048,4,0.721,2386133,Australia,6fRxMU4LWwyaSSowV441IU
308,Cupid's Chokehold / Breakfast in America,0.237,0.72,0.744,0.0,0.255,-6.938,0,0.12,78.953,4,0.619,1719287,Australia,2Lhdl74nwwVGOE2Gv35QuK
309,Gone,0.594,0.647,0.377,0.0,0.0768,-6.003,1,0.0375,79.936,4,0.653,319196,Australia,2dHoVW9AxJVSRebPRyV2aA
310,SugarCrash!,0.524,0.748,0.734,1.15e-05,0.0975,-6.499,1,0.124,97.753,4,0.368,524401,Australia,2ePtv8MlBO9nuuXABqAfEX
311,Loading,0.732,0.85,0.68,0.0,0.0964,-6.18,0,0.338,144.006,1,0.694,733337,Australia,4vzJrkfHbCGaodPA5RY5BV
312,Peaches (feat. Daniel Caesar & Giveon),0.321,0.677,0.696,0.0,0.42,-6.181,1,0.119,90.03,4,0.464,6931670,Australia,4iJyoBOLtHqaGxP12qzhQI
313,Hold On,0.0104,0.658,0.634,0.0,0.12,-6.068,0,0.0431,140.002,4,0.302,4186856,Australia,1nahzW3kfMuwReTka28tH5
314,Anyone,0.185,0.685,0.521,3.59e-06,0.111,-8.285,1,0.0345,115.885,4,0.578,2773928,Australia,2WnAKZefdRHxtBEkRjFOHC
315,Holy (feat. Chance The Rapper),0.2,0.67,0.693,0.0,0.0909,-8.34,1,0.35,87.017,4,0.388,2394147,Australia,6Xgq7MvZiet0hVi3KaDSgJ
316,As I Am (feat. Khalid),0.127,0.595,0.543,0.0,0.0975,-8.149,1,0.038,99.928,4,0.109,1909604,Australia,6F2r4HgpJnvKDmkN6JEN6J
317,Unstable (feat. The Kid LAROI),0.737,0.495,0.333,0.0,0.112,-10.109,0,0.0288,99.757,4,0.37,1738988,Australia,137mSruegm1u6x9NvwiagR
318,Lonely (with benny blanco),0.9,0.619,0.241,0.0,0.116,-7.102,0,0.046,79.461,4,0.0719,1333589,Australia,3S8jK1mGzQi24ilFb45DAZ
319,2 Much,0.593,0.583,0.444,0.0,0.353,-8.601,1,0.0456,119.59,4,0.167,692248,Australia,0oaY19dUwZimIgzn3ZZLZO
320,Off My Face,0.92,0.509,0.228,0.0,0.104,-8.68,1,0.0332,90.674,4,0.586,700875,Australia,3T03rPwlL8NVk1yIaxeD8U
321,Street Guide Pt.1,0.285,0.597,0.625,0.0,0.472,-8.8,0,0.374,142.653,4,0.601,708729,Australia,1ubmTL81khbpz07YRUPG2b
322,Ghost,0.185,0.601,0.741,2.91e-05,0.415,-5.569,1,0.0478,153.96,4,0.441,686138,Australia,6I3mqTwhRpn34SLVafSH7G
323,Headshot (feat. Polo G & Fivio Foreign),0.0758,0.809,0.638,0.0,0.15,-7.268,0,0.257,117.982,4,0.392,729352,Australia,6cQ08IpBxxfGcSKxqE3NmB
324,Deserve You,0.0314,0.677,0.633,0.0,0.112,-7.831,1,0.0771,89.934,4,0.409,383274,Australia,5NU40QTlXrDUJzDBdv79bg
325,Die For You (feat. Dominic Fike),0.00196,0.728,0.629,1.94e-06,0.0847,-6.629,1,0.0318,135.031,4,0.71,358752,Australia,7aely3H8kMj9o0gt6vXHE1
326,Loved By You (feat. Burna Boy),0.0696,0.79,0.724,2.33e-06,0.113,-6.972,1,0.0852,101.04,4,0.642,341737,Australia,2tB9OFgAHjAds3cqquLlvp
327,Love You Different (feat. BEAM),0.0652,0.759,0.584,1.59e-06,0.16,-6.655,1,0.06,127.138,4,0.374,332800,Australia,27UcQ6dAvQrgH9C880rCM3
328,Somebody,0.000284,0.551,0.756,9.48e-05,0.118,-7.679,1,0.045,75.991,4,0.359,311635,Australia,3buwFfY33H32wfZ6X9poV3
329,The Difference,0.255,0.56,0.865,0.000153,0.083,-1.148,1,0.0909,159.96,4,0.424,743516,Australia,2oW5T6viRcUuE6Ttk6TJ9B
330,Intentions (feat. Quavo),0.3,0.806,0.546,0.0,0.102,-6.637,1,0.0575,147.986,4,0.874,241039,Australia,2HYvkdq6lpFXkVz9Tfqi8r
331,Run to Paradise,0.161,0.698,0.71,0.0828,0.0489,-8.569,1,0.0452,138.797,4,0.691,1221945,Australia,0siYMEsGrzzzlWLXK5zJfS
332,Lemon Pepper Freestyle (feat. Rick Ross),0.103,0.77,0.637,0.0,0.171,-5.53,1,0.345,94.966,4,0.431,227621,Australia,2f0pn9DkEJwAzXApnFh5cr
333,MONTERO (Call Me By Your Name),0.297,0.61,0.508,0.0,0.384,-6.682,0,0.152,178.818,4,0.758,2516774,Australia,3BZEcbdtXQSo7OrvKRJ6mb
334,Mood (feat. iann dior),0.174,0.701,0.716,0.0,0.324,-3.671,0,0.0361,91.007,4,0.732,2105886,Australia,4jPy3l0RUwlUI9T5XHBW2m
335,Bang!,0.0183,0.74,0.517,0.0,0.0558,-6.233,0,0.0506,139.917,4,0.698,1631400,Australia,5FQPpxOXsvkMN6v18gtpwY
336,You All Over Me (feat. Maren Morris) (Taylor’s Version) (From The Vault),0.818,0.589,0.496,0.0,0.101,-7.606,1,0.0377,142.731,4,0.44,792481,Australia,5pcjystBtalYeqaiXCcgEY
337,Looking For Me,0.00441,0.641,0.529,0.000862,0.0809,-11.536,1,0.0288,121.027,4,0.449,995871,Australia,2KYnSFIrSbaKUXWetW7Klt
338,Body,0.389,0.889,0.705,1.04e-05,0.0692,-8.683,0,0.392,141.069,4,0.815,1333910,Australia,3CVb6hkMrlF7eHhXi5B3PZ
339,Cloud 9,0.00167,0.637,0.929,2.62e-05,0.344,-3.593,1,0.0491,80.974,4,0.902,773939,Australia,6vFsBXYczYsP0H3lgunZOm
340,Latest Trends,0.085,0.716,0.513,0.0,0.12,-10.159,0,0.223,141.894,4,0.8,838576,Australia,7pnQ23WgZca9jEfMts9qsR
341,Big Gangsta,0.519,0.879,0.574,8.76e-06,0.144,-5.602,0,0.391,144.911,4,0.346,239786,Australia,03ERnTvSV5fy8WAyvA4uNP
342,You (with Marshmello & Vance Joy),0.054,0.667,0.572,2.01e-06,0.109,-6.416,1,0.041,103.077,4,0.272,231244,Australia,3wCk9LASPqyp2VovekThtF
343,Calling My Phone,0.451,0.907,0.393,1.35e-06,0.135,-7.636,0,0.0539,104.949,4,0.202,1855623,Australia,3J8EOeKLTLXORtWPpOU5bE
344,deja vu,0.593,0.439,0.61,1.07e-05,0.341,-7.236,1,0.116,181.088,4,0.172,2105297,Australia,61KpQadow081I2AsbeLcsb
345,Met Him Last Night (feat. Ariana Grande),0.22,0.538,0.512,0.0,0.101,-4.548,0,0.0262,144.978,4,0.12,908001,Australia,4yyX2Iu4xJjW9xMvBZKSBi
346,Headshot (feat. Polo G & Fivio Foreign),0.0802,0.808,0.639,0.0,0.15,-7.266,0,0.279,118.0,4,0.395,686337,Australia,4eNOLmx8r2IJAVKvBBL1jv
347,Talking to the Moon,0.512,0.523,0.606,0.0,0.106,-4.754,0,0.0301,145.837,4,0.065,628907,Australia,161DnLWsx1i3u1JT05lzqU
348,"Rocket Man (I Think It's Going To Be A Long, Long Time)",0.432,0.601,0.532,6.25e-06,0.0925,-9.119,1,0.0286,136.571,4,0.341,476335,Australia,3gdewACMIVMEWVbyb8O9sY
349,Sweet Home Alabama,0.181,0.596,0.605,0.000331,0.0863,-12.145,1,0.0255,97.798,4,0.886,232627,Australia,7e89621JPkKaeDSTQ3avtg
350,Hotel California - 2013 Remaster,0.00574,0.579,0.508,0.000494,0.0575,-9.484,1,0.027,147.125,4,0.609,229686,Australia,40riOy7x9W7GXjyGp4pjAv
351,Sex on Fire,0.00172,0.542,0.905,0.0104,0.136,-5.653,1,0.054,153.398,4,0.374,450457,Australia,0ntQJM78wzOLVeCUAW7Y45
352,Run It Up (feat. Offset & Moneybagg Yo),0.415,0.88,0.575,0.0,0.109,-6.091,1,0.163,120.031,4,0.671,224930,Australia,1dg3qy5DjoJodawfOCgrTP
353,The Chain - 2004 Remaster,0.009,0.545,0.67,0.000822,0.0451,-8.81,1,0.0496,151.553,4,0.481,224509,Australia,5e9TFTbltYBg2xThimr0rU
354,Stereo Hearts (feat. Adam Levine),0.0319,0.646,0.795,0.0,0.267,-3.293,1,0.0976,89.99,4,0.796,223726,Australia,0qOnSQQF0yzuPWsXrQ9paz
355,MONTERO (Call Me By Your Name),0.297,0.61,0.508,0.0,0.384,-6.682,0,0.152,178.818,4,0.758,1725071,Australia,67BtfxlNbhBmCDR2L2l8qd
356,RAPSTAR,0.41,0.789,0.536,0.0,0.129,-6.862,1,0.242,81.039,4,0.437,1636022,Australia,43PGPuHIlVOc04jrZVh9L6
357,Kiss Me More (feat. SZA),0.235,0.762,0.701,0.000158,0.123,-3.541,1,0.0286,110.968,4,0.742,1106094,Australia,748mdHapucXQri7IAO8yFK
358,Mr. Perfectly Fine (Taylor’s Version) (From The Vault),0.162,0.66,0.817,0.0,0.0667,-6.269,0,0.0521,135.942,4,0.714,706984,Australia,2CYVETnhM9aytqrazYYwrK
359,Love Story (Taylor’s Version),0.13,0.627,0.792,3.97e-06,0.0845,-4.311,1,0.031,119.054,4,0.415,454083,Australia,6YvqWjhGD8mB5QXcbcUKtx
360,You All Over Me (feat. Maren Morris) (Taylor’s Version) (From The Vault),0.816,0.599,0.494,0.0,0.101,-7.61,1,0.0372,142.893,4,0.44,369032,Australia,4CHpVfAhuxNJ3ibExe6kxO
361,You Belong With Me (Taylor’s Version),0.0623,0.632,0.773,0.0,0.0885,-4.856,1,0.0346,130.033,4,0.474,357915,Australia,1qrpoAMXodY6895hGKoUpA
362,Fearless (Taylor’s Version),0.0122,0.569,0.741,0.0,0.333,-4.963,1,0.0282,100.118,4,0.43,356291,Australia,77sMIMlNaSURUAXq5coCxE
363,X Gon' Give It To Ya,0.0135,0.761,0.899,0.0,0.0719,-3.09,0,0.183,95.027,4,0.673,340633,Australia,1zzxoZVylsna2BQB65Ppcb
364,Fifteen (Taylor’s Version),0.116,0.559,0.646,0.0,0.32,-4.61,1,0.0272,95.466,4,0.289,289759,Australia,2nqio0SfWg6gh2eCtfuMa5
365,Runaway,0.629,0.422,0.302,7.83e-05,0.104,-9.214,1,0.0372,114.089,4,0.123,283820,Australia,1v1oIWf2Xgh54kIWuKsDf6
366,Hey Stephen (Taylor’s Version),0.106,0.788,0.571,0.0,0.0934,-6.135,1,0.0296,115.99,4,0.797,267753,Australia,550erGcdD9n6PnwxrvYqZT
367,The Way I Loved You (Taylor’s Version),0.0033,0.402,0.732,0.0,0.108,-4.665,1,0.0484,161.032,4,0.472,266441,Australia,22bPsP2jCgbLUvh82U0Z3M
368,That’s When (feat. Keith Urban) (Taylor’s Version) (From The Vault),0.225,0.588,0.608,0.0,0.092,-7.062,1,0.0365,90.201,4,0.508,258778,Australia,7eResoqEJJAVTkQYSqvO3P
369,White Horse (Taylor’s Version),0.369,0.423,0.517,0.0,0.177,-7.377,1,0.0486,185.262,4,0.366,252068,Australia,5YL553x8sHderRBDlm3NM3
370,BANKROLL (feat. A$AP Rocky & A$AP Ferg),0.0818,0.784,0.539,0.0,0.106,-8.938,0,0.274,149.059,4,0.576,245051,Australia,3MK6OsCb4VJGdPxvXjW8Q9
371,Forever & Always (Taylor’s Version),0.0231,0.598,0.821,0.0,0.143,-4.433,1,0.0447,128.03,4,0.673,238413,Australia,1msEuwSBneBKpVCZQcFTsU
372,Breathe (feat. Colbie Caillat) (Taylor’s Version),0.156,0.506,0.626,0.0,0.228,-6.066,1,0.0287,148.035,4,0.321,233905,Australia,7HC7R2D8WjXVcUHJyEGjRs
373,Shake It Off,0.0647,0.647,0.8,0.0,0.334,-5.384,1,0.165,160.078,4,0.942,226282,Australia,0cqRj7pUJDkTCEsJkx8snD
374,Yeah! (feat. Lil Jon & Ludacris),0.0183,0.894,0.791,0.0,0.0388,-4.699,1,0.112,105.018,4,0.583,226068,Australia,5rb9QrpfcKFHM1EUbSIurX
