,name,acousticness,danceability,energy,instrumentalness,liveness,loudness,mode,speechiness,tempo,time_signature,valence,streams,country,id
0,Mood (feat. iann dior),0.221,0.7,0.722,0.0,0.272,-3.558,0,0.0369,90.989,4,0.756,9849572,Canada,3tjFYV6RSFtuktYl3ZtYcq
1,Whoopty,0.2,0.719,0.648,0.0,0.127,-7.6,0,0.125,140.201,4,0.66,5734872,Canada,5vGLcdRuSbUhD8ScwsGSdA
2,WITHOUT YOU,0.213,0.662,0.413,0.0,0.134,-7.357,1,0.0299,93.005,4,0.467,11755804,Canada,27OeeYzk6klgBh83TSvGMA
3,Levitating (feat. DaBaby),0.00883,0.702,0.825,0.0,0.0674,-3.787,0,0.0601,102.977,4,0.915,12213784,Canada,5nujrmhLynf4yMoMtj8AQF
4,positions,0.468,0.737,0.802,0.0,0.0931,-4.771,1,0.0878,144.015,4,0.682,7764917,Canada,35mvY5S1H3J2QZyna3TFe0
5,"Lemonade (feat. Gunna, Don Toliver & NAV)",0.25,0.8,0.658,0.0,0.111,-6.142,0,0.079,140.042,4,0.462,8688875,Canada,7hxHWCCAIIxFLCzvDgnQHX
6,Good Days,0.499,0.436,0.655,8.1e-06,0.688,-8.37,0,0.0583,121.002,4,0.412,11087744,Canada,3YJJjQPAbDT7mGpX3WtQ9A
7,Blinding Lights,0.00146,0.514,0.73,9.54e-05,0.0897,-5.934,1,0.0598,171.005,4,0.334,10849850,Canada,0VjIjW4GlUZAMYd2vXMi3b
8,Therefore I Am,0.218,0.889,0.34,0.13,0.055,-7.773,0,0.0697,94.009,4,0.716,7781986,Canada,54bFM56PmE4YLRnqpW6Tha
9,Monster (Shawn Mendes & Justin Bieber),0.0593,0.64,0.392,0.0,0.0839,-7.246,0,0.0574,145.838,4,0.502,7080709,Canada,1HbA4N1MiOsPthALesGFR1
10,What You Know Bout Love,0.65,0.709,0.548,1.59e-06,0.133,-8.493,1,0.353,83.995,4,0.543,8612452,Canada,1tkg4EHVoqnhR6iFEXb60y
11,willow,0.835,0.392,0.579,0.00179,0.145,-9.195,1,0.164,80.961,4,0.549,6561793,Canada,3Uo7WG0vmLQ07WB4BDwy7D
12,34+35,0.237,0.83,0.585,0.0,0.248,-6.476,1,0.094,109.978,4,0.485,6713966,Canada,6Im9k8u9iIzKMrmV7BWtlF
13,Afterglow,0.698,0.641,0.324,0.0,0.328,-5.851,1,0.0299,110.184,4,0.273,5361916,Canada,0E4Y1XIbs8GrAT1YqVy6dq
14,ROCKSTAR (feat. Roddy Ricch),0.247,0.746,0.69,0.0,0.101,-7.956,1,0.164,89.977,4,0.497,7889927,Canada,7ytR5pFWmSjzHJIeQkgog4
15,HOLIDAY,0.12,0.81,0.511,0.0,0.0832,-6.924,0,0.164,151.947,4,0.837,5491287,Canada,6zFMeegAMYQo0mt8rXtrli
16,For The Night (feat. Lil Baby & DaBaby),0.114,0.823,0.586,0.0,0.193,-6.606,0,0.2,125.971,4,0.347,7064040,Canada,0PvFJmanyNQMseIFrU708S
17,WAP (feat. Megan Thee Stallion),0.0194,0.935,0.454,0.0,0.0824,-7.509,1,0.375,133.073,4,0.357,6662506,Canada,4Oun2ylbjFKMPTiaSbbCih
18,you broke me first,0.785,0.667,0.373,0.0,0.0906,-9.389,1,0.05,124.148,4,0.0823,7842300,Canada,45bE4HXI0AwGZXfZtMp8JR
19,Roses - Imanbek Remix,0.0143,0.769,0.719,0.00777,0.359,-5.472,1,0.0474,121.955,4,0.863,7153642,Canada,0zLCBJZSiELJf02ucPP9wb
20,Watermelon Sugar,0.122,0.548,0.816,0.0,0.335,-4.209,1,0.0465,95.39,4,0.557,6466127,Canada,6UelLqGlWMcVH1E5c4H7lY
21,Lonely (with benny blanco),0.864,0.631,0.239,0.0,0.116,-7.071,0,0.0398,79.859,4,0.0927,4389807,Canada,4y4spB9m0Q6026KfkAvy9Q
22,Holy (feat. Chance The Rapper),0.196,0.673,0.704,0.0,0.0898,-8.056,1,0.36,86.919,4,0.372,4913185,Canada,5u1n1kITHCxxp8twBcZxWy
23,Laugh Now Cry Later (feat. Lil Durk),0.244,0.761,0.518,3.47e-05,0.107,-8.871,1,0.134,133.976,4,0.522,6512262,Canada,2SAqBLGA283SUiwJ3xOUVI
24,Someone You Loved,0.751,0.501,0.405,0.0,0.105,-5.679,1,0.0319,109.891,4,0.446,7658954,Canada,7qEHsqek33rTcFNT9PFqLf
25,Wonder,0.136,0.442,0.631,2.29e-05,0.133,-5.096,0,0.05,139.774,4,0.129,4738968,Canada,6ZuahEctZD6w75peme58hm
26,Dance Monkey,0.688,0.825,0.593,0.000161,0.17,-6.401,0,0.0988,98.078,4,0.54,6407685,Canada,1rgnBhdG2JDFTbYkYRZAku
27,Way Out (feat. Big Sean),0.114,0.945,0.582,0.0,0.103,-8.357,0,0.0719,108.025,4,0.907,5812152,Canada,57VeLYXrvNxe8Vs18K2M9W
28,Dynamite,0.0112,0.746,0.765,0.0,0.0936,-4.41,0,0.0993,114.044,4,0.737,5582063,Canada,4saklk6nie3yiGePpBwUoc
29,Prisoner (feat. Dua Lipa),0.0103,0.781,0.67,0.0,0.0761,-3.912,0,0.0452,127.99,4,0.595,5947634,Canada,2Oycxb8QbPkpHTo8ZrmG0B
30,Savage Love (Laxed - Siren Beat),0.234,0.767,0.481,0.0,0.269,-8.52,0,0.0803,150.076,4,0.761,5615847,Canada,1xQ6trAsedVPCdbtDAmk0c
31,Reminds Me Of You,0.0663,0.613,0.631,0.0,0.169,-6.965,1,0.12,149.992,4,0.33,2727370,Canada,5YSHygGN9D0mID1NsVd5my
32,SO DONE,0.232,0.719,0.598,0.0,0.115,-6.254,1,0.077,142.592,4,0.303,906185,Canada,3qgPpwtuRu5oP8EtFSj8HE
33,Put Your Records On,0.0563,0.399,0.491,0.00089,0.11,-10.778,0,0.0538,91.066,4,0.151,4707598,Canada,6AGOKlMZWLCaEJGnaROtF9
34,Blueberry Faygo,0.207,0.774,0.554,0.0,0.132,-7.909,1,0.0383,99.034,4,0.349,5385213,Canada,22LAwLoDA5b4AaGSkg6bKW
35,Goosebumps,0.325,0.767,0.659,0.0,0.13,-7.429,1,0.0444,124.946,4,0.439,2411845,Canada,20McUFi8KCIVdNDLrkTDuZ
36,Be Like That - feat. Swae Lee & Khalid,0.0469,0.727,0.626,2.58e-05,0.126,-8.415,1,0.0726,86.97,4,0.322,5369077,Canada,5f1joOtoMeyppIcJGZQvqJ
37,The Business,0.414,0.798,0.62,0.0192,0.112,-7.079,0,0.232,120.031,4,0.235,9024722,Canada,6f3Slt0GbA2bPZlz0aIFXN
38,Before You Go,0.604,0.459,0.575,0.0,0.0885,-4.858,1,0.0573,111.881,4,0.183,6064608,Canada,2gMXnyrvIjhVBUZwvLZDMP
39,Circles,0.192,0.695,0.762,0.00244,0.0863,-3.497,1,0.0395,120.042,4,0.553,5776417,Canada,21jGcNKet2qwijlDFuPiPb
40,Wishing Well,0.00336,0.65,0.613,0.0,0.267,-6.13,0,0.128,149.972,4,0.0804,5681972,Canada,2U5WueTLIK5WJLD7mvDODv
41,Hello (feat. A Boogie Wit da Hoodie),0.0187,0.905,0.647,0.0,0.282,-5.065,0,0.107,130.97,4,0.367,5814173,Canada,2r6OAV3WsYtXuXjvJ1lIDi
42,Come & Go (with Marshmello),0.0172,0.625,0.814,0.0,0.158,-5.181,1,0.0657,144.991,4,0.535,5475047,Canada,2Y0wPrPQBrGhoLn14xRYCG
43,Forever After All,0.191,0.487,0.65,0.0,0.0933,-5.195,1,0.0253,151.964,4,0.456,4543790,Canada,6IBcOGPsniK3Pso1wHIhew
44,Dreams - 2004 Remaster,0.0644,0.828,0.492,0.00428,0.128,-9.744,1,0.0276,120.151,4,0.789,5194784,Canada,0ofHAoxe9vBkTCp2UQIavz
45,my ex's best friend (with blackbear),0.00473,0.731,0.675,0.0,0.141,-5.134,0,0.0434,124.939,4,0.298,6283128,Canada,7kDUspsoYfLkWnZR7qwHZl
46,The Box,0.104,0.896,0.586,0.0,0.79,-6.687,0,0.0559,116.971,4,0.642,5157828,Canada,0nbXyq5TXYPCO7pr3N8S4I
47,Tyler Herro,0.0872,0.792,0.793,0.0,0.22,-6.185,0,0.0841,123.031,4,0.775,4778303,Canada,3w1WjD2zJqjBjDz5fwqQPJ
48,Body,0.0166,0.914,0.732,0.0,0.107,-6.1,0,0.241,94.066,4,0.469,2464682,Canada,0A1hoCfMLkiAgvhWkkucJa
49,Paradise (feat. Dermot Kennedy),0.0689,0.632,0.595,0.0,0.209,-7.644,0,0.0401,124.114,4,0.435,6598899,Canada,6ft4hAq6yde8jPZY2i5zLr
50,Sunflower - Spider-Man: Into the Spider-Verse,0.533,0.755,0.522,0.0,0.0685,-4.368,1,0.0575,89.96,4,0.925,5398850,Canada,0RiRZpuVRbi7oqRdSMwhQY
51,Sweater Weather,0.0495,0.612,0.807,0.0177,0.101,-2.81,1,0.0336,124.053,4,0.398,5681849,Canada,2QjOHCTQ1Jl3zawyYOpxh6
52,Don't Start Now,0.0123,0.793,0.793,0.0,0.0951,-4.521,0,0.083,123.95,4,0.679,5064778,Canada,3PfIrDoz19wz7qK7tYeu62
53,Bang!,0.0183,0.74,0.516,0.0,0.0558,-6.233,0,0.0507,139.918,4,0.698,5599322,Canada,53BHUFdQphHiZUUG3nx9zn
54,"Whats Poppin (feat. DaBaby, Tory Lanez & Lil Wayne) [Remix] - Bonus Track",0.0631,0.904,0.723,0.0,0.185,-5.224,0,0.26,145.013,4,0.835,5188223,Canada,0ZLuW8uOXdFNWcI40C0OC2
55,POPSTAR (feat. Drake),0.057,0.8,0.56,0.0,0.134,-4.818,0,0.261,163.071,4,0.45,5091611,Canada,6EDO9iiTtwNv6waLwa1UUq
56,Snowman,0.483,0.716,0.512,0.0,0.0928,-6.257,1,0.0331,104.957,3,0.326,1477072,Canada,7uoFMmxln0GPXQ0AcCBXRq
57,Head & Heart (feat. MNEK),0.168,0.734,0.874,1.14e-05,0.0489,-3.158,1,0.0662,122.953,4,0.905,4814691,Canada,6cx06DFPPHchuUAcTxznu9
58,Mood Swings (feat. Lil Tjay),0.487,0.48,0.602,0.0,0.0848,-6.335,0,0.368,179.798,4,0.269,4765182,Canada,5rZlwNFl01HqLWBQGryKSm
59,If the World Was Ending - feat. Julia Michaels,0.866,0.464,0.473,0.0,0.109,-10.086,1,0.129,75.801,4,0.604,5010378,Canada,2kJwzbxV2ppxnQoYw4GLBZ
60,champagne problems,0.92,0.462,0.24,0.0,0.113,-12.077,1,0.0377,171.319,4,0.32,1927029,Canada,0sY6ZUTh4yoctD8VIXz339
61,Take You Dancing,0.0332,0.789,0.711,0.0,0.0876,-4.248,1,0.041,112.985,4,0.753,3893336,Canada,59qrUpoplZxbIZxk6X0Bm3
62,Lucid Dreams,0.349,0.511,0.566,0.0,0.34,-7.23,0,0.2,83.903,4,0.218,5082564,Canada,285pBltuF7vW8TeWk8hdRR
63,D?KITI,0.401,0.731,0.573,5.22e-05,0.113,-10.059,0,0.0544,109.928,4,0.145,4141888,Canada,4MzXwWMhyBbmu6hOcLVD49
64,Spicy (feat. Post Malone),0.143,0.782,0.51,0.0,0.115,-5.724,0,0.0419,99.993,4,0.118,4987306,Canada,5IUtvfNvOyVYZUa6AJFrnP
65,Heather,0.584,0.357,0.425,0.0,0.322,-7.301,1,0.0333,102.078,3,0.27,4703480,Canada,4xqrdfXkTW4T0RauPLv3WA
66,death bed (coffee for your head),0.731,0.726,0.431,0.0,0.696,-8.765,0,0.135,144.026,4,0.348,4632242,Canada,7eJMfftS33KTjuF7lTsMCx
67,Breaking Me,0.223,0.789,0.72,0.0,0.129,-5.652,0,0.218,122.031,4,0.664,4362815,Canada,3H7ihDc1dqLriiWXwsc2po
68,Save Your Tears,0.0212,0.68,0.826,1.24e-05,0.543,-5.487,1,0.0309,118.051,4,0.644,13318963,Canada,5QO79kh1waicV47BqGRL3g
69,Rain On Me (with Ariana Grande),0.021,0.672,0.855,0.0,0.323,-3.764,1,0.0397,123.056,4,0.646,3740180,Canada,7ju97lgwC2rKQ6wwsf9no9
70,Godzilla (feat. Juice WRLD),0.145,0.808,0.745,0.0,0.292,-5.26,0,0.342,165.995,4,0.829,4425487,Canada,7FIWs0pqAYbP91WWM0vlTQ
71,Dior,0.212,0.548,0.805,0.000389,0.408,-5.732,1,0.351,142.094,4,0.648,4899189,Canada,79s5XnCN4TJKTVMSmOx8Ep
72,pov,0.36,0.487,0.534,0.0,0.1,-5.664,0,0.0555,131.798,4,0.173,1116083,Canada,3UoULw70kMsiVXxW0L3A33
73,Robbery,0.328,0.685,0.692,0.0,0.153,-5.122,1,0.0457,159.966,5,0.578,4593733,Canada,6Hj9jySrnFppAI0sEMCZpJ
74,Martin & Gina,0.345,0.832,0.534,0.0,0.165,-7.813,0,0.253,93.924,4,0.116,5787336,Canada,1VLtjHwRWOVJiE5Py7JxoQ
75,Heat Waves,0.44,0.761,0.525,6.7e-06,0.0921,-6.9,1,0.0944,80.87,4,0.531,6705017,Canada,02MWAaffLxlfxAUY7c5dvx
76,"Mood (Remix) feat. Justin Bieber, J Balvin & iann dior",0.151,0.721,0.745,1.24e-06,0.372,-3.508,0,0.0366,90.988,4,0.699,2788183,Canada,6FuGJB290AQMAHTfjOYVaK
77,All Girls Are The Same,0.0769,0.671,0.529,0.000335,0.0856,-7.226,1,0.307,161.989,4,0.203,4688637,Canada,4VXIryQMWpIdGgYR4TrjT1
78,Life Is Good (feat. Drake),0.067,0.795,0.574,0.0,0.15,-6.903,0,0.487,142.053,4,0.537,4243235,Canada,1K5KBOgreBi5fkEHvg5ap3
79,Memories,0.837,0.764,0.32,0.0,0.0822,-7.209,1,0.0546,91.019,4,0.575,4131467,Canada,2b8fOow8UzyDFAE27YhOZM
80,The Woo (feat. 50 Cent & Roddy Ricch),0.0221,0.49,0.618,3.77e-06,0.259,-5.655,1,0.104,99.7,4,0.286,4109820,Canada,1H7KnK26kc1YyellpbINEn
81,Intentions (feat. Quavo),0.3,0.806,0.546,0.0,0.102,-6.637,1,0.0575,147.986,4,0.874,3512897,Canada,4umIPjkehX1r7uhmGvXiSV
82,Kings & Queens,0.00786,0.637,0.69,0.0,0.124,-4.057,0,0.0405,129.857,4,0.457,3190339,Canada,7a53HqqArd4b9NF4XAmlbI
83,Gnat,0.248,0.835,0.869,0.0,0.462,-4.582,0,0.27,140.945,4,0.82,806196,Canada,6cS9PmLky2NhLOhpIsUlow
84,Midnight Sky,0.00161,0.699,0.805,0.00177,0.249,-5.535,0,0.0345,109.976,4,0.232,1332801,Canada,4i2qxFEVVUi8yOYoxB8TCX
85,Starting Over,0.452,0.638,0.538,0.000415,0.0695,-8.445,1,0.0315,89.124,4,0.318,3899312,Canada,3K07bGe8iljQ3mOKArHLDo
86,Adore You,0.0237,0.676,0.771,7e-06,0.102,-3.675,1,0.0483,99.048,4,0.569,4023037,Canada,3jjujdWJ72nww5eGnfs2E7
87,Love Not War (The Tampa Beat),0.105,0.738,0.85,0.0,0.23,-3.049,1,0.0642,98.013,4,0.865,1565598,Canada,4Lt6GXGzYsa1tgkv3nGSTm
88,Sunday Best,0.183,0.878,0.525,0.0,0.0714,-6.832,1,0.0578,112.022,4,0.694,2053752,Canada,1Cv1YLb4q0RzL6pybtaMLo
89,"10,000 Hours (with Justin Bieber)",0.153,0.654,0.63,0.0,0.111,-4.644,1,0.0259,89.991,4,0.43,4228755,Canada,2wrJq5XKLnmhRXHIAf9xBa
90,Train Wreck,0.701,0.311,0.485,0.0,0.0726,-5.726,0,0.0365,77.355,4,0.225,3514528,Canada,55Am8neGJkdj2ADaM3aw5H
91,Somebodyfs Problem,0.662,0.657,0.54,0.0,0.123,-7.675,1,0.0287,136.97,4,0.625,280014,Canada,0SErdEdRcVX1uJCf1eTGYH
92,Shallow,0.371,0.572,0.385,0.0,0.231,-6.362,1,0.0308,95.799,4,0.323,4595778,Canada,2VxeLyX666F8uXCJ0dZF8B
93,bad guy,0.328,0.701,0.425,0.13,0.1,-10.965,1,0.375,135.128,4,0.562,3744508,Canada,2Fxmhks0bxGSBdJ92vM42m
94,On Me,0.00327,0.856,0.564,0.0,0.134,-6.295,0,0.392,77.972,4,0.483,4204608,Canada,4Iedi94TIaB2GGb1nMB68v
95,goosebumps,0.0847,0.841,0.728,0.0,0.149,-3.37,1,0.0484,130.049,4,0.43,4266579,Canada,6gBFPUFcJLzWGx4lenP6h2
96,"no body, no crime (feat. HAIM)",0.431,0.547,0.613,0.0,0.102,-7.577,0,0.0264,79.011,4,0.528,512719,Canada,6NriykdkRrjQMZo1sfVYUo
97,Haw?i - Remix,0.105,0.766,0.788,5.81e-06,0.142,-3.128,0,0.312,179.984,4,0.609,920579,Canada,0GzuHFG4Ql6DoyxFRnIk3F
98,Moonwalking in Calabasas (feat. Blueface) - Remix,0.0614,0.928,0.341,0.0,0.162,-10.196,0,0.103,129.966,4,0.745,2678570,Canada,7o4gBbTM6UBLkOYPw9xMCz
99,More Than My Hometown,0.601,0.621,0.882,0.0,0.132,-5.01,1,0.0459,126.014,4,0.574,262354,Canada,0eBXyY4SatzpE7opnzgXvz
100,gold rush,0.83,0.512,0.462,0.166,0.121,-10.491,1,0.0408,112.05,4,0.353,502337,Canada,5BK0uqwY9DNfZ630STAEaq
101,ROXANNE,0.0522,0.621,0.601,0.0,0.46,-5.616,0,0.148,116.735,5,0.457,3262129,Canada,696DnlkuDOXcMAnKlTgXXK
102,hot girl bummer,0.125,0.782,0.559,0.0,0.385,-7.106,0,0.0767,129.992,1,0.685,3842343,Canada,2mt1IqcFyY1zmYZT8Q3xw9
103,Daisy,0.235,0.834,0.663,0.0,0.372,-6.143,1,0.133,121.876,4,0.774,524896,Canada,0AUvWawuP0ibk4SQ3sIZjk
104,GO (feat. Juice WRLD),0.157,0.487,0.74,0.0,0.612,-4.973,1,0.0944,73.779,4,0.522,2983829,Canada,2rPHUAeUPbNgTmK18FPTiZ
105,Jocelyn Flores,0.469,0.872,0.391,4.13e-06,0.297,-9.144,0,0.242,134.021,4,0.437,3898549,Canada,7m9OqQk4RVRkw9JJdeAw96
106,HIGHEST IN THE ROOM,0.0546,0.598,0.427,5.83e-06,0.21,-8.764,0,0.0317,76.469,4,0.0605,3818056,Canada,3eekarcy7kvN4yt5ZFzltW
107,Don't Stop Believin',0.127,0.5,0.748,0.0,0.447,-9.072,1,0.0363,118.852,4,0.514,4140463,Canada,4bHsxqR3GMrXTxEPLuK5ue
108,Say You Won't Let Go,0.695,0.358,0.557,0.0,0.0902,-7.398,1,0.059,85.043,4,0.494,4172207,Canada,5uCax9HTNlzGybIStD3vDh
109,Show Out (with Skepta & Pop Smoke),0.43,0.619,0.589,0.000392,0.378,-6.531,1,0.124,143.896,4,0.158,2214391,Canada,5CFJRZRq6sdKKtRwNPWbYv
110,Falling,0.123,0.784,0.43,0.0,0.0887,-8.756,0,0.0364,127.087,4,0.236,2600880,Canada,2rRJrJEo19S2J82BDsQ3F7
111,Still Trappin' (with King Von),0.0439,0.877,0.677,0.0,0.0986,-4.969,0,0.356,144.941,4,0.627,1419889,Canada,43BlKpJcSrC9AsJ3F1DKg9
112,Element,0.0301,0.772,0.878,2.18e-06,0.251,-4.22,1,0.324,61.311,5,0.305,2873668,Canada,57BGVV6wcyhbn3hsjlqEZB
113,GREECE (feat. Drake),0.0743,0.695,0.343,1.04e-06,0.107,-10.798,1,0.0432,85.84,4,0.229,3376010,Canada,35RJhm1pEovTBwnNR0zWad
114,Be Kind (with Halsey),0.00776,0.63,0.633,0.0,0.0541,-7.088,1,0.0457,93.995,4,0.452,3042817,Canada,3Z8FwOEN59mRMxDCtb8N0A
115,July,0.868,0.708,0.186,0.0,0.0779,-8.953,0,0.042,72.541,4,0.322,3768685,Canada,6J2LdBN97cDWn0MLxYh9HB
116,Se?orita,0.0392,0.759,0.548,0.0,0.0828,-6.049,0,0.029,116.967,4,0.749,3611183,Canada,6v3KW9xbzN5yKLt9YKDYA2
117,Toosie Slide,0.289,0.83,0.49,3.04e-06,0.113,-8.82,0,0.209,81.604,4,0.845,1533650,Canada,466cKvZn1j45IpxDdYZqdA
118,etis the damn season,0.737,0.575,0.435,5.38e-05,0.105,-8.193,1,0.0311,145.91,4,0.351,472465,Canada,4GBkffrtA51p17JH35irGA
119,Hayloft,0.00475,0.527,0.922,0.000162,0.422,-2.666,0,0.0728,95.975,4,0.49,2821341,Canada,2kS6td1yvmpNgZTt1q5pQq
120,Diamonds,0.161,0.637,0.666,0.0,0.108,-6.773,0,0.0494,104.02,4,0.529,1892859,Canada,1hJIbOjWpid6LtnozHmzRS
121,WHATS POPPIN,0.017,0.923,0.604,0.0,0.272,-6.671,0,0.245,145.062,4,0.826,1135452,Canada,1jaTQ3nqY3oAAYyCTbIvnM
122,Wolves (feat. Post Malone),0.0978,0.724,0.675,9.41e-06,0.351,-5.267,1,0.0867,160.048,4,0.325,3481079,Canada,33gwZOGJWEZ7dRWPqPxBEZ
123,Coco (feat. DaBaby),0.146,0.692,0.774,0.0,0.155,-4.385,0,0.0872,98.066,4,0.533,2510388,Canada,2V6pjeOCuPBVlatcWTXUtP
124,lovely (with Khalid),0.934,0.351,0.296,0.0,0.095,-10.109,0,0.0333,115.284,4,0.12,3719792,Canada,0u2P5u6lvoDfwTYjAADbn4
125,Stuck with U (with Justin Bieber),0.223,0.597,0.45,0.0,0.382,-6.658,1,0.0418,178.765,3,0.537,1571511,Canada,4HBZA5flZLE435QTztThqH
126,Daddy Issues,0.0678,0.588,0.521,0.149,0.123,-9.461,1,0.0329,85.012,4,0.337,3114849,Canada,5E30LdtzQTGqRvNd7l6kG5
127,Drankin N Smokin,0.0421,0.752,0.658,0.0,0.0927,-6.297,1,0.342,151.951,4,0.387,1682238,Canada,0k7wmahjkn389wAZdz19Cv
128,Falling,0.839,0.567,0.267,1.46e-06,0.089,-6.502,1,0.0299,110.011,4,0.0592,3329344,Canada,1ZMiCix7XSAbfAJlEZWMCp
129,Runnin,0.00748,0.819,0.626,0.101,0.167,-4.574,0,0.202,143.01,4,0.415,2505110,Canada,5SWnsxjhdcEDc7LJjq9UHk
130,Tequila Shots,0.084,0.712,0.556,5.04e-05,0.527,-7.214,0,0.0531,90.494,4,0.22,234675,Canada,30KctD1WsHKTIYczXjip5a
131,Whiskey Glasses,0.369,0.614,0.68,1.84e-06,0.115,-4.58,1,0.0289,149.959,4,0.707,3028200,Canada,6foY66mWZN0pSRjZ408c00
132,Go Crazy,0.316,0.755,0.578,0.0,0.25,-8.932,0,0.145,94.148,4,0.581,660414,Canada,1IIKrJVP1C9N7iPtG6eOsK
133,Smile (with The Weeknd),0.224,0.694,0.685,0.0,0.124,-6.535,0,0.133,158.831,4,0.306,2047525,Canada,6wQlQrTY5mVS8EGaFZVwVF
134,E-GIRLS ARE RUINING MY LIFE!,0.00161,0.614,0.937,0.00136,0.103,-7.443,1,0.115,84.98,4,0.386,1096769,Canada,7bCfHiRcfUjG0YVVNUL7Ve
135,Ride It,0.177,0.88,0.751,6.43e-05,0.106,-4.258,0,0.0874,117.948,4,0.884,3386854,Canada,2tnVG71enUj33Ic2nFN6kZ
136,Ballin' (with Roddy Ricch),0.392,0.809,0.545,0.0,0.151,-6.678,1,0.0735,97.008,4,0.244,2871341,Canada,3QzAOrNlsabgbMwlZt7TAY
137,Say So,0.256,0.787,0.673,3.57e-06,0.0904,-4.577,0,0.158,110.962,4,0.786,229448,Canada,3Dv1eDb0MEgF93GpLXlucZ
138,Perfect,0.163,0.599,0.448,0.0,0.106,-6.312,1,0.0232,95.05,3,0.168,3701453,Canada,0tgVpDi06FyKpA1z0VMD4v
139,After Party,0.00981,0.629,0.692,0.331,0.603,-8.045,1,0.0376,162.948,4,0.453,2213408,Canada,527k23H0A4Q0UJN3vGs0Da
140,No Role Modelz,0.301,0.692,0.521,0.0,0.0565,-8.465,0,0.33,100.45,4,0.463,3847889,Canada,62vpWI1CHwFy7tMIcSStl8
141,Slay3r,0.165,0.885,0.661,0.0,0.334,-5.062,0,0.141,140.028,4,0.436,227377,Canada,1eMNW1HQjF1dbb4GtnmpaX
142,ily (i love you baby) (feat. Emilee),0.0686,0.674,0.774,0.00188,0.393,-7.567,0,0.0892,112.05,4,0.33,1076450,Canada,62aP9fBQKYKxi7PDXwcUAS
143,Like Gold (feat. Stephen Puth),0.0699,0.759,0.845,8.65e-05,0.215,-6.794,0,0.0421,124.0,4,0.694,3651259,Canada,2u4wau7fhAHSCMedjS3VDY
144,Chicago Freestyle (feat. Giveon),0.629,0.735,0.449,0.0,0.113,-7.507,1,0.347,122.947,4,0.0397,3026006,Canada,4wVOKKEHUJxHCFFNUWDn0B
145,Sofia,0.598,0.744,0.619,0.00372,0.231,-9.805,1,0.039,112.997,4,0.641,439400,Canada,7B3z0ySL9Rr0XvZEAjWZzM
146,Dancing in My Room,0.671,0.98,0.413,7.95e-05,0.17,-11.052,0,0.101,119.993,4,0.764,1583903,Canada,6Pgmqg15yVexuOgtzuxwoX
147,Dead Man Walking,0.279,0.505,0.267,0.0,0.096,-13.763,0,0.05,143.929,4,0.439,1332018,Canada,5VlTQnZO89Ioku8ssdbqJk
148,What A Man Gotta Do,0.00839,0.852,0.698,1.03e-06,0.0773,-7.206,1,0.0629,113.039,4,0.324,1086099,Canada,4wNIkl5XGiAACjFBlDWuSd
149,Electric Love,0.00543,0.611,0.797,0.00137,0.26,-7.627,0,0.0533,120.041,4,0.518,3421799,Canada,2GiJYvgVaD2HtM8GqD9EgQ
150,I Hope,0.0951,0.466,0.536,0.0,0.114,-6.227,1,0.0429,75.998,4,0.377,1556586,Canada,23T0OX7QOiIUFShSzbJ5Uo
151,cardigan,0.537,0.613,0.581,0.000345,0.25,-8.588,0,0.0424,130.033,4,0.551,1288207,Canada,4R2kfaDFhslZEMJqAFNpdd
152,Deep End,0.758,0.711,0.592,0.0,0.156,-7.136,0,0.23,124.749,4,0.535,440250,Canada,6HlE9t71z9DjGi7KqSyEpA
153,I Don't Care (with Justin Bieber),0.0902,0.798,0.676,0.0,0.0894,-5.041,1,0.0442,101.956,4,0.843,220024,Canada,0hVXuCcriWRGvwMV1r5Yn9
154,Bandit (with YoungBoy Never Broke Again),0.0687,0.474,0.631,0.0,0.132,-5.884,0,0.343,180.051,4,0.425,1986565,Canada,6Gg1gjgKi2AK4e0qzsR7sd
155,SICKO MODE,0.00513,0.834,0.73,0.0,0.124,-3.714,1,0.222,155.008,4,0.446,3480525,Canada,2xLMifQCjDGFmkHkpNLD9h
156,Mr. Right Now (feat. Drake),0.231,0.647,0.667,0.0,0.133,-5.563,1,0.304,172.08,4,0.704,648205,Canada,4Q34FP1AT7GEl9oLgNtiWj
157,Cry Baby (feat. DaBaby),0.00402,0.957,0.437,0.0,0.219,-7.882,1,0.359,130.058,4,0.616,1346635,Canada,4aarlAfLKVCTxUDNgbwhjH
158,Party Girl,0.747,0.73,0.439,0.0,0.0988,-9.864,0,0.0609,130.09,4,0.615,420262,Canada,3IJYUaN3tx04S4TYyZHKoP
159,everything i wanted,0.902,0.704,0.225,0.657,0.106,-14.454,0,0.0994,120.006,4,0.243,1531034,Canada,3ZCTVFBt2Brf31RLEnCkWJ
160,Why'd You Only Call Me When You're High?,0.0483,0.691,0.631,1.13e-05,0.104,-6.478,1,0.0368,92.004,4,0.8,1990100,Canada,48q0vSHcJdhK3IiXH8C5WJ
161,tolerate it,0.878,0.316,0.361,2.67e-05,0.0797,-10.381,1,0.0488,74.952,5,0.221,214448,Canada,0PurA4JVJ8YQgSVopY8fn6
162,rockstar (feat. 21 Savage),0.124,0.585,0.52,7.01e-05,0.131,-6.136,0,0.0712,159.801,4,0.129,639988,Canada,0e7ipj03S05BNilyu5bRzt
163,Just the Two of Us (feat. Bill Withers),0.572,0.802,0.488,0.0598,0.0763,-9.304,1,0.0813,95.77,4,0.624,427914,Canada,1ko2lVN0vKGUl9zrU0qSlT
164,exile (feat. Bon Iver),0.778,0.298,0.38,5.62e-05,0.11,-8.426,1,0.0287,75.602,4,0.152,427151,Canada,4pvb0WLRcMtbPGmtejJJ6y
165,Golden,0.21,0.448,0.838,0.000131,0.131,-5.257,0,0.0557,139.863,4,0.254,2826899,Canada,45S5WTQEGOB1VHr1Q4FuPl
166,Better Together,0.827,0.552,0.225,0.0,0.111,-11.501,1,0.0477,138.002,4,0.67,2683087,Canada,6gdLyYNuhWBzqwlOFSsXC7
167,21,0.149,0.783,0.479,0.0,0.101,-10.646,1,0.541,176.027,4,0.533,3333430,Canada,3JKgcAa7r07ocVWcV8bS0H
168,Fly Away,0.217,0.806,0.513,0.0,0.217,-6.208,1,0.0685,124.988,4,0.503,3432456,Canada,5ri4zqtWhG07hIuNNDWP76
169,Ophelia,0.613,0.664,0.573,0.000363,0.0857,-6.519,1,0.0277,76.023,4,0.566,3443418,Canada,5NORWMFC27ywGSZxi8uquP
170,Higher Love,0.0151,0.693,0.678,5.71e-06,0.101,-7.159,1,0.0324,103.952,4,0.404,2111078,Canada,1kKYjjfNYxE0YYgLa7vgVY
171,Adderall (Corvette Corvette) - Remix,0.217,0.921,0.718,0.0,0.189,-3.545,0,0.299,141.06,4,0.677,207004,Canada,7s95nPLMfiLTPoQ7pqUFmO
172,SAD!,0.258,0.74,0.613,0.00372,0.123,-4.88,1,0.145,75.023,4,0.473,2456695,Canada,3ee8Jmje8o58CHK66QrVC2
173,ALWAYS DO,0.0442,0.762,0.426,0.0,0.0858,-6.865,1,0.113,167.827,4,0.582,206470,Canada,3QCU8BT0zDS9LPVfEhRFEE
174,Shape of You,0.581,0.825,0.652,0.0,0.0931,-3.183,0,0.0802,95.977,4,0.931,829323,Canada,7qiZfU4dY1lWllzX7mPBI3
175,THE SCOTTS,0.233,0.716,0.537,0.0,0.157,-7.648,0,0.0514,129.979,4,0.28,205688,Canada,39Yp9wwQiSRIDOvrVg7mbk
176,Pop Out (feat. Lil Tjay),0.15,0.772,0.639,0.0,0.0698,-7.119,1,0.467,168.112,4,0.261,3074649,Canada,6uFn47ACjqYkc0jADwEdj1
177,Got It On Me,0.00815,0.688,0.647,1.65e-05,0.095,-7.258,1,0.19,88.834,4,0.195,1256913,Canada,25zlnOAzbVoOzIeXSvQFf1
178,Be Alright,0.705,0.551,0.537,0.0,0.0802,-7.595,1,0.034,126.421,4,0.493,2848782,Canada,5qrSlOut2rNAWv3ubArkNy
179,All of Me,0.922,0.422,0.264,0.0,0.132,-7.064,1,0.0322,119.93,4,0.331,3501115,Canada,3U4isOIWM3VvDubwSI3y7a
180,One Of Them Girls,0.29,0.643,0.79,0.0,0.107,-6.079,1,0.0461,95.981,4,0.808,1672281,Canada,6uyiyatWPCqC59Mm4rO8xL
181,Hotel California - 2013 Remaster,0.00574,0.579,0.508,0.000494,0.0575,-9.484,1,0.027,147.125,4,0.609,2869206,Canada,40riOy7x9W7GXjyGp4pjAv
182,F.N,0.354,0.567,0.515,0.0,0.078,-10.265,0,0.247,120.1,1,0.321,3202540,Canada,0RLLvYBopDwooCyvnTwgYu
183,Break My Heart,0.167,0.73,0.729,1.39e-06,0.349,-3.434,0,0.0883,113.013,4,0.467,200457,Canada,017PF4Q3l4DBUiWoXk4OWT
184,Took Her To The O,0.0149,0.82,0.592,4.71e-06,0.121,-7.002,1,0.29,159.98,4,0.4,200012,Canada,7fEoXCZTZFosUFvFQg1BmW
185,Beautiful Crazy,0.676,0.551,0.402,0.0,0.0928,-7.431,1,0.0262,103.313,4,0.382,2359479,Canada,2rxQMGVafnNaRaXlRMWPde
186,Hate The Other Side (with Marshmello & The Kid Laroi),0.291,0.701,0.65,0.0,0.112,-6.313,1,0.104,90.003,4,0.647,199504,Canada,0ada5XsQGLPUVbmTCkAP49
187,PTSD,0.0317,0.883,0.808,0.0,0.207,-3.158,0,0.183,119.012,4,0.805,198848,Canada,3jT2LKH0RSbQ8jIUNFzXm5
188,7 Summers,0.428,0.457,0.774,4.29e-05,0.119,-5.201,1,0.0336,203.863,4,0.59,198334,Canada,0tbjiOUl4k492KPdWZS9sy
189,Dancing In The Moonlight (feat. NEIMY),0.27,0.659,0.615,0.0,0.187,-5.865,0,0.0644,119.843,4,0.193,3182836,Canada,4GSDkZt7GcmzBWmsMcpaVO
190,Take Me To Church,0.634,0.566,0.664,0.0,0.116,-5.303,0,0.0464,128.945,4,0.437,3407698,Canada,3dYD57lRAUcMHufyqn9GcI
191,This City,0.733,0.605,0.377,0.0,0.0808,-6.213,1,0.0443,73.877,4,0.519,2592822,Canada,3H3r2nKWa3Yk5gt8xgmsEt
192,MAMACITA,0.19,0.88,0.626,0.000755,0.094,-7.062,1,0.0473,105.01,4,0.441,197058,Canada,24IgCW19L8lXKyFZwzFtD3
193,PRACTICE,0.0239,0.849,0.536,0.0,0.126,-7.307,1,0.349,141.964,4,0.308,197030,Canada,4Z5FyQlevoHoa5FsIVKZju
194,Tennessee Whiskey,0.205,0.392,0.37,0.0096,0.0821,-10.888,1,0.0298,48.718,4,0.512,1941152,Canada,3fqwjXwUGN6vbzIwvyFMhx
195,BOP,0.189,0.769,0.787,0.0,0.129,-3.909,1,0.367,126.77,4,0.836,629913,Canada,6Ozh9Ok6h4Oi1wUSLtBseN
196,Star Shopping,0.0967,0.585,0.471,0.0184,0.115,-9.934,0,0.0616,93.099,4,0.323,1261472,Canada,30bqVoKjX479ab90a8Pafp
197,Errbody,0.000407,0.887,0.606,0.0,0.151,-6.572,1,0.324,139.995,4,0.272,407516,Canada,6eVxH9Kyanzrw636zJRPcw
198,Livinf The Dream,0.575,0.621,0.754,0.00484,0.213,-5.904,0,0.0269,127.036,4,0.441,194029,Canada,2L4YgbxxwmwafMqLIjSx8q
199,drivers license,0.721,0.585,0.436,1.31e-05,0.105,-8.761,1,0.0601,143.874,4,0.132,23486202,Canada,7lPN2DXiMsVn7XUKtOW1CS
200,Anyone,0.181,0.686,0.538,3.13e-06,0.113,-8.026,1,0.0345,115.884,4,0.584,6528372,Canada,31qCy5ZaophVA81wtlwLc4
201,Wasted On You,0.373,0.505,0.657,0.00107,0.126,-5.24,0,0.0318,196.0,3,0.252,4873605,Canada,3cBsEDNhFI9E82vPj3kvi3
202,Somebodyfs Problem,0.657,0.658,0.538,0.0,0.123,-7.676,1,0.0289,136.967,4,0.62,2612894,Canada,42lqBjPYlmL1EXpMDXvhSN
203,More Than My Hometown,0.615,0.62,0.869,0.0,0.131,-5.479,1,0.0462,126.019,4,0.597,1955794,Canada,5OELUCYgOHKFAvCERnAvfS
204,Sand In My Boots,0.59,0.403,0.537,0.0,0.112,-6.628,1,0.031,69.877,4,0.414,2178511,Canada,0uRrG2jRR5tuifsYIJHEao
205,865,0.723,0.532,0.584,0.0,0.101,-5.254,1,0.0248,88.003,4,0.367,1179533,Canada,0sKEilrw1GrBlG6qsTCrP4
206,7 Summers,0.417,0.466,0.786,6.1e-05,0.125,-5.13,1,0.0328,203.903,4,0.571,1632329,Canada,4obHzpwGrjoTuZh2DItEMZ
207,Best Friend (feat. Doja Cat),0.00302,0.84,0.766,3.61e-06,0.0684,-4.12,1,0.136,94.018,4,0.402,7043988,Canada,2etHQJxIbV0soyPhelVs9Y
208,Warning,0.46,0.633,0.664,0.0,0.108,-5.037,1,0.0294,115.058,4,0.268,689371,Canada,64SCQtbRtmO28ks1QhS3w5
209,Livinf The Dream,0.581,0.621,0.753,0.00605,0.215,-5.904,0,0.0271,127.035,4,0.438,643191,Canada,3O9lWje3TSupR4vObAg9Yu
210,Still Goin Down,0.49,0.58,0.752,0.0,0.277,-5.078,1,0.0267,148.108,4,0.72,1190462,Canada,2Qz8kpCjxulML39zB6gQxY
211,Cover Me Up,0.232,0.549,0.44,7.37e-06,0.107,-8.192,1,0.0264,128.01,3,0.214,1326050,Canada,0mKnuxVkPi5h0kuvZl44VM
212,Vibez,0.242,0.635,0.659,0.0285,0.105,-7.499,1,0.116,96.855,4,0.34,367970,Canada,709F3MwiVvLD0LQXeKs5Cz
213,Neon Eyes,0.0214,0.576,0.843,8.04e-05,0.157,-5.26,0,0.029,126.009,4,0.628,576434,Canada,3kOi5KZTcCOdqFlUjF9CDZ
214,More Surprised Than Me,0.241,0.516,0.748,0.0,0.123,-6.049,1,0.0289,85.004,4,0.433,357918,Canada,5NhcE6cuJjVYyVEKp97zOt
215,Dangerous,0.216,0.635,0.772,0.0,0.285,-4.825,1,0.0279,119.017,4,0.948,795141,Canada,1MX19fnaW1OUQoglWTYaOo
216,Your Bartender,0.247,0.555,0.771,7.26e-05,0.149,-5.237,1,0.0282,139.971,4,0.442,304703,Canada,01FvQEvHETjWqcDpQDJdTb
217,Whiskeyfd My Way,0.603,0.443,0.518,0.00225,0.0984,-6.373,1,0.0266,185.764,3,0.323,304267,Canada,6HsXpHn2s6S9arU3Wy7ndc
218,Outlaw (feat. Ben Burgess),0.572,0.505,0.63,0.0,0.121,-5.758,1,0.0274,85.036,4,0.247,303650,Canada,2NK6dtSujGIyilnEgbw8MX
219,"All I Want - From ""High School Musical: The Musical: The Series""",0.0902,0.376,0.43,0.0,0.0912,-6.585,0,0.0328,77.599,3,0.129,1070596,Canada,4Yxc55NX3tAXC2mHRAhtcW
220,Wonderinf Bout The Wind,0.244,0.481,0.715,0.0,0.133,-5.626,1,0.0334,90.966,4,0.395,293489,Canada,2p6hbwOB2u5hI4Uc8FDNL3
221,Only Thing Thatfs Gone (feat. Chris Stapleton),0.11,0.5,0.803,2.12e-05,0.296,-4.591,1,0.032,150.058,4,0.451,287209,Canada,0CfPMZ1DSdzglsMRpLDM2H
222,This Bar,0.0921,0.553,0.884,0.00033,0.0463,-5.306,1,0.0771,110.074,4,0.248,285566,Canada,075qcpR3BnxD5CWUIx1HTr
223,Remember That Night?,0.585,0.679,0.61,9.51e-05,0.156,-10.936,0,0.0305,123.978,4,0.554,2389038,Canada,1nYzjrdVQ8RpF93M0jPFW7
224,Streets,0.208,0.749,0.463,0.0371,0.337,-8.433,1,0.0828,90.028,4,0.19,8271983,Canada,60ynsPSSKe6O3sfwRnIBRf
225,One Too Many,0.247,0.697,0.535,0.0,0.569,-6.504,1,0.068,82.959,4,0.594,2107470,Canada,3X7H1FAiWAW937WvsFeMhe
226,Blame It On Me,0.541,0.63,0.836,0.0,0.312,-4.591,1,0.0438,92.98,4,0.818,228629,Canada,6f40eqAkAtDKodipTfThZc
227,Beer Donft,0.0651,0.59,0.855,0.0,0.11,-4.562,1,0.0358,140.008,4,0.766,227681,Canada,2shcL1H6lVSrIaCtshedcl
228,Silverado For Sale,0.165,0.591,0.778,0.0,0.115,-5.927,1,0.0292,137.956,4,0.386,224130,Canada,1AGXmKhp5H6d1B2OwZwQdQ
229,GIRL LIKE ME,0.0194,0.964,0.486,0.04,0.0694,-8.891,1,0.188,124.058,4,0.318,4765274,Canada,2vBET2pmrQqafaS6zIaYta
230,Me On Whiskey,0.431,0.57,0.657,0.0,0.0777,-4.571,1,0.0262,142.031,4,0.721,222425,Canada,6RhqlFP8FOZLZ4GWqokALY
231,"Rednecks, Red Letters, Red Dirt",0.16,0.554,0.752,1.4e-06,0.122,-4.286,1,0.0249,140.042,4,0.616,218957,Canada,5D7PM5yNiHKnU85Y055vvb
232,I'm not Pretty,0.0802,0.783,0.526,0.0,0.066,-6.478,1,0.261,75.002,4,0.902,1167986,Canada,4pBhTGnL5N5KqsyqU58jee
233,Bad Boy (with Young Thug),0.00215,0.697,0.674,0.0,0.138,-6.326,1,0.0533,81.535,4,0.198,3314552,Canada,43CIWpJaJHRcI4mUSjqgc2
234,"34+35 Remix (feat. Doja Cat, Megan Thee Stallion) - Remix",0.205,0.88,0.662,0.0,0.227,-5.766,1,0.304,109.988,4,0.726,1814852,Canada,3jjBPF4NDMCU51psU8JPpR
235,SO DONE,0.232,0.719,0.598,0.0,0.115,-6.254,1,0.077,142.592,4,0.303,4014592,Canada,2gqWRRCXnma9L8xQ1RdemQ
236,Goosebumps - Remix,0.418,0.841,0.593,0.0,0.124,-7.846,1,0.0379,124.917,4,0.808,7545274,Canada,5uEYRdEIh9Bo4fpjDd4Na9
237,Vibez,0.241,0.643,0.671,0.0178,0.12,-7.45,1,0.0842,96.924,4,0.297,636594,Canada,6T6D9CIrHkALcHPafDFA6L
238,Masterpiece,0.0299,0.781,0.726,0.0,0.093,-4.213,1,0.0836,139.988,4,0.436,1185699,Canada,26UxwWl9xCb83OynXELJcL
239,Daisy,0.235,0.834,0.663,0.0,0.372,-6.143,1,0.133,121.876,4,0.774,515272,Canada,2g1KggY9PKvsoEAOaiz4xx
240,Falling,0.839,0.567,0.267,1.46e-06,0.089,-6.502,1,0.0299,110.011,4,0.0592,498988,Canada,78xj07VVFK5uHTaGPIu13S
241,Se?orita,0.0392,0.759,0.548,0.0,0.0828,-6.049,0,0.029,116.967,4,0.749,237422,Canada,3oUuRNgyIuiqVTWLCChp3s
242,Be Alright,0.705,0.551,0.537,0.0,0.0802,-7.595,1,0.034,126.421,4,0.493,441962,Canada,7L6G0wpIUiPXuvoo7qhb06
243,Sunday Best,0.183,0.878,0.525,0.0,0.0714,-6.832,1,0.0578,112.022,4,0.694,220420,Canada,2gA74HvN6NKFrhgzpd5oNE
244,Show Out (with Skepta & Pop Smoke),0.43,0.619,0.589,0.000392,0.378,-6.531,1,0.124,143.896,4,0.158,219861,Canada,06paPnT9vsd9qonDCsOzTX
245,What A Man Gotta Do,0.00839,0.852,0.698,1.03e-06,0.0773,-7.206,1,0.0629,113.039,4,0.324,218982,Canada,1PZDyestTVydtHpaIcfUJg
246,Star Shopping,0.0967,0.585,0.471,0.0184,0.115,-9.934,0,0.0616,93.099,4,0.323,1770985,Canada,7E2C5rBLpCKwQlhJPVFBRS
247,ily (i love you baby) (feat. Emilee),0.0686,0.674,0.774,0.00188,0.393,-7.567,0,0.0892,112.05,4,0.33,426091,Canada,0JJP0IS4w0fJx01EcrfkDe
248,Lo Vas A Olvidar (with ROSAL?A),0.721,0.343,0.243,0.00198,0.0668,-14.66,0,0.0777,135.154,4,0.032,1079215,Canada,0psS4i5YooJrXfDnGvWRLi
249,Skin,0.428,0.557,0.457,0.0,0.0567,-5.372,1,0.0335,105.918,4,0.328,1358791,Canada,03B2SfXuvDh1m9F4tqrX07
250,Lifestyle (feat. Adam Levine),0.0209,0.749,0.674,0.0,0.169,-5.128,0,0.0366,123.055,4,0.711,1394128,Canada,0osvOdeD3YXZiWkT8MKolJ
251,rubberband,0.32,0.64,0.593,0.0,0.104,-6.068,1,0.0431,155.08,4,0.432,485790,Canada,05ABOPiW13nqIedJfqmfPM
252,Violent,0.331,0.797,0.755,2.26e-06,0.124,-5.393,1,0.0293,129.955,4,0.411,640647,Canada,7CFfqRW50ffULvBv7lfIIg
253,Astronaut In The Ocean,0.175,0.778,0.695,0.0,0.15,-6.865,0,0.0913,149.996,4,0.472,912416,Canada,3Ofmpyhv5UAQ70mENzB277
254,Opp Stoppa (feat. 21 Savage),0.00734,0.829,0.343,0.0,0.179,-4.937,0,0.102,78.035,4,0.312,2324528,Canada,59fFsGRwFiuhxKDPc1k6xW
255,Mr. Brightside,0.00121,0.352,0.911,0.0,0.0995,-5.23,1,0.0747,148.033,4,0.236,2699674,Canada,003vvx7Niy0yvhvHt4a68B
256,Everybody Dies In Their Nightmares,0.847,0.734,0.57,2.14e-05,0.112,-7.066,0,0.133,129.953,4,0.689,206672,Canada,3GVkPk8mqxz0itaAriG1L7
257,Hope,0.661,0.592,0.457,0.000331,0.146,-6.081,0,0.0603,146.04,4,0.225,204315,Canada,2ZRo7axmMPeSVUvDbGkJah
258,Thinking out Loud,0.474,0.781,0.445,0.0,0.184,-6.061,1,0.0295,78.998,4,0.591,642461,Canada,1Slwb6dOYkBlWal1PGtnNg
259,You (with Marshmello & Vance Joy),0.0493,0.668,0.563,0.0,0.119,-6.433,1,0.0522,103.116,4,0.305,1547926,Canada,1GkHyypTFkUf0QQKwYoXH4
260,Baila Conmigo (with Rauw Alejandro),0.0221,0.824,0.545,0.00375,0.097,-7.127,1,0.0699,149.912,4,0.683,1319652,Canada,0D75ciM842cdUMKSMfAR9y
261,"Gravity (feat. Tyler, The Creator)",0.173,0.539,0.615,0.0056,0.144,-8.746,0,0.252,163.924,4,0.493,313523,Canada,6u3CPnFMKANYgfdiifFOiJ
262,Finesse Out The Gang Way (feat. Lil Baby),0.213,0.738,0.885,0.0,0.098,-4.159,0,0.126,100.508,3,0.49,508002,Canada,15bnyEOUVRkwWlxR4F7xzF
263,Higher (feat. iann dior),0.336,0.716,0.736,1.4e-05,0.137,-5.18,0,0.0363,104.018,4,0.542,263782,Canada,4OoYfejHABzYe2mG8p5s8b
264,Buss It,0.0593,0.956,0.502,0.0,0.238,-5.995,1,0.213,110.003,4,0.795,473196,Canada,25j0Sape7qZbq6ZPLFefTT
265,Back In Blood (feat. Lil Durk),0.151,0.759,0.538,0.0,0.126,-8.256,0,0.384,146.933,4,0.831,209256,Canada,7JuHVG3qQKQKxC4doneXVW
266,You Should Probably Leave,0.268,0.602,0.477,3.1e-05,0.173,-8.425,1,0.032,183.89,4,0.552,414487,Canada,2UikqkwBv7aIvlixeVXHWt
267,Bohemian Rhapsody - Remastered 2011,0.271,0.414,0.404,0.0,0.3,-9.928,0,0.0499,71.105,4,0.224,1975910,Canada,4u7EnebtmKWzUH433cf5Qv
268,Up,0.0012,0.868,0.795,0.0193,0.0461,-6.044,1,0.269,166.0,4,0.819,8344220,Canada,1M4OcYkxAtu3ErzSgDEfoi
269,I'm not Pretty,0.0827,0.71,0.525,0.0,0.0661,-6.477,1,0.311,75.171,4,0.903,3676908,Canada,3promGTTwsn1N5D6RzaFMV
270,The Hills,0.0671,0.585,0.564,0.0,0.135,-7.063,0,0.0515,113.003,4,0.137,2710223,Canada,7fBv7CLKzipRk6EC6TWHOB
271,In Your Eyes,0.00285,0.667,0.719,8.1e-05,0.0736,-5.371,0,0.0346,100.021,4,0.717,1386187,Canada,7szuecWAPwGoV1e5vGu8tl
272,GNF (OKOKOK),0.659,0.753,0.659,0.0,0.098,-9.671,1,0.416,146.022,4,0.459,634405,Canada,1A8990rtwHQ417l3yADe5t
273,Starboy,0.141,0.679,0.587,6.35e-06,0.137,-7.015,1,0.276,186.003,4,0.486,1078620,Canada,7MXVkk9YMctZqd1Srtv4MB
274,Glad You Exist,0.235,0.748,0.551,0.0,0.119,-6.12,1,0.0349,103.953,4,0.66,3109282,Canada,472vIK1ldetTxRxG3ovaiY
275,Back In Blood (feat. Lil Durk),0.151,0.759,0.538,0.0,0.126,-8.256,0,0.384,146.933,4,0.831,4007418,Canada,7FGdjbZ32vMybPuP0IuE7d
276,I Feel It Coming,0.426,0.773,0.819,0.0,0.0679,-5.946,0,0.118,92.99,4,0.585,932832,Canada,5GXAXm5YOmYT0kL5jHvYBt
277,Heartless,0.0236,0.537,0.746,1.01e-06,0.156,-5.507,0,0.15,170.062,4,0.252,268092,Canada,6bnF93Rx87YqUBLSgjiMU8
278,Arcade,0.827,0.453,0.35,0.00122,0.144,-11.639,0,0.0425,72.017,3,0.279,4000140,Canada,1J14CdDAvBTE1AJYUOwl6C
279,Roadtrip,0.316,0.459,0.581,0.0,0.124,-6.575,1,0.0713,176.195,4,0.49,259037,Canada,4Agtk2MrapdZAVN7v6PuFO
280,Can't Feel My Face,0.113,0.705,0.769,0.0,0.105,-5.526,0,0.0425,107.949,4,0.583,253787,Canada,22VdIZQfgXJea34mQxlt81
281,Provide (feat. Chris Brown & Mark Morrison),0.0165,0.652,0.803,0.0,0.307,-4.116,0,0.238,95.025,4,0.661,240360,Canada,0tQmgwFKw9069z1BXniOiA
282,Heartbreak Anniversary,0.524,0.449,0.465,1.02e-06,0.303,-8.964,1,0.0791,89.087,3,0.543,5975418,Canada,3FAJ6O0NOHQV8Mc5Ri6ENp
283,Your Love (9PM),0.194,0.669,0.784,6.28e-06,0.115,-5.603,1,0.112,125.993,4,0.517,3048375,Canada,5YaskwnGDZFDRipaqzbwQx
284,Earned It (Fifty Shades Of Grey),0.405,0.659,0.291,0.0,0.0771,-8.275,0,0.0348,119.829,3,0.406,235814,Canada,4frLb7nWtsz2ymBE6k2GRP
285,Pressure (feat. Tove Lo),0.659,0.859,0.558,0.324,0.124,-8.991,0,0.0902,114.978,4,0.357,230995,Canada,4ga4WvRNhMsIL38pkBbnIN
286,ROLLIN N CONTROLLIN FREESTYLE,0.0975,0.69,0.514,0.497,0.346,-11.81,0,0.328,72.791,4,0.307,2494479,Canada,1xqRKo0SDFDO5Jy8yEVD0X
287,Call Out My Name,0.17,0.461,0.593,0.0,0.307,-4.954,1,0.0356,134.17,3,0.175,219791,Canada,09mEdoA6zrmBPgTEN5qXmN
288,XO Tour Llif3,0.00264,0.732,0.75,0.0,0.109,-6.366,0,0.231,155.096,4,0.401,1291194,Canada,7GX5flRQZVHRAGd6B4TmDO
289,Floating Through Space,0.00172,0.575,0.844,0.0,0.114,-4.89,0,0.072,104.914,4,0.277,217382,Canada,2AceGjiX9isUbXmMZa0Dl1
290,What Other People Say,0.158,0.652,0.472,0.0,0.121,-8.084,1,0.0399,126.904,4,0.24,2387236,Canada,2h9TDNEXRhcDIV3fsoEVq9
291,Happy Hour,0.00324,0.625,0.855,0.0,0.742,-3.184,0,0.0401,120.004,4,0.303,212253,Canada,0Q8I9WVpuNEFPiF83ZpcvU
292,Riptide,0.431,0.484,0.731,0.0,0.151,-6.694,1,0.0379,101.654,4,0.51,2264596,Canada,7yq4Qj7cqayVTp3FF9CWbm
293,Calling My Phone,0.451,0.907,0.393,1.35e-06,0.135,-7.636,0,0.0539,104.949,4,0.202,9254565,Canada,5Kskr9LcNYa0tpt5f0ZEJx
294,Love Story (Taylorfs Version),0.135,0.626,0.79,3.97e-06,0.0989,-4.302,1,0.0311,119.082,4,0.416,1843873,Canada,3CeCwYWvdfXbZLXFhBrbnf
295,We're Good,0.0319,0.722,0.588,0.0,0.183,-5.932,1,0.0544,134.01,4,0.59,4091499,Canada,1diS6nkxMQc3wwC4G1j0bh
296,Astronaut In The Ocean,0.175,0.778,0.695,0.0,0.15,-6.865,0,0.0913,149.996,4,0.472,9334451,Canada,3VT8hOC5vuDXBsHrR53WFh
297,Meaningless,0.18,0.648,0.491,0.0,0.411,-7.117,0,0.0957,123.992,4,0.123,1120871,Canada,3hEP7OMePmKx20LuNQP45q
298,What It Feels Like,0.032,0.46,0.733,1.65e-06,0.109,-4.579,0,0.13,89.669,4,0.0792,249438,Canada,7iNGwN4yuxATUtv0qYXJ8Q
299,My Head & My Heart,0.0697,0.614,0.934,0.0,0.121,-3.709,0,0.07,116.001,4,0.436,3432672,Canada,1KixkQVDUHggZMU9dUobgm
300,A Thousand Years,0.309,0.421,0.407,0.000961,0.11,-7.445,1,0.0267,139.028,3,0.161,216055,Canada,6lanRgr6wXibZr8KgzXxBl
301,That Go! (feat. T-Shyne),0.00584,0.703,0.589,0.0,0.116,-6.193,1,0.0534,145.927,4,0.223,215923,Canada,4X4cPQicoAfannkUFUXmi9
302,Just the Way You Are,0.0151,0.637,0.843,0.0,0.0876,-5.413,1,0.0432,109.012,4,0.434,862861,Canada,7BqBn9nzAq8spo5e7cZ0dJ
303,Attachments,0.0303,0.808,0.562,0.0,0.128,-5.779,0,0.13,160.085,4,0.382,853540,Canada,1SedJ3dLWoCqnPIGeEMUJH
304,Long Live,0.185,0.612,0.842,0.0,0.151,-3.547,1,0.0372,129.973,4,0.596,211086,Canada,33T9t0Ts4Ycz3dRoMxBoOT
305,Let Her Go,0.385,0.509,0.538,0.0,0.104,-7.335,1,0.0572,75.089,4,0.244,628309,Canada,2jyjhRf6DVbMPU5zxagN2h
306,Yellow,0.00239,0.429,0.661,0.000121,0.234,-7.227,1,0.0281,173.372,4,0.285,207444,Canada,3AJwUDP919kvQ9QcozQPxg
307,Whoopty,0.2,0.719,0.648,0.0,0.127,-7.6,0,0.125,140.201,4,0.66,4494816,Canada,1t9WgS8FN0534tLBRwbaxO
308,test drive,0.0251,0.698,0.708,0.0,0.124,-4.943,0,0.0454,115.036,4,0.322,983741,Canada,3eZYOQO4UzKrUDYDghtnFw
309,CLOUDS,0.371,0.793,0.65,0.0,0.854,-3.944,1,0.397,128.111,4,0.809,1182564,Canada,5UMMPHPp6vRP6ghPpSUOzp
310,telepat?a,0.112,0.653,0.524,0.0,0.203,-9.016,0,0.0502,83.97,4,0.553,4550983,Canada,6tDDoYIxWvMLTdKpjFkc1B
311,CHICKEN TENDIES,0.358,0.57,0.689,0.0,0.0819,-6.242,1,0.147,100.087,4,0.568,1614150,Canada,0awuNCj9gwJEM0seER22DW
312,"3, 2, 1",0.242,0.692,0.7,0.0,0.15,-2.09,1,0.148,165.024,4,0.704,1422563,Canada,1bFoCHXsP2qd4YWi2JmlCN
313,SugarCrash!,0.53,0.745,0.74,7.37e-05,0.0936,-6.558,1,0.097,97.735,4,0.36,1061764,Canada,3FxPbp05KjMBa4HbhAJTH0
314,"34+35 Remix (feat. Doja Cat, Megan Thee Stallion) - Remix",0.211,0.659,0.662,0.0,0.228,-5.768,1,0.434,109.957,4,0.704,487393,Canada,2sQH02O2HBCPJCztBrCWNa
315,Moi,0.655,0.691,0.617,0.0,0.13,-8.388,1,0.035,129.982,4,0.338,244140,Canada,2fWDc9yTraOPqc7nyyUACS
316,Wellerman - Sea Shanty / 220 KID x Billen Ted Remix,0.0441,0.722,0.893,0.000937,0.0673,-3.255,0,0.0475,119.932,4,0.439,1765291,Canada,3iw6V4LH7yPj1ESORX9RIN
317,motive (with Doja Cat),0.0681,0.789,0.742,0.0,0.166,-5.664,0,0.0652,116.965,4,0.661,215471,Canada,5GkQIP5mWPi4KZLLXeuFTT
318,'Till I Collapse,0.0622,0.548,0.847,0.0,0.0816,-3.237,1,0.186,171.447,4,0.1,1551748,Canada,4xkOaSrkexMciUUogZKVTS
319,AP - Music from the film Boogie,0.152,0.751,0.744,0.000568,0.252,-6.859,1,0.177,148.014,4,0.634,2756869,Canada,17vGPZ5EsdvtgAOCD4FLWI
320,Only Wanna Be With You - Pok?mon 25 Version,0.00124,0.47,0.709,0.00121,0.302,-4.563,1,0.0299,98.036,4,0.247,416109,Canada,3SawmGBjjq8EOYZJV11cJm
321,Blue,0.15,0.64,0.501,0.0,0.16,-7.86,1,0.0624,114.031,4,0.346,270715,Canada,4a1RWaG4BTkifgMSx3rpf3
322,Talk To Me,0.24,0.773,0.281,0.0,0.112,-9.781,1,0.11,102.019,4,0.465,471904,Canada,3Kwdm0iLyEiRB8InsZoo6n
323,Hot N*gga,0.0505,0.794,0.51,1.81e-06,0.0562,-7.314,1,0.42,167.879,4,0.18,243227,Canada,19gEmPjfqSZT0ulDRfjl0m
324,when the party's over,0.978,0.367,0.111,3.97e-05,0.0897,-14.084,1,0.0972,82.642,4,0.198,646363,Canada,43zdsphuZLzwA9k4DJhU0I
325,Believer,0.0622,0.776,0.78,0.0,0.081,-4.374,0,0.128,124.949,4,0.666,1077964,Canada,0pqnGHJpmpxLKifKRmU6WP
326,Redbone,0.167,0.743,0.347,0.00951,0.103,-11.174,1,0.121,160.143,4,0.572,421382,Canada,0wXuerDYiBnERgIpbb3JBR
327,Classic,0.0384,0.72,0.791,0.0,0.157,-4.689,1,0.124,102.071,4,0.756,866976,Canada,6FE2iI43OZnszFLuLtvvmg
328,Friday (feat. Mufasa & Hypeman) - Dopamine Re-Edit,0.0076,0.824,0.862,0.000132,0.303,-3.424,1,0.126,122.98,4,0.801,2337220,Canada,4cG7HUWYHBV6R6tHn1gxrl
329,Whatfs Next,0.0136,0.781,0.594,0.0,0.162,-6.959,0,0.0485,129.895,4,0.0628,7024311,Canada,3aQem4jVGdhtg116TmJnHz
330,Wants and Needs (feat. Lil Baby),0.0618,0.578,0.449,2.17e-06,0.119,-6.349,1,0.286,136.006,4,0.1,5816177,Canada,65OVbaJR5O1RmwOQx0875b
331,Lemon Pepper Freestyle (feat. Rick Ross),0.103,0.77,0.637,0.0,0.171,-5.53,1,0.345,94.966,4,0.431,3743561,Canada,4FRW5Nza1Ym91BGV4nFWXI
332,Leave The Door Open,0.182,0.586,0.616,0.0,0.0927,-7.964,1,0.0324,148.088,4,0.719,5318030,Canada,7MAibcTli4IisCtbHKrGMh
333,Hold On,0.0106,0.658,0.634,0.0,0.132,-5.797,0,0.0413,139.98,4,0.29,1925618,Canada,4u4NyuceXP7Uzh7XFJKCr1
334,Selfish Love (with Selena Gomez),0.0206,0.723,0.646,0.352,0.0994,-7.973,0,0.102,110.971,4,0.443,689823,Canada,3XoflnowYPFRPOh3uFvHcm
335,Real As It Gets (feat. EST Gee),0.00471,0.779,0.705,0.0,0.0971,-5.891,0,0.163,140.005,4,0.196,1818656,Canada,7eX3um6NpOQKWJMGCi97XD
336,Life's A Mess II (with Clever & Post Malone),0.806,0.53,0.37,0.0,0.112,-9.989,1,0.0279,140.061,4,0.701,643257,Canada,4O3RwH1TFG1EjPezLIYehI
337,slower,0.595,0.589,0.364,0.0,0.334,-8.079,0,0.0419,104.991,4,0.21,1122760,Canada,1bd4heB3yXc5iFTPoOMPuo
338,Beautiful Mistakes (feat. Megan Thee Stallion),0.0377,0.713,0.676,0.0,0.154,-5.483,1,0.027,99.048,4,0.721,3385315,Canada,6fRxMU4LWwyaSSowV441IU
339,Amnesia (feat. GASHI),0.0454,0.745,0.839,3.09e-05,0.0882,-6.654,0,0.0489,124.021,4,0.226,737277,Canada,1xvh5ujI8fogjmadcLmLBZ
340,Beat Box 3 (feat. DaBaby),0.0765,0.853,0.426,0.0,0.104,-6.812,1,0.374,160.051,4,0.201,1581941,Canada,6toQdWWc4noiOk3Eo5mVDS
341,Cupid's Chokehold / Breakfast in America,0.237,0.72,0.744,0.0,0.255,-6.938,0,0.12,78.953,4,0.619,2130500,Canada,2Lhdl74nwwVGOE2Gv35QuK
342,Money In The Grave (Drake ft. Rick Ross),0.101,0.831,0.502,0.0,0.122,-4.045,0,0.046,100.541,4,0.101,221674,Canada,5ry2OE6R2zPQFDO85XkgRb
343,Big Gangsta,0.519,0.879,0.574,8.76e-06,0.144,-5.602,0,0.391,144.911,4,0.346,820175,Canada,2HYvkdq6lpFXkVz9Tfqi8r
344,Hell Of A View,0.119,0.689,0.582,0.00464,0.101,-6.778,1,0.0236,99.021,4,0.883,431882,Canada,1kBx9VGumfuvlfqdlAGorE
345,Murder On My Mind,0.145,0.759,0.73,3.06e-06,0.11,-7.985,0,0.0516,115.007,4,0.74,210515,Canada,7eBqSVxrzQZtK2mmgRG6lC
346,On The Ground,0.0174,0.311,0.607,0.0,0.131,-6.578,1,0.11,188.7,4,0.286,1367487,Canada,2pn8dNVSpYnAtlKFC8Q0DJ
347,Follow You,0.00209,0.542,0.732,7.92e-05,0.496,-5.956,1,0.0521,124.912,4,0.489,2073015,Canada,7FdUvDkaE24o3FPIWTvzv2
348,SugarCrash!,0.524,0.748,0.734,1.15e-05,0.0975,-6.499,1,0.124,97.753,4,0.368,1508064,Canada,2ePtv8MlBO9nuuXABqAfEX
349,DAYWALKER! (feat. CORPSE),0.00558,0.632,0.922,1.81e-05,0.0927,-2.173,1,0.0794,88.972,4,0.497,611384,Canada,2NnJpRXIlx35Vij3bPZO0h
350,LOST,0.352,0.637,0.912,0.0,0.0657,-3.123,1,0.308,116.919,4,0.451,547630,Canada,2MZrOmrVxRmmOoFW6dhenG
351,Gone,0.594,0.647,0.377,0.0,0.0768,-6.003,1,0.0375,79.936,4,0.653,312064,Canada,2dHoVW9AxJVSRebPRyV2aA
352,Can't Let You Go,0.463,0.648,0.455,0.0,0.109,-7.122,1,0.0341,129.9,4,0.183,280467,Canada,5RfrZ5Lgr3fdtgnvhh3va8
353,Patience (feat. YUNGBLUD & Polo G),0.00251,0.616,0.741,0.0,0.307,-4.272,0,0.0426,122.012,4,0.431,267624,Canada,5J5CpT6bgE6KYKk23jgp9W
354,Baila Conmigo (with Rauw Alejandro),0.0215,0.823,0.544,0.00315,0.0966,-7.132,1,0.0715,149.903,4,0.664,472487,Canada,079Ey5uxL04AKPQgVQwx5h
355,Peaches (feat. Daniel Caesar & Giveon),0.321,0.677,0.696,0.0,0.42,-6.181,1,0.119,90.03,4,0.464,9667596,Canada,4iJyoBOLtHqaGxP12qzhQI
356,Hold On,0.0104,0.658,0.634,0.0,0.12,-6.068,0,0.0431,140.002,4,0.302,4063028,Canada,1nahzW3kfMuwReTka28tH5
357,As I Am (feat. Khalid),0.127,0.595,0.543,0.0,0.0975,-8.149,1,0.038,99.928,4,0.109,3512284,Canada,6F2r4HgpJnvKDmkN6JEN6J
358,Anyone,0.185,0.685,0.521,3.59e-06,0.111,-8.285,1,0.0345,115.885,4,0.578,2741686,Canada,2WnAKZefdRHxtBEkRjFOHC
359,Holy (feat. Chance The Rapper),0.2,0.67,0.693,0.0,0.0909,-8.34,1,0.35,87.017,4,0.388,2636115,Canada,6Xgq7MvZiet0hVi3KaDSgJ
360,Unstable (feat. The Kid LAROI),0.737,0.495,0.333,0.0,0.112,-10.109,0,0.0288,99.757,4,0.37,1865494,Canada,137mSruegm1u6x9NvwiagR
361,Headshot (feat. Polo G & Fivio Foreign),0.0758,0.809,0.638,0.0,0.15,-7.268,0,0.257,117.982,4,0.392,1544486,Canada,6cQ08IpBxxfGcSKxqE3NmB
362,Off My Face,0.92,0.509,0.228,0.0,0.104,-8.68,1,0.0332,90.674,4,0.586,1750114,Canada,3T03rPwlL8NVk1yIaxeD8U
363,Ghost,0.185,0.601,0.741,2.91e-05,0.415,-5.569,1,0.0478,153.96,4,0.441,1750883,Canada,6I3mqTwhRpn34SLVafSH7G
364,2 Much,0.593,0.583,0.444,0.0,0.353,-8.601,1,0.0456,119.59,4,0.167,1280609,Canada,0oaY19dUwZimIgzn3ZZLZO
365,Lonely (with benny blanco),0.9,0.619,0.241,0.0,0.116,-7.102,0,0.046,79.461,4,0.0719,1898403,Canada,3S8jK1mGzQi24ilFb45DAZ
366,Deserve You,0.0314,0.677,0.633,0.0,0.112,-7.831,1,0.0771,89.934,4,0.409,1253270,Canada,5NU40QTlXrDUJzDBdv79bg
367,Loved By You (feat. Burna Boy),0.0696,0.79,0.724,2.33e-06,0.113,-6.972,1,0.0852,101.04,4,0.642,1255861,Canada,2tB9OFgAHjAds3cqquLlvp
368,Love You Different (feat. BEAM),0.0652,0.759,0.584,1.59e-06,0.16,-6.655,1,0.06,127.138,4,0.374,972413,Canada,27UcQ6dAvQrgH9C880rCM3
369,Die For You (feat. Dominic Fike),0.00196,0.728,0.629,1.94e-06,0.0847,-6.629,1,0.0318,135.031,4,0.71,1163712,Canada,7aely3H8kMj9o0gt6vXHE1
370,Somebody,0.000284,0.551,0.756,9.48e-05,0.118,-7.679,1,0.045,75.991,4,0.359,815611,Canada,3buwFfY33H32wfZ6X9poV3
371,MLK Interlude,0.386,0.649,0.429,0.0,0.311,-8.428,0,0.468,100.389,3,0.426,298623,Canada,680qLWCMRfR6evrNNBCE9e
372,Obsessed,0.38,0.884,0.665,9.36e-06,0.111,-7.929,1,0.0646,110.016,4,0.472,274281,Canada,1VpKOZ6nnap41hh5CbY8gJ
373,White Dress,0.926,0.493,0.263,0.0,0.0879,-12.805,1,0.0351,122.792,4,0.158,253190,Canada,4Hl9rOqYomojCmxYfr25im
374,Try Me,0.058,0.882,0.471,0.0,0.0991,-8.827,0,0.118,95.02,4,0.372,241620,Canada,0tIHHwV2eL10rpQ1fiyDjz
375,Moonwalking in Calabasas (feat. Blueface) - Remix,0.103,0.925,0.322,0.0,0.137,-9.8,0,0.112,129.957,4,0.712,237275,Canada,73xjJ1TIE6WP3HNKczQE4F
376,Please Don't Go,0.00236,0.698,0.879,0.119,0.129,-3.928,0,0.0306,120.018,4,0.645,439680,Canada,3wkKkFAtYSTRwqOydW6T0I
377,Sweet Home Alabama,0.181,0.596,0.605,0.000331,0.0863,-12.145,1,0.0255,97.798,4,0.886,898018,Canada,7e89621JPkKaeDSTQ3avtg
378,MONTERO (Call Me By Your Name),0.297,0.61,0.508,0.0,0.384,-6.682,0,0.152,178.818,4,0.758,4048576,Canada,3BZEcbdtXQSo7OrvKRJ6mb
379,Mood (feat. iann dior),0.174,0.701,0.716,0.0,0.324,-3.671,0,0.0361,91.007,4,0.732,2197891,Canada,4jPy3l0RUwlUI9T5XHBW2m
380,You All Over Me (feat. Maren Morris) (Taylorfs Version) (From The Vault),0.818,0.589,0.496,0.0,0.101,-7.606,1,0.0377,142.731,4,0.44,1065711,Canada,5pcjystBtalYeqaiXCcgEY
381,Bang!,0.0183,0.74,0.517,0.0,0.0558,-6.233,0,0.0506,139.917,4,0.698,1265018,Canada,5FQPpxOXsvkMN6v18gtpwY
382,JETSKI (feat. Lil Mosey & Lil Tecca),0.0253,0.883,0.446,0.0,0.103,-8.723,0,0.296,92.95,4,0.463,934330,Canada,2vl0D1b0M6UHlD1Fjh5j1m
383,Richer (feat. Polo G),0.438,0.726,0.411,0.0,0.087,-12.929,1,0.0671,137.905,3,0.734,913715,Canada,7HsjuVBM93Z2RoxjpWLgTT
384,JUST LIKE YOU,0.489,0.775,0.757,0.0,0.28,-4.607,0,0.228,140.044,4,0.541,575034,Canada,7tTRFVlFzk6yTnoMcParmi
385,bad ones,0.305,0.692,0.431,1.39e-05,0.132,-11.884,1,0.0335,138.925,4,0.327,545503,Canada,6CYT0souHUHKTO4EMzTUFg
386,Dancing With The Devil,0.273,0.413,0.64,0.0,0.11,-5.811,1,0.0427,75.245,4,0.149,305222,Canada,2kONpeXXK70YEs7c0UQbmq
387,CLOUDS,0.373,0.788,0.652,0.0,0.755,-3.931,1,0.405,128.108,4,0.812,297234,Canada,1mvI5pGoh84IiFSbWxEkGH
388,Cloud 9,0.00167,0.637,0.929,2.62e-05,0.344,-3.593,1,0.0491,80.974,4,0.902,893537,Canada,6vFsBXYczYsP0H3lgunZOm
389,Big Gangsta,0.519,0.879,0.574,8.76e-06,0.144,-5.602,0,0.391,144.911,4,0.346,796251,Canada,03ERnTvSV5fy8WAyvA4uNP
390,"3, 2, 1",0.246,0.694,0.708,0.0,0.152,-2.066,1,0.137,164.958,4,0.69,758573,Canada,2hx8cZug1bgRMXgW5RCTUV
391,Do You Believe,0.193,0.665,0.707,0.0,0.219,-5.144,1,0.03,144.952,4,0.391,266998,Canada,71TRhiwsRckqoqO9CcDIE6
392,I Donft (with DVBBS),0.00532,0.7,0.792,6.07e-06,0.363,-5.002,1,0.116,117.031,4,0.711,256189,Canada,1J9ekSUHGCaWKBdmeEWPJZ
393,Slumber Party (feat. Princess Nokia),0.00151,0.964,0.398,3.95e-05,0.101,-8.981,0,0.0795,105.012,4,0.563,827286,Canada,11ZulcYY4lowvcQm4oe3VJ
394,Lifetime,0.771,0.48,0.274,0.0,0.114,-7.083,1,0.0317,179.637,3,0.332,254982,Canada,10Z9RbwrTbQ0gQeNRJ2dC1
395,LOST,0.352,0.637,0.912,0.0,0.0657,-3.123,1,0.308,116.919,4,0.451,246332,Canada,1PTVGdcYyLFnJKVOkaxQWj
396,Talking to the Moon,0.512,0.523,0.606,0.0,0.106,-4.754,0,0.0301,145.837,4,0.065,796608,Canada,161DnLWsx1i3u1JT05lzqU
397,Coco (feat. DaBaby),0.158,0.697,0.783,0.0,0.151,-4.356,0,0.0876,98.068,4,0.528,231818,Canada,6MGRweoLPBAaPcXTMpMWsA
398,Opp Stoppa (feat. 21 Savage),0.00718,0.829,0.343,0.0,0.172,-4.962,1,0.0982,78.061,4,0.309,225005,Canada,78p1rF7xx1snnaKxtUzBHn
399,Track Star,0.381,0.641,0.598,0.0,0.0921,-5.7,0,0.324,131.459,5,0.285,444850,Canada,5hChuUMe5iHfjkXgzj1D4b
400,Company (feat. Future),0.447,0.831,0.727,0.0,0.111,-3.657,0,0.169,125.068,4,0.703,215794,Canada,3JVTsvTldB6arHVlmxmTnM
401,There She Go (feat. Lil Uzi Vert),0.00945,0.725,0.716,0.0,0.119,-5.448,1,0.0349,150.074,4,0.904,213966,Canada,7i2xVGqiF5FBPvLg6PLHX3
402,deja vu,0.593,0.439,0.61,1.07e-05,0.341,-7.236,1,0.116,181.088,4,0.172,2083847,Canada,61KpQadow081I2AsbeLcsb
403,Calling My Phone,0.451,0.907,0.393,1.35e-06,0.135,-7.636,0,0.0539,104.949,4,0.202,1795172,Canada,3J8EOeKLTLXORtWPpOU5bE
404,Headshot (feat. Polo G & Fivio Foreign),0.0802,0.808,0.639,0.0,0.15,-7.266,0,0.279,118.0,4,0.395,1454720,Canada,4eNOLmx8r2IJAVKvBBL1jv
405,Run It Up (feat. Offset & Moneybagg Yo),0.415,0.88,0.575,0.0,0.109,-6.091,1,0.163,120.031,4,0.671,1146695,Canada,1dg3qy5DjoJodawfOCgrTP
406,Met Him Last Night (feat. Ariana Grande),0.22,0.538,0.512,0.0,0.101,-4.548,0,0.0262,144.978,4,0.12,1135872,Canada,4yyX2Iu4xJjW9xMvBZKSBi
407,Dancing With The Devil,0.273,0.413,0.64,0.0,0.11,-5.811,1,0.0427,75.245,4,0.149,599765,Canada,0VQ3GSPdl4njPOr3lyaoaD
408,4 Da Gang (with Roddy Ricch),0.0143,0.871,0.545,0.0,0.148,-10.489,1,0.189,100.482,4,0.722,604898,Canada,4KIkADzoVm3A10E9qyjsQ5
409,Mr. Perfectly Fine (Taylorfs Version) (From The Vault),0.167,0.661,0.819,0.0,0.0647,-6.269,0,0.0519,135.937,4,0.724,240484,Canada,7l2tmgUhV7Y2aJHjiszifg
410,Born 2 Be Great,0.58,0.593,0.512,0.0,0.0996,-7.837,0,0.0737,95.733,4,0.192,225060,Canada,3AmqJsyZDFA8EHC461R7bY
411,Runaway,0.629,0.422,0.302,7.83e-05,0.104,-9.214,1,0.0372,114.089,4,0.123,562876,Canada,1v1oIWf2Xgh54kIWuKsDf6
412,"Rocket Man (I Think It's Going To Be A Long, Long Time)",0.432,0.601,0.532,6.25e-06,0.0925,-9.119,1,0.0286,136.571,4,0.341,220347,Canada,3gdewACMIVMEWVbyb8O9sY
413,Take It Easy - 2013 Remaster,0.343,0.575,0.67,4.95e-06,0.129,-10.39,1,0.0318,139.191,4,0.74,219040,Canada,4yugZvBYaoREkJKtbG08Qr
414,Fortunate Son,0.201,0.64,0.663,0.00806,0.152,-7.516,1,0.0374,132.77,4,0.663,218834,Canada,4BP3uh0hFLFRb5cjsgLqDh
415,Film out,0.296,0.499,0.709,0.0,0.331,-6.404,1,0.134,164.032,4,0.314,218794,Canada,3UHPGOkUcE4hE7sqBF4Snt
416,Old Town Road - Remix,0.0533,0.878,0.619,0.0,0.113,-5.56,1,0.102,136.041,4,0.639,215394,Canada,2YpeDb67231RjR0MgVLzsG
417,Another One Bites The Dust - Remastered 2011,0.112,0.933,0.528,0.312,0.163,-6.472,0,0.161,109.967,4,0.754,214854,Canada,5vdp5UmvTsnMEMESIF2Ym7
418,The Real Slim Shady,0.0302,0.949,0.661,0.0,0.0454,-4.244,0,0.0572,104.504,4,0.76,434317,Canada,3yfqSUWxFvZELEM4PmlwIR
419,MONTERO (Call Me By Your Name),0.297,0.61,0.508,0.0,0.384,-6.682,0,0.152,178.818,4,0.758,2327070,Canada,67BtfxlNbhBmCDR2L2l8qd
420,RAPSTAR,0.41,0.789,0.536,0.0,0.129,-6.862,1,0.242,81.039,4,0.437,2301926,Canada,43PGPuHIlVOc04jrZVh9L6
421,Kiss Me More (feat. SZA),0.235,0.762,0.701,0.000158,0.123,-3.541,1,0.0286,110.968,4,0.742,1313605,Canada,748mdHapucXQri7IAO8yFK
422,Mr. Perfectly Fine (Taylorfs Version) (From The Vault),0.162,0.66,0.817,0.0,0.0667,-6.269,0,0.0521,135.942,4,0.714,815082,Canada,2CYVETnhM9aytqrazYYwrK
423,Love Story (Taylorfs Version),0.13,0.627,0.792,3.97e-06,0.0845,-4.311,1,0.031,119.054,4,0.415,601026,Canada,6YvqWjhGD8mB5QXcbcUKtx
424,X Gon' Give It To Ya,0.0135,0.761,0.899,0.0,0.0719,-3.09,0,0.183,95.027,4,0.673,534892,Canada,1zzxoZVylsna2BQB65Ppcb
425,Fearless (Taylorfs Version),0.0122,0.569,0.741,0.0,0.333,-4.963,1,0.0282,100.118,4,0.43,520388,Canada,77sMIMlNaSURUAXq5coCxE
426,You Belong With Me (Taylorfs Version),0.0623,0.632,0.773,0.0,0.0885,-4.856,1,0.0346,130.033,4,0.474,515112,Canada,1qrpoAMXodY6895hGKoUpA
427,You All Over Me (feat. Maren Morris) (Taylorfs Version) (From The Vault),0.816,0.599,0.494,0.0,0.101,-7.61,1,0.0372,142.893,4,0.44,483732,Canada,4CHpVfAhuxNJ3ibExe6kxO
428,Fifteen (Taylorfs Version),0.116,0.559,0.646,0.0,0.32,-4.61,1,0.0272,95.466,4,0.289,440466,Canada,2nqio0SfWg6gh2eCtfuMa5
429,The Way I Loved You (Taylorfs Version),0.0033,0.402,0.732,0.0,0.108,-4.665,1,0.0484,161.032,4,0.472,423380,Canada,22bPsP2jCgbLUvh82U0Z3M
430,Ruff Ryders' Anthem,0.0564,0.88,0.577,1.02e-06,0.201,-8.093,0,0.302,90.991,4,0.74,415511,Canada,1BKT2I9x4RGKaKqW4up34s
431,Shy Away,0.000818,0.588,0.856,0.0739,0.238,-5.242,0,0.0316,96.966,4,0.635,410953,Canada,2z0IupRlVRlDN5r2IVqHyN
432,Hey Stephen (Taylorfs Version),0.106,0.788,0.571,0.0,0.0934,-6.135,1,0.0296,115.99,4,0.797,407934,Canada,550erGcdD9n6PnwxrvYqZT
433,White Horse (Taylorfs Version),0.369,0.423,0.517,0.0,0.177,-7.377,1,0.0486,185.262,4,0.366,390565,Canada,5YL553x8sHderRBDlm3NM3
434,Forever & Always (Taylorfs Version),0.0231,0.598,0.821,0.0,0.143,-4.433,1,0.0447,128.03,4,0.673,370173,Canada,1msEuwSBneBKpVCZQcFTsU
435,Breathe (feat. Colbie Caillat) (Taylorfs Version),0.156,0.506,0.626,0.0,0.228,-6.066,1,0.0287,148.035,4,0.321,360524,Canada,7HC7R2D8WjXVcUHJyEGjRs
436,Thatfs When (feat. Keith Urban) (Taylorfs Version) (From The Vault),0.225,0.588,0.608,0.0,0.092,-7.062,1,0.0365,90.201,4,0.508,351654,Canada,7eResoqEJJAVTkQYSqvO3P
437,Party Up,0.0738,0.51,0.931,0.0,0.5,-3.302,1,0.347,201.936,4,0.53,334770,Canada,0LWkaEyQRkF0XAms8Bg1fC
438,Tell Me Why (Taylorfs Version),0.0222,0.578,0.909,0.0,0.333,-3.669,1,0.0628,100.023,4,0.541,331900,Canada,0k0vFacOHNuArLWMiH60p7
439,Youfre Not Sorry (Taylorfs Version),0.0538,0.506,0.444,0.0,0.123,-4.99,1,0.0285,133.873,4,0.241,330374,Canada,6iiAfo4wTA2CVC3Uwx9uh8
440,Otra Noche Sin Ti,0.0751,0.503,0.548,0.000234,0.145,-7.564,0,0.164,94.036,4,0.441,326304,Canada,2CdTLdDjwZdVcm0bresVWx
441,Waves of Blue,0.00743,0.652,0.861,2.25e-05,0.337,-4.863,0,0.0565,99.983,4,0.333,322956,Canada,5BQHyj5Pb3dUY8W6TSjeTF
442,Where The Hood At,0.151,0.537,0.948,0.0,0.356,-3.063,1,0.355,186.151,4,0.792,314880,Canada,6RUpJeXT6U4SPEafnr9Wr7
443,Whipski (feat. Lil Skies & Internet Money),0.268,0.841,0.545,0.0,0.25,-8.013,1,0.222,94.528,4,0.305,300042,Canada,0a2Yk4ORO4MsGaJ4DI03qx
444,Donft You (Taylorfs Version) (From The Vault),0.514,0.563,0.473,1.2e-05,0.109,-11.548,1,0.0503,101.934,4,0.405,299406,Canada,4uuEGH5SVuzkkSFjo2DEiY
445,We Were Happy (Taylorfs Version) (From The Vault),0.849,0.609,0.373,0.0,0.0779,-8.819,1,0.0263,106.007,4,0.13,297159,Canada,34V9RiEPe8MNdU32qJsJa1
446,The Best Day (Taylorfs Version),0.488,0.642,0.576,0.0,0.159,-8.524,1,0.0282,125.0,4,0.469,285078,Canada,6ON9UuIq49xXY9GPmHIYRp
447,BANKROLL (feat. A$AP Rocky & A$AP Ferg),0.0818,0.784,0.539,0.0,0.106,-8.938,0,0.274,149.059,4,0.576,283896,Canada,3MK6OsCb4VJGdPxvXjW8Q9
448,Show Me Up,0.155,0.674,0.453,1.21e-06,0.0933,-10.293,0,0.0612,128.107,4,0.22,280127,Canada,3BGppswSnFNGUSFiJ6rj4n
449,Jump Then Fall (Taylorfs Version),0.0474,0.572,0.69,0.0,0.0897,-6.201,1,0.0358,160.111,4,0.624,270552,Canada,2m3ObD945KvpE5y9A1eUWm
450,Change (Taylorfs Version),0.000191,0.499,0.815,0.0,0.181,-4.063,1,0.0341,95.999,4,0.344,268897,Canada,3ExweHKZF9B752DPQByRVT
451,Bye Bye Baby (Taylorfs Version) (From The Vault),0.334,0.624,0.624,0.0,0.0995,-7.86,1,0.0539,80.132,4,0.527,266209,Canada,4qUijfYU8EoIWiY6oSyrgT
452,Forever & Always (Piano Version) (Taylorfs Version),0.819,0.546,0.273,0.0,0.137,-9.208,1,0.0308,118.753,4,0.271,261734,Canada,01QdEx6kFr78ZejhQtWR5m
453,Today Was A Fairytale (Taylorfs Version),0.0135,0.482,0.779,0.0,0.296,-5.025,1,0.0409,158.162,4,0.328,255859,Canada,2JoJrsEV15OzbijS47lids
454,Untouchable (Taylorfs Version),0.0181,0.393,0.531,0.0,0.169,-6.112,1,0.0329,200.391,4,0.224,255172,Canada,0tQ9vBYpldCuikPsbgOVKA
455,Come In With The Rain (Taylorfs Version),0.0406,0.476,0.564,0.0,0.102,-5.677,1,0.0269,143.929,4,0.167,234163,Canada,1n2wszmJyVkw6FHqyLnQsY
456,The Other Side Of The Door (Taylorfs Version),0.0279,0.432,0.873,0.0,0.167,-4.367,1,0.0577,163.936,4,0.629,228772,Canada,1cSFlSBdpT4F5vb1frQ231
