,name,acousticness,danceability,energy,instrumentalness,liveness,loudness,mode,speechiness,tempo,time_signature,valence,streams,country,id
0,Fake Love,0.105,0.928,0.481,0.0,0.176,-9.35,0,0.287,134.007,4,0.613,1651657,Canada,343YBumqHu19cGoGARUTsd
1,Closer,0.414,0.748,0.524,0.0,0.111,-5.599,1,0.0338,95.01,4,0.661,1531481,Canada,7BKLCZ1jbUBVqRi2FVlTVw
2,"I Donft Wanna Live Forever (Fifty Shades Darker) - From ""Fifty Shades Darker (Original Motion Picture Soundtrack)""",0.0631,0.735,0.451,1.3e-05,0.325,-8.374,1,0.0585,117.973,4,0.0862,1319817,Canada,3NdDpSvN911VPGivFlV5d0
3,Black Beatles,0.142,0.794,0.632,0.0,0.128,-6.163,1,0.0649,145.926,4,0.355,1199789,Canada,6fujklziTHa8uoM5OQSfIo
4,Bad and Boujee (feat. Lil Uzi Vert),0.061,0.927,0.665,0.0,0.123,-5.313,1,0.244,127.076,4,0.175,1274741,Canada,4Km5HrUvYTaSUfiSGPJeQR
5,Let Me Love You,0.0784,0.476,0.718,1.02e-05,0.122,-5.309,1,0.0576,199.864,4,0.142,1131835,Canada,4pdPtRcBmOSQDlJ3Fk945m
6,I Feel It Coming,0.426,0.773,0.819,0.0,0.0679,-5.946,0,0.118,92.99,4,0.585,1106631,Canada,5GXAXm5YOmYT0kL5jHvYBt
7,Don't Wanna Know,0.338,0.783,0.623,0.0,0.0975,-6.126,1,0.08,100.048,4,0.447,1032286,Canada,5MFzQMkrl1FOOng9tq6R9r
8,All I Want for Christmas Is You,0.164,0.336,0.627,0.0,0.0708,-7.463,1,0.0384,150.273,4,0.35,485447,Canada,0bYg9bo50gSsH3LtXe2SQn
9,Say You Won't Let Go,0.695,0.358,0.557,0.0,0.0902,-7.398,1,0.059,85.043,4,0.494,1037259,Canada,5uCax9HTNlzGybIStD3vDh
10,Rockabye (feat. Sean Paul & Anne-Marie),0.406,0.72,0.763,0.0,0.18,-4.068,0,0.0523,101.965,4,0.742,1032392,Canada,5knuzwU65gJK7IF5yJsuaW
11,One Dance,0.00784,0.791,0.619,0.00423,0.351,-5.886,1,0.0532,103.989,4,0.371,928370,Canada,1xznGGDReH1oQq0xzbwXa3
12,Jingle Bell Rock,0.614,0.741,0.34,0.0,0.0955,-13.421,1,0.0446,119.606,4,0.838,426729,Canada,1cImYkHOQMFE7AZC9aOk4y
13,Party Monster,0.189,0.573,0.63,2.31e-05,0.259,-8.389,1,0.105,77.525,4,0.218,821955,Canada,4F7A0DXBrmUAkp32uenhZt
14,Bad Things (with Camila Cabello),0.214,0.697,0.691,0.0,0.185,-4.757,1,0.146,137.853,4,0.305,888030,Canada,1PSBzsahR2AKwLJgx8ehBj
15,Call On Me - Ryan Riback Extended Remix,0.0604,0.67,0.838,0.000611,0.159,-4.031,1,0.0362,104.998,4,0.717,889893,Canada,78rIJddV4X0HkNAInEcYde
16,24K Magic,0.034,0.818,0.803,0.0,0.153,-4.282,1,0.0797,106.97,4,0.632,860448,Canada,6b8Be6ljOzmkOmFslEb23P
17,Starving,0.371,0.636,0.633,0.0,0.102,-4.23,1,0.126,99.721,4,0.512,823607,Canada,1qOLh0tI7trd1zdDKxYZTe
18,Deja Vu,0.352,0.657,0.421,0.000218,0.187,-11.378,1,0.412,174.063,4,0.181,743220,Canada,6I6NX6tjGsxFAsIfGzY9lJ
19,Love Me Now,0.591,0.495,0.762,0.0,0.0763,-3.842,1,0.0862,123.893,4,0.708,826897,Canada,6nxQdXa1uAL0rY72wPZu89
20,In the Name of Love,0.0592,0.49,0.485,0.0,0.337,-6.237,0,0.0406,133.889,4,0.196,855813,Canada,04DwTuZ2VBdJCCC5TROn7L
21,It's the Most Wonderful Time of the Year,0.766,0.24,0.598,0.0,0.117,-8.435,1,0.0369,201.629,3,0.776,386956,Canada,5hslUAKq9I9CG2bAulFkHN
22,Side To Side,0.0408,0.648,0.738,0.0,0.292,-5.883,0,0.247,159.145,4,0.603,805074,Canada,4pLwZjInHj3SimIyN9SnOz
23,The Greatest,0.0174,0.639,0.785,0.00107,0.0512,-6.167,0,0.174,191.95,4,0.686,508060,Canada,6bLopGnirdrilrpdVB6Um1
24,Rockin' Around The Christmas Tree - Single Version,0.706,0.703,0.407,0.0,0.45,-12.155,1,0.0504,140.057,4,0.849,365823,Canada,3T7dNA7O8c3Axj5WyDNcH3
25,Cold Water (feat. Justin Bieber & M?),0.0736,0.608,0.798,0.0,0.156,-5.092,0,0.0432,92.943,4,0.501,770445,Canada,6DNtNfH8hXkqOX1sjqmI7p
26,Broccoli (feat. Lil Yachty),0.236,0.886,0.525,0.0,0.057,-7.39,1,0.131,145.99,4,0.708,763456,Canada,7yyRTcZmCiyzzJlNzGC9Ol
27,Caroline,0.17,0.94,0.335,0.0,0.262,-10.179,0,0.505,120.04,4,0.707,360148,Canada,5hTpBe8h35rJ67eAWHQsJx
28,Just Hold On,0.00383,0.647,0.932,1.5e-06,0.0574,-3.515,1,0.0824,114.991,4,0.374,768915,Canada,3EmmCZoqpWOTY1g2GBwJoR
29,All We Know,0.097,0.662,0.586,0.00272,0.115,-8.821,1,0.0307,90.0,4,0.296,758574,Canada,2rizacJSyD9S1IQUxUxnsK
30,Blue Christmas,0.9,0.465,0.27,0.00104,0.145,-16.661,1,0.0425,94.518,4,0.58,332437,Canada,3QiAAp20rPC3dcAtKtMaqQ
31,Mercy,0.137,0.469,0.68,0.0,0.11,-4.921,0,0.117,147.734,4,0.374,695570,Canada,4TZy1wLyHec06pwgFYDh1a
32,Now and Later,0.273,0.781,0.57,0.0,0.196,-5.874,0,0.188,107.059,4,0.858,327251,Canada,08WPvDEsHvTFuB9w8tC2OS
33,Sidewalks,0.147,0.542,0.72,0.0,0.348,-5.136,0,0.0628,149.828,4,0.623,630557,Canada,4h90qkbnW1Qq6pBhoPvwko
34,Scars To Your Beautiful,0.0285,0.573,0.739,0.0,0.111,-5.74,1,0.129,97.085,4,0.451,694316,Canada,0prNGof3XqfTvNDxHonvdK
35,Heathens,0.0841,0.732,0.396,3.58e-05,0.105,-9.348,0,0.0286,90.024,4,0.548,646356,Canada,6i0V12jOa3mr6uu4WYhUBr
36,Last Christmas,0.189,0.735,0.478,2.48e-06,0.355,-12.472,1,0.0293,107.682,4,0.947,309661,Canada,2FRnf9qhLbvw8fu4IBXx78
37,Let It Snow! Let It Snow! Let It Snow! (with The B. Swanson Quartet),0.881,0.603,0.321,0.0,0.34,-11.489,1,0.0599,143.104,4,0.844,309514,Canada,7inXu0Eaeg02VsM8kHNvzM
38,Bounce Back,0.106,0.78,0.575,0.0,0.129,-5.628,0,0.139,81.502,4,0.273,662185,Canada,0SGkqnVQo9KPytSri1H6cF
39,It's Beginning to Look a Lot like Christmas,0.908,0.339,0.214,7.47e-06,0.341,-11.714,1,0.0375,94.775,3,0.363,305424,Canada,0lLdorYw7lVrJydTINhWdI
40,Sneakinf,0.00496,0.806,0.558,1.45e-06,0.16,-6.538,1,0.172,85.011,4,0.26,607768,Canada,4ckuS4Nj4FZ7i3Def3Br8W
41,White Christmas,0.673,0.317,0.158,0.353,0.338,-16.485,1,0.0381,130.503,3,0.247,293005,Canada,4so0Wek9Ig1p6CRCHuINwW
42,My Way,0.093,0.818,0.913,3.69e-05,0.161,-3.06,0,0.0426,119.986,4,0.536,620107,Canada,1vvNmPOiUuyCbgWmtc6yfm
43,The Mack,0.0707,0.707,0.883,0.0,0.23,-4.281,1,0.0602,106.031,4,0.541,599391,Canada,7aV2mflaASUmGhCErm7kBO
44,X (feat. Future),0.373,0.835,0.413,0.00133,0.101,-9.81,1,0.396,149.004,4,0.111,575034,Canada,6fwdbPMwP1zVStm8FybmkO
45,All Time Low,0.0584,0.617,0.567,0.0,0.0933,-4.188,1,0.0828,90.246,4,0.505,640788,Canada,1CnPYaKxTVb4LWOtiGOm0m
46,Six Feet Under,0.129,0.772,0.504,0.0,0.125,-8.219,0,0.0761,140.035,4,0.244,520643,Canada,4mU5iXHeLgbR94siF7p1sY
47,Chill Bill (feat. J. Davi$ & Spooks),0.0312,0.886,0.427,0.00099,0.0906,-10.028,1,0.145,108.034,4,0.23,540285,Canada,5uDASfU19gDxSjW8cnCaBp
48,Too Good,0.0573,0.804,0.648,3.49e-05,0.102,-7.805,1,0.117,117.983,4,0.392,555182,Canada,11KJSRSgaDxqydKYiD2Jew
49,Reminder,0.142,0.706,0.505,0.0,0.164,-6.923,1,0.193,160.053,4,0.388,487430,Canada,37F0uwRSrdzkBiuj0D5UHI
50,Don't Let Me Down (feat. Daya),0.16,0.542,0.859,0.00466,0.137,-5.651,1,0.197,159.797,4,0.403,558636,Canada,0QsvXIfqM0zZoerQfsI9lm
51,All Night,0.0038,0.544,0.809,0.0,0.323,-5.098,1,0.0363,145.017,4,0.448,257105,Canada,4b4KcovePX8Ke2cLIQTLM0
52,"How Far I'll Go - From ""Moana""",0.157,0.314,0.555,0.000108,0.067,-9.601,1,0.37,179.666,4,0.159,579432,Canada,5hYTyyh2odQKphUbMqc5gN
53,Sunset Lover,0.729,0.783,0.467,0.809,0.109,-9.474,1,0.0503,90.838,4,0.236,559484,Canada,0hNduWmlWmEmuwEFcYvRu1
54,Treat You Better,0.123,0.624,0.803,0.0,0.114,-4.105,0,0.246,166.018,4,0.821,547690,Canada,4Hf7WnR761jpxPr5D46Bcd
55,OOOUUU,0.533,0.635,0.847,0.0,0.154,-3.152,1,0.447,166.072,4,0.568,496953,Canada,7JYsArznYOjX2jsrT3UEnL
56,Immortal,0.455,0.744,0.43,2.73e-06,0.126,-10.604,0,0.309,92.039,4,0.266,433293,Canada,6AGON2BGdPmPMJGiiNuuwl
57,Run Rudolph Run - Single Version,0.812,0.681,0.715,9.43e-06,0.0777,-10.609,0,0.0912,152.132,4,0.957,237967,Canada,2pnPe4pJtq7689i5ydzvJJ
58,Trust Nobody (feat. Selena Gomez & Tory Lanez),0.494,0.42,0.636,0.0,0.122,-7.216,1,0.22,156.104,5,0.784,513193,Canada,2wDjpPW3HZdA9quPPmZAMu
59,A Holly Jolly Christmas - Single Version,0.579,0.683,0.375,0.0,0.076,-13.056,1,0.0303,140.467,4,0.888,233858,Canada,65Q2mv3UlVi9eO70OpsmSe
60,Cheap Thrills,0.0472,0.628,0.698,0.00143,0.0907,-5.608,0,0.105,89.976,4,0.732,504114,Canada,27SdWb2rFzO6GWiYDBTD9j
61,The Christmas Song (Merry Christmas To You),0.904,0.31,0.095,3.43e-05,0.128,-17.828,1,0.0366,72.76,4,0.188,218937,Canada,5humEOJehpAwMJEJmb0JJ2
62,Controlla,0.0773,0.607,0.476,0.0,0.113,-11.076,0,0.249,122.976,5,0.347,457390,Canada,6F609ICg9Spjrw1epsAnpa
63,Winter Wonderland,0.769,0.648,0.228,0.0,0.0983,-12.335,1,0.0454,125.526,4,0.503,217834,Canada,5VEuraNSVxMTzDTtrmL3lQ
64,Neighbors,0.319,0.898,0.283,0.000383,0.11,-12.335,0,0.356,138.97,4,0.469,392598,Canada,0utlOiJy2weVl9WTkcEWHy
65,White Christmas (with Shania Twain),0.469,0.628,0.484,1.23e-05,0.126,-7.588,1,0.0319,63.476,4,0.642,214066,Canada,2gbCG4Rt9984UZ7Tc0dIFd
66,Steady 1234 (feat. Jasmine Thompson & Skizzy Mars),0.153,0.779,0.671,1.12e-05,0.115,-5.829,1,0.0814,104.953,4,0.718,470347,Canada,40UroIGvsMPLPBYwH8rMNA
67,No Heart,0.136,0.906,0.444,6.44e-05,0.173,-8.692,0,0.384,140.063,4,0.678,425695,Canada,4gmmRb6bZJffOOiww1JGTO
68,Juju on That Beat (TZ Anthem),0.00381,0.807,0.887,0.0,0.391,-3.892,1,0.275,160.517,4,0.78,403446,Canada,1lItf5ZXJc1by9SbPeljFd
69,Panda,0.028,0.576,0.766,1.68e-06,0.366,-4.943,0,0.449,144.833,4,0.236,439170,Canada,5OOkp4U9P9oL23maHFHL1h
70,I Took A Pill In Ibiza - Seeb Remix,0.0353,0.663,0.713,7.68e-06,0.0843,-6.647,0,0.112,101.965,4,0.69,467650,Canada,17Fd6Yb7mSbinKG8LoWfFl
71,It's Beginning to Look a Lot Like Christmas (with Mitchell Ayres & His Orchestra),0.76,0.724,0.276,0.0,0.116,-12.25,1,0.0599,112.874,4,0.718,209710,Canada,6IeK3Ap5m3HabwJxgI6eSE
72,Mistletoe,0.511,0.666,0.543,0.0,0.0911,-9.188,0,0.0446,161.947,4,0.881,207718,Canada,32OWobmyAz8J2qA8iWekyS
73,Lot to Learn,0.0845,0.422,0.852,0.0,0.0687,-3.546,1,0.208,82.914,4,0.666,207708,Canada,2HzfRSfCogBSsgW2CckVA2
74,I Would Like,0.0853,0.486,0.713,0.0,0.0839,-3.949,0,0.0524,121.028,4,0.297,452930,Canada,4Q4jmPHwu0wrJvqrld0FQ6
75,Santa Claus Is Coming to Town,0.785,0.594,0.389,0.0,0.0313,-7.109,1,0.0517,122.331,4,0.396,203321,Canada,5Ber68jZ7ytegr2UISEdb7
76,Redbone,0.172,0.745,0.356,0.00943,0.123,-10.425,1,0.0941,160.033,4,0.607,395149,Canada,3kxfsdsCpFgN412fpnW85Y
77,Make Me (Cry),0.592,0.588,0.471,0.00146,0.0733,-7.287,1,0.0577,152.881,4,0.209,439191,Canada,2BrzlUj1u1CtvaJDGIKpsP
78,Low Life (feat. The Weeknd),0.337,0.722,0.331,0.282,0.146,-7.789,1,0.0726,143.961,4,0.102,399621,Canada,7EiZI6JVHllARrX9PUvAdX
79,Water Under the Bridge,0.0189,0.596,0.838,1.54e-05,0.108,-6.52,0,0.0704,94.982,4,0.472,456148,Canada,4vb4mFvYsr2h6enhjJsq9Y
80,pick up the phone,0.114,0.711,0.739,0.0,0.226,-3.804,0,0.129,136.919,4,0.43,410942,Canada,20dP2DaMHIAmwWAbp7peSr
81,Needed Me,0.11,0.671,0.314,0.0,0.0825,-8.091,0,0.244,110.898,4,0.296,397126,Canada,1Tt4sE4pXi57mTD1GCzsqm
82,Light,0.0857,0.57,0.763,2.49e-06,0.0932,-4.137,1,0.0573,150.088,4,0.43,397818,Canada,7zTx8ePYAmPFQuxP3xlXZn
83,Lighthouse - Andrelli Remix,0.0178,0.595,0.662,0.0,0.0804,-6.858,0,0.0362,96.053,4,0.417,408561,Canada,04CttTezSnv71USiiG9mIo
84,Carol of the Bells,0.994,0.418,0.106,0.0292,0.179,-22.507,0,0.0448,46.718,4,0.8,185727,Canada,4tHqQMWSqmL6YjXwsqthDI
85,in my miNd,0.45,0.768,0.632,0.0,0.0449,-3.807,0,0.0254,102.061,4,0.786,337075,Canada,0F1Rc18rZcJOALxIIQPTYd
86,Weak,0.137,0.673,0.637,0.0,0.184,-4.518,1,0.0429,123.98,4,0.678,426659,Canada,3E2Zh20GDCR9B1EYjfXWyv
87,Used to This (feat. Drake),0.0312,0.618,0.727,0.0,0.196,-7.224,0,0.208,164.992,4,0.401,362952,Canada,78sr3ogs4UzITcCNbXM9cM
88,We Don't Talk Anymore (feat. Selena Gomez),0.621,0.728,0.563,0.0,0.179,-8.053,0,0.134,100.017,4,0.352,400770,Canada,68EMU2RD1ECNeOeJ5qAXCV
89,Work from Home (feat. Ty Dolla $ign),0.103,0.803,0.585,3.94e-06,0.0644,-5.861,1,0.0432,105.017,4,0.593,407868,Canada,4tCtwWceOPWzenK2HAIJSb
90,"Sucker for Pain (with Wiz Khalifa, Imagine Dragons, Logic & Ty Dolla $ign feat. X Ambassadors)",0.255,0.502,0.786,0.0,0.65,-4.378,0,0.317,169.021,4,0.739,371447,Canada,4dASQiO1Eoo3RJvt74FtXB
91,All I Want for Christmas Is You,0.42,0.503,0.465,0.0,0.101,-8.077,0,0.0274,141.793,4,0.143,179855,Canada,0xPaZrF25ltzvz1a2Pm5DQ
92,Christmas Time Is Here - Vocal,0.978,0.388,0.145,6.86e-06,0.0997,-19.697,0,0.0318,75.474,3,0.0911,179419,Canada,299lFlaAsNQdgbIZNPmIA0
93,"CAN'T STOP THE FEELING! (Original Song from DreamWorks Animation's ""TROLLS"")",0.0123,0.667,0.83,0.0,0.191,-5.715,1,0.0749,113.03,4,0.701,411735,Canada,6JV2JOEocMgcZxYSZelKcc
94,Santa Tell Me,0.0464,0.464,0.63,0.0,0.295,-7.337,1,0.182,132.96,5,0.527,178041,Canada,1ADjWm8QNhgNV8yCNNgQ1T
95,Setting Fires,0.017,0.626,0.717,0.0,0.261,-5.751,0,0.0375,105.039,4,0.56,368647,Canada,0B8B8cVRFIG1yznoQe7c9s
96,Die For You,0.111,0.586,0.525,0.0,0.134,-7.163,0,0.0615,133.629,4,0.508,343006,Canada,2LBqCSwhJGcFQeTHMVGwy3
97,Rockinf,0.0133,0.738,0.885,0.0,0.0821,-5.547,0,0.206,112.878,4,0.752,337318,Canada,36YCdzT57us0LhDmCYtrNE
98,This Is What You Came For (feat. Rihanna),0.199,0.631,0.927,0.119,0.148,-2.787,0,0.0332,123.962,4,0.465,409095,Canada,0azC730Exh71aQlOt9Zj3y
99,Not Going Home (feat. Gia Koka),0.0933,0.713,0.733,2.23e-05,0.237,-6.431,1,0.152,108.992,4,0.502,396236,Canada,042x9bsUBWW2fJgJ6fUh61
100,True Colors,0.284,0.616,0.424,0.0,0.173,-8.237,1,0.251,76.676,4,0.582,333754,Canada,6i759FCuKx713ZnYjtpQGU
101,Jingle Bells (feat. The Puppini Sisters),0.634,0.702,0.588,0.0,0.198,-5.914,1,0.0563,122.945,3,0.849,174033,Canada,4qBejt9FeqLI9blHI1Nq1x
102,All I Know,0.421,0.467,0.417,0.000202,0.102,-10.614,0,0.074,120.021,4,0.171,332517,Canada,0NWqNXBJTpXbkI5rPWNy3p
103,Holly Jolly Christmas,0.865,0.647,0.465,0.0,0.0882,-8.308,1,0.0428,151.251,4,0.699,173509,Canada,6tjituizSxwSmBB5vtgHZE
104,Secrets,0.0155,0.665,0.771,9.6e-06,0.46,-5.779,1,0.0533,109.948,4,0.764,328061,Canada,3DX4Y0egvc0slLcLl31h2p
105,Light It Up (feat. Nyla & Fuse ODG) - Remix,0.0375,0.746,0.877,0.000833,0.233,-3.782,0,0.0666,107.985,4,0.751,361047,Canada,0L7loeTIg6akW84aEQZpCT
106,No Role Modelz,0.301,0.692,0.521,0.0,0.0565,-8.465,0,0.33,100.45,4,0.463,353407,Canada,62vpWI1CHwFy7tMIcSStl8
107,Rudolph The Red-Nosed Reindeer,0.671,0.67,0.275,0.0,0.199,-12.755,1,0.0385,152.649,4,0.806,171179,Canada,4hXAK3mjFVFOOiJQ3rKAXi
108,What They Want,0.484,0.71,0.404,0.0,0.0953,-10.04,0,0.379,139.553,4,0.398,342318,Canada,3pndPhlQWjuSoXhcIIdBjv
109,Taped up Heart (feat. Clara Mae),0.152,0.675,0.937,0.0,0.154,-3.525,0,0.0509,103.961,4,0.567,361939,Canada,26hcyzSE154xMZCbFdtInA
110,Sleigh Ride,0.601,0.526,0.709,1.37e-05,0.327,-9.882,0,0.0333,91.638,4,0.832,166912,Canada,7wiESxCGoUkRdgZF2JOLZu
111,Miss You,0.104,0.88,0.605,0.00488,0.106,-7.639,0,0.0531,120.017,4,0.626,345569,Canada,7of1slAJIWrXxP8ikAHxje
112,"i hate u, i love u (feat. olivia o'brien)",0.687,0.492,0.275,0.0,0.101,-13.4,0,0.3,92.6,4,0.18,336863,Canada,7vRriwrloYVaoAe3a9wJHe
113,Litty (feat. Tory Lanez),0.0451,0.592,0.701,0.0,0.327,-4.014,0,0.0858,129.501,4,0.282,335712,Canada,5J5PXmMdQ2nh1lZOal8KmK
114,Shed a Light,0.112,0.483,0.787,0.0,0.257,-5.244,1,0.102,122.058,4,0.58,380819,Canada,1cG0umU5TKStygKsPFZ9pY
115,Love Yourself,0.835,0.609,0.378,0.0,0.28,-9.828,1,0.438,100.418,4,0.515,349288,Canada,3hB5DgAiMAQ4DzYbsMq1IT
116,Feliz Navidad,0.534,0.485,0.857,0.0,0.347,-7.059,1,0.0442,148.749,4,0.963,163998,Canada,7taXf5odg9xCAZERYfyOkS
117,Jumpman,0.0559,0.852,0.553,0.0,0.332,-7.286,1,0.187,142.079,4,0.656,346504,Canada,27GmP9AWRs744SzKcpJsTZ
118,Santa Baby (with Henri Ren? & His Orchestra),0.902,0.7,0.139,0.0,0.185,-12.346,1,0.0607,84.485,4,0.49,161216,Canada,1foCxQtxBweJtZmdxhEHVO
119,Mistletoe And Holly - Remastered 1999,0.804,0.607,0.103,0.0,0.076,-14.405,1,0.0404,110.378,4,0.341,160886,Canada,7faDzZnZYqTyYThx2sbHVQ
120,I Got You,0.0504,0.609,0.887,4.76e-06,0.09,-4.749,0,0.0507,97.99,4,0.316,362862,Canada,1FUViuNSldssMIawrOXF2i
121,Not Nice,0.0253,0.598,0.496,0.00132,0.12,-9.309,1,0.0804,128.06,4,0.725,322176,Canada,4STaHtfguDMkWbPEo6Fwcx
122,Work,0.0752,0.725,0.534,0.0,0.0919,-6.238,1,0.0946,91.974,4,0.558,353125,Canada,14WWzenpaEgQZlqPq2nk4v
123,Ride,0.00835,0.645,0.713,0.0,0.113,-5.355,1,0.0393,74.989,4,0.566,334340,Canada,2Z8WuEywRWYTKe1NybPQEW
124,Swang,0.2,0.681,0.314,9.82e-06,0.1,-9.319,1,0.0581,139.992,4,0.166,333430,Canada,6mapJIPnQ23RTAevUoE0DL
125,Into You,0.0161,0.636,0.727,1.12e-06,0.151,-5.852,1,0.106,107.988,4,0.358,359322,Canada,7yHEDfrJNd0zWOfXwydNH0
126,Dynamite (feat. Pretty Sister),0.0548,0.811,0.801,2.09e-05,0.0742,-6.0,0,0.0802,105.055,4,0.693,336001,Canada,2Ae5awwKvQpTBKQHr1TYCg
127,Wake Up Where You Are,0.11,0.706,0.674,0.000626,0.0784,-6.977,1,0.0337,113.956,4,0.545,334290,Canada,2s76aKBWKShlwPC4xTtEEE
128,This Town,0.71,0.687,0.409,0.0,0.126,-7.751,1,0.0311,111.861,4,0.16,325380,Canada,5nA67Y0XX9JipZwYxX7Gl7
129,Love On The Brain,0.0717,0.509,0.637,1.08e-05,0.0789,-4.83,0,0.0471,172.006,3,0.378,321485,Canada,2aksifNn5ph8igDOkPBA02
130,By Your Side,0.0778,0.696,0.743,0.0,0.0581,-3.838,1,0.0331,122.978,4,0.644,345471,Canada,1D3ODoXHBLpdxolZRHWV1j
131,All I Want For Christmas (Is My Two Front Teeth) - Remastered,0.967,0.752,0.0869,0.0,0.0869,-16.759,1,0.071,130.566,4,0.502,152523,Canada,4FQJyi8gnbhKy623wNx6Ps
132,Cold December Night,0.00722,0.517,0.702,0.0,0.0896,-6.763,1,0.0247,83.873,4,0.414,150569,Canada,4FPrAERfkPKOBKrRoyuxLu
133,False Alarm,0.0324,0.518,0.676,3.62e-05,0.189,-6.373,0,0.0744,173.998,4,0.197,286283,Canada,32lgtADX2cB9I4KFs1Y1py
134,Capsize,0.0398,0.683,0.708,0.155,0.686,-6.244,0,0.0305,92.991,4,0.355,330284,Canada,2XMTqoHHSH0lvuXrvIEdco
135,Do They Know It's Christmas? - 1984 Version,0.164,0.599,0.642,3.33e-05,0.0992,-6.936,1,0.0363,115.412,4,0.349,150240,Canada,1hvpDAxZPKjKztOc72sv06
136,Hallelujah,0.454,0.322,0.377,0.0,0.338,-7.385,0,0.0356,118.669,4,0.366,149475,Canada,550rQQCGkrTzvp4SfpOPzx
137,Tiimmy Turner,0.174,0.603,0.725,0.0,0.0786,-3.054,1,0.0393,122.803,4,0.304,297832,Canada,3NJG6vMH1ZsectZkocMEm0
138,Stressed Out,0.0462,0.734,0.637,2.29e-05,0.0602,-5.677,0,0.141,169.977,4,0.648,315209,Canada,3CRDbSIZ4r5MsZ0YwxuEkn
139,Sorry,0.0797,0.654,0.76,0.0,0.299,-3.669,0,0.045,99.945,4,0.41,316554,Canada,69bp2EbF7Q2rqc5N3ylezZ
140,Black Barbies,0.0878,0.809,0.588,7.24e-05,0.171,-5.167,1,0.0869,146.024,4,0.249,286467,Canada,3y9cCbnBn0zjkJa2YkOj70
141,Gold,0.615,0.6,0.412,0.0025,0.134,-9.343,1,0.344,113.049,5,0.408,317246,Canada,6WhzFzROw3aq3rPWjgYlxr
142,Have Yourself A Merry Little Christmas,0.954,0.426,0.177,0.0,0.317,-9.429,1,0.0436,133.483,1,0.317,143077,Canada,7Hz6LLOVxrojLPIHJJ1S0E
143,Wonderful Christmastime - Remastered 2011 / Edited Version,0.322,0.774,0.511,0.0,0.0672,-8.914,1,0.0319,94.736,4,0.771,141286,Canada,4gavOCQdZ2g86gkvi17FM7
144,"Have Yourself A Merry Little Christmas - ""Meet Me In St. Louis"" Original Cast Recording",0.961,0.273,0.161,0.000905,0.112,-16.091,1,0.0357,64.16,4,0.111,141147,Canada,4eqne0oIdt9GW2ubiliny0
145,Hymn for the Weekend - Seeb Remix,0.00868,0.564,0.849,4.68e-06,0.12,-3.516,0,0.0517,102.028,4,0.427,296705,Canada,1OAiWI2oPmglaOiv9fdioU
146,"Santa Claus Is Comin' to Town - Live at C.W. Post College, Greenvale, NY - December 1975",0.362,0.357,0.668,1.37e-06,0.727,-8.444,1,0.0479,139.986,4,0.407,140683,Canada,6s2wpWPFPAgKg2LXxi1Oee
147,Happy Xmas (War Is Over) - Remastered 2010,0.318,0.328,0.607,0.0,0.765,-11.076,1,0.0315,146.537,3,0.395,140063,Canada,3zJw3rugfpVrmBeDDnUYzy
148,"Me, Myself & I",0.0184,0.756,0.674,0.0,0.158,-6.518,0,0.0959,111.995,4,0.389,297264,Canada,40YcuQysJ0KlGQTeGUosTC
149,goosebumps,0.0847,0.841,0.728,0.0,0.149,-3.37,1,0.0484,130.049,4,0.43,303535,Canada,6gBFPUFcJLzWGx4lenP6h2
150,LUV,0.0108,0.539,0.528,0.0,0.117,-8.113,0,0.252,190.169,4,0.252,294747,Canada,16Ah4QqH4mgYVXqfC4mdSd
151,Still Here,0.0258,0.834,0.433,0.0,0.633,-9.607,1,0.174,133.938,3,0.229,279183,Canada,433P7tDcIAi6NLnf4Sh6tI
152,Faded,0.0291,0.589,0.651,3.2e-06,0.111,-5.097,1,0.0306,90.011,4,0.166,291291,Canada,7gHs73wELdeycvS48JfIos
153,Attention,0.688,0.671,0.428,0.000182,0.119,-7.052,0,0.124,148.04,4,0.362,262075,Canada,6pDVjCUA3B1vg9waKutAsv
154,Change,0.666,0.74,0.523,0.00142,0.0968,-10.753,0,0.233,97.063,4,0.235,266166,Canada,3pjUyVbFmM96tYhSaKJwTt
155,Christmas (Baby Please Come Home),0.000942,0.495,0.793,8.29e-06,0.0791,-5.696,1,0.03,125.998,4,0.672,137511,Canada,66WPXyhXqMlkM1kZhyEXWK
156,Have Yourself a Merry Little Christmas,0.871,0.244,0.274,1.18e-05,0.0897,-10.433,1,0.04,68.534,4,0.164,136666,Canada,0iV9yfj1knFNOSEiuTHZwl
157,7 Years,0.29,0.742,0.479,0.0,0.391,-5.83,1,0.0551,119.951,4,0.346,279203,Canada,7129iqBafaphfc3WPCGC0L
158,Do You Hear What I Hear?,0.891,0.489,0.328,0.00038,0.307,-10.892,1,0.0261,100.83,4,0.405,133890,Canada,4EZUcj7c8n9pWIwHqN0DoH
159,This Girl (Kungs Vs. Cookin' On 3 Burners),0.08,0.793,0.729,3.1e-05,0.317,-4.77,0,0.0394,121.972,4,0.488,283246,Canada,0tICYNayWWhH9GPeFrfjfD
160,Ordinary Life,0.0276,0.544,0.586,0.0,0.0962,-7.486,0,0.0794,149.882,4,0.361,250768,Canada,7lsYGc5H5DHktxO7gbB8bN
161,Moves,0.0433,0.812,0.522,0.0,0.154,-5.287,1,0.257,75.524,4,0.38,273888,Canada,0Fv5N0cHBsl4bzCbollCAS
162,Mele Kalikimaka - Single Version,0.838,0.463,0.285,0.0,0.241,-11.616,1,0.0476,204.153,4,0.525,131476,Canada,6UrKVLhzBYZY6fXmNyCLDi
163,Wanna Know Remix (feat. Drake),0.0741,0.717,0.507,3.21e-05,0.241,-8.595,0,0.0445,100.017,4,0.198,262318,Canada,7bPLo5Fv7h15E2fW3g1mVQ
164,Money Longer,0.0541,0.795,0.568,0.0,0.108,-7.817,0,0.142,136.173,4,0.478,262312,Canada,0B8QzDH7YWih85V5SEMnyJ
165,White Iverson,0.233,0.675,0.562,0.0,0.0816,-7.678,1,0.0352,130.098,4,0.309,262739,Canada,6eT7xZZlB2mwyzJ2sUKG6w
166,The Happiest Christmas Tree - 2009 Digital Remaster,0.704,0.494,0.644,0.0,0.781,-11.781,1,0.905,206.13,4,0.866,128484,Canada,4WN9xLkAeINLPLaoeZ9ZW9
167,Some Kind Of Drug (feat. Marc E. Bassy),0.0705,0.634,0.525,0.0,0.0729,-8.968,1,0.47,130.271,4,0.49,282838,Canada,1Bqxj0aH5KewYHKUg1IdrF
168,Let It Go,0.818,0.546,0.311,1.65e-05,0.107,-10.396,1,0.0288,147.464,4,0.246,270169,Canada,13HVjjWUZFaWilh2QUJKsP
169,God Rest Ye Merry Gentlemen - Single Version,0.992,0.474,0.257,0.00051,0.315,-10.772,0,0.032,101.895,5,0.684,127522,Canada,1uPEDUtTJZOkj7CjGDtZGv
170,Pop Style,0.215,0.724,0.456,2.41e-06,0.105,-10.009,1,0.127,133.051,4,0.0481,259001,Canada,1WRy5l3TwrwlzNmB5bOeKw
171,A Lonely Night,0.0431,0.853,0.663,8.65e-06,0.0891,-6.955,0,0.0755,113.999,4,0.864,241358,Canada,4UknpXoLjlB7Mao4UWcJ2o
172,Deja Vu,0.0931,0.62,0.69,0.0,0.131,-6.508,1,0.0493,133.935,4,0.331,245870,Canada,0H8XeaJunhvpBdBFIYi6Sh
173,Patient,0.565,0.743,0.662,0.0,0.128,-6.108,0,0.179,89.975,4,0.552,245115,Canada,5DLTuH4A5VZB2HKpqHQR6t
174,That's What I Like,0.013,0.853,0.56,0.0,0.0944,-4.961,1,0.0406,134.066,4,0.86,252414,Canada,0KKkJNfGyhkQ5aFogxQAPU
175,Lean On (feat. M? & DJ Snake),0.00346,0.723,0.809,0.00123,0.565,-3.081,0,0.0625,98.007,4,0.274,274826,Canada,4WjH9Bzt3kx7z8kl0awxh4
176,Merry Christmas Everyone - Remastered,0.128,0.541,0.909,0.0,0.128,-3.101,1,0.0358,203.862,4,0.962,123933,Canada,2ISl1zekPsc26sUQpVt8UB
177,Sleigh Ride,0.871,0.694,0.243,0.0,0.165,-15.632,1,0.0723,100.774,4,0.578,123862,Canada,597IVBYr60vm0HKjgOnztJ
178,Nothing Without You,0.064,0.599,0.635,0.0,0.0878,-8.101,1,0.0679,109.919,4,0.194,234898,Canada,3Te3gG6MPEDNqLGzWrjKC3
179,Chantaje (feat. Maluma),0.187,0.852,0.773,3.05e-05,0.159,-2.921,0,0.0776,102.034,4,0.907,331016,Canada,6mICuAdrwEjh6Y6lroV2Kg
180,Send My Love (To Your New Lover),0.0415,0.69,0.524,3.16e-06,0.17,-8.39,0,0.103,164.023,4,0.562,280347,Canada,4BHzQ9C00ceJxfG16AlNWb
181,Merry Christmas Darling - Album Version/Remix,0.851,0.327,0.24,0.0,0.0997,-15.181,1,0.0327,81.113,4,0.193,122396,Canada,1QXg7pVx5hpAZWw8KIAcGw
182,Ophelia,0.605,0.667,0.58,0.000231,0.0849,-6.412,1,0.0286,76.241,4,0.579,267414,Canada,7bTwYGhBdSQ8vuXc76Xint
183,Roses (feat. ROZES),0.0361,0.716,0.806,0.00413,0.244,-7.602,1,0.0466,100.033,4,0.347,262287,Canada,6O6M7pJLABmfBRoGZMu76Y
184,Love To Lay,0.0519,0.711,0.807,0.0,0.214,-5.053,0,0.0608,116.971,4,0.699,230985,Canada,1E43TJhKcM8hXgM958ROQ1
185,Versace on the Floor,0.196,0.578,0.574,0.0,0.083,-6.209,1,0.0454,174.152,4,0.301,244450,Canada,0kN8xEmgMW9mh7UmDYHlJP
186,"Baby, It's Cold Outside (feat. Darren Criss)",0.616,0.52,0.27,0.0,0.109,-9.806,1,0.0299,110.789,4,0.509,120807,Canada,5ud4C9PMcwOUnkk4AVE25V
187,My Only Wish (This Year),0.171,0.665,0.844,0.0,0.225,-3.777,1,0.0273,147.073,4,0.665,120766,Canada,7aiVBCp1ibIWE5GeHkbtxr
188,The Man With The Bag,0.642,0.674,0.319,3.96e-06,0.169,-7.109,1,0.0764,70.057,4,0.747,120602,Canada,56dllQaFZBw3SPTiKZvqYH
189,Don't,0.223,0.765,0.356,0.0,0.0963,-5.556,0,0.195,96.991,4,0.189,249381,Canada,3pXF1nA74528Edde4of9CC
190,Party (feat. Usher & Gucci Mane),0.0556,0.762,0.576,0.0,0.0869,-4.951,0,0.0829,142.096,4,0.316,247007,Canada,05Z7jet4VDNVgNQWcYHnrk
191,8 Days of Christmas,0.0501,0.687,0.843,0.0,0.0604,-1.18,0,0.194,99.789,4,0.638,120267,Canada,3WrG9BpOPQWUus3FjA1Tny
192,Come and See Me (feat. Drake),0.0511,0.717,0.347,2.43e-06,0.087,-10.265,0,0.0636,84.987,4,0.0589,251637,Canada,1wZqJM5FGDEl3FjHDxDyQd
193,"You're A Mean One, Mr. Grinch - From Dr. Seuss' 'How The Grinch Stole Christmas'",0.946,0.478,0.475,0.00372,0.133,-10.901,1,0.28,89.2,4,0.437,118837,Canada,6Tof6kPUc2a17GKaKz4IXz
194,Like A Star (feat. Nicki Minaj),0.0597,0.791,0.776,0.0,0.199,-5.442,1,0.257,97.009,4,0.839,118761,Canada,0VFXJrXtfuX2iqlnXpl4zD
195,iSpy (feat. Lil Yachty),0.378,0.746,0.653,0.0,0.229,-6.745,1,0.289,75.016,4,0.672,263872,Canada,2EEeOnHehOozLq4aS0n6SL
196,Christmas Time,0.867,0.343,0.339,3.75e-06,0.109,-9.282,1,0.0283,103.504,3,0.404,118307,Canada,2345kZ5rt8eHjO8CFpx3Yi
197,Joy To The World,0.783,0.559,0.381,0.0,0.0898,-9.446,1,0.0288,101.754,4,0.667,118118,Canada,3eLWJ29j2FGM91T7aGlHHW
198,Famous,0.0711,0.465,0.735,0.0,0.0975,-3.715,1,0.117,173.935,4,0.409,249454,Canada,19a3JfW8BQwqHWUMbcqSx8
199,Starboy,0.165,0.681,0.594,3.49e-06,0.134,-7.028,1,0.282,186.054,4,0.535,975610,Canada,5aAx2yezTd8zXrkmtKl66Z
200,Now and Later,0.273,0.781,0.57,0.0,0.196,-5.874,0,0.188,107.059,4,0.858,389184,Canada,43jBqV3j3Xi1g6wO0bhIMd
201,Caroline,0.303,0.945,0.394,0.0,0.131,-8.571,1,0.492,120.058,4,0.743,380855,Canada,5GFDrUTLGJix84sNhjCG0g
202,All Night,0.00251,0.563,0.775,0.0,0.326,-6.433,1,0.0366,144.945,4,0.458,323778,Canada,1yNyoWWWikbLhwIGWjZuDW
203,The Greatest (feat. Kendrick Lamar),0.0102,0.668,0.725,0.000479,0.0561,-6.127,1,0.266,191.944,4,0.729,319416,Canada,7xHWNBFm6ObGEQPaUxHuKO
204,Lot to Learn,0.0948,0.405,0.846,0.0,0.0666,-3.57,1,0.195,82.232,4,0.602,233224,Canada,3TRFq09DUgYj1mug6RRqJW
205,Solo Dance,0.0435,0.744,0.836,0.0,0.194,-2.396,0,0.0507,114.965,4,0.36,154437,Canada,6HUnnBwYZqcED1eQztxMBN
206,Hear Me Now,0.537,0.788,0.43,0.00261,0.0936,-7.757,1,0.0419,121.996,4,0.461,152496,Canada,1a5Yu5L18qNxVhXx38njON
207,Fast Car,0.453,0.459,0.587,0.0,0.307,-6.983,1,0.0785,113.901,4,0.581,144794,Canada,6OZh916QF8XNunWaP97WEZ
208,No Problem (feat. Lil Wayne & 2 Chainz),0.156,0.652,0.795,0.0,0.123,-5.192,0,0.174,135.018,4,0.788,144745,Canada,0v9Wz8o0BT8DU38R4ddjeH
209,Cake By The Ocean,0.156,0.774,0.764,0.0,0.0383,-5.445,0,0.0518,118.997,4,0.912,144320,Canada,2aFiaMXmWsM3Vj72F9ksBl
210,Oh Lord,0.0217,0.273,0.794,0.0,0.0616,-6.644,0,0.0675,95.902,4,0.377,139991,Canada,1sTUEdVO85YU8Ymk2jeAls
211,Lights Out,0.0828,0.64,0.701,3.98e-06,0.123,-6.661,0,0.0492,97.012,4,0.703,138990,Canada,07ARBxsDbIdAxLwuRCkGJ4
212,You Was Right,0.069,0.843,0.359,0.0,0.12,-7.417,1,0.461,81.987,4,0.156,137635,Canada,2ANLarE8yHVsLWW21nj79M
213,Never Be Like You,0.436,0.494,0.559,0.0,0.164,-5.445,1,0.0565,119.247,4,0.264,136979,Canada,12REd1n8PeiHHWOh066tpr
214,Cake - Challenge Version,0.0729,0.786,0.854,1.63e-06,0.179,-4.247,1,0.0523,105.078,4,0.687,136268,Canada,6t2ubAB4iSYOuIpRAOGd4t
215,My House,0.0215,0.688,0.702,0.0,0.128,-4.792,0,0.0499,94.006,4,0.74,133631,Canada,6Knv6wdA0luoMUuuoYi2i1
216,Say It (feat. Tove Lo),0.0668,0.598,0.532,3.22e-06,0.0617,-6.833,0,0.0295,74.963,4,0.261,129716,Canada,4sQMalN597HdggTu196aL0
217,Hotline Bling,0.00347,0.903,0.62,0.000119,0.0504,-8.094,1,0.0587,134.96,4,0.539,127125,Canada,2FBUoWkIuQXwayw2RNo5l6
218,What Do You Mean?,0.59,0.845,0.567,0.00142,0.0811,-8.118,0,0.0956,125.02,4,0.793,126561,Canada,3pzjHKrQSvXGHQ98dx18HI
219,The Hills,0.0861,0.356,0.567,0.0,0.137,-7.011,0,0.0798,135.553,5,0.109,125953,Canada,25khomWgBVamSdKw7hzm3l
220,Who Do You Love,0.122,0.682,0.714,0.0,0.224,-7.511,1,0.0534,106.989,4,0.56,125775,Canada,5KAgd2yW7tktrKDsJhO9Fr
221,Fresh Eyes,0.562,0.822,0.544,2.4e-05,0.144,-6.797,1,0.0332,122.047,4,0.861,122911,Canada,4nMlau89VAjmV7agkl7OY3
222,"Lose Yourself - From ""8 Mile"" Soundtrack",0.00868,0.692,0.744,0.000423,0.359,-4.565,1,0.257,171.374,4,0.0612,122590,Canada,5Z01UMMf7V1o0MzF86s6WJ
223,Let Me Hold You (Turn Me On),0.101,0.68,0.774,0.0,0.113,-3.136,0,0.0697,102.949,4,0.331,122510,Canada,0lmdsH1MIoLsMymnNpd6HU
224,No Shopping,0.0125,0.895,0.49,0.00101,0.142,-10.31,0,0.251,83.508,4,0.257,122072,Canada,24BSTATmWEmrPOgEM17bfN
225,Back To Back,0.00855,0.893,0.48,0.0,0.116,-3.728,0,0.356,86.976,4,0.382,122027,Canada,5lFDtgWsjRJu8fPOAyJIAK
226,Photograph,0.607,0.614,0.379,0.000464,0.0986,-10.48,1,0.0476,107.989,4,0.201,121012,Canada,6fxVffaTuwjgEk5h9QyRjy
227,Middle,0.0199,0.611,0.7,0.0,0.0549,-5.331,1,0.0436,104.981,4,0.213,120089,Canada,4OZEu0Vwq0RB2LAq14v99n
228,Champions,0.0623,0.692,0.774,0.0,0.873,-2.48,0,0.0876,134.952,4,0.349,119174,Canada,2nBI3iWLhupR7LyAJ5GGkE
229,Perfect Strangers,0.372,0.742,0.819,0.0,0.277,-5.307,1,0.0487,117.986,4,0.709,119060,Canada,1CUVN2kn7mW5FjkqXTR2W1
230,Fire In My Soul,0.28,0.666,0.863,0.0,0.158,-3.313,0,0.0712,116.505,4,0.841,118990,Canada,0dKDwt7DP0uH4XyGaVMtVP
231,Both (feat. Drake),0.119,0.85,0.405,0.000118,0.0707,-7.509,0,0.225,139.976,4,0.344,118962,Canada,5tFep7dXGd7vEJ668wTPux
232,Thinking out Loud,0.474,0.781,0.445,0.0,0.184,-6.061,1,0.0295,78.998,4,0.591,117635,Canada,1Slwb6dOYkBlWal1PGtnNg
233,'Till I Collapse,0.0748,0.551,0.851,0.0,0.0784,-3.277,1,0.197,171.411,4,0.1,116774,Canada,6yr8GiTHWvFfi4o6Q5ebdT
234,Unsteady,0.178,0.389,0.665,0.000732,0.116,-6.169,1,0.0644,117.055,4,0.199,115696,Canada,7lGKEWMXVWWTt3X71Bv44I
235,All The Way Up,0.0428,0.414,0.807,0.0,0.822,-4.12,0,0.348,175.158,4,0.409,115479,Canada,7Ezwtgfw7khBrpvaNPtMoT
236,Somebody Else,0.201,0.674,0.593,0.000529,0.209,-6.47,0,0.0582,116.995,4,0.464,114658,Canada,34i4yxPrHWquuR4kjiivFO
237,Alone,0.186,0.676,0.929,0.000405,0.121,-3.194,1,0.0458,97.019,4,0.157,114239,Canada,0JiVRyTJcJnmlwCZ854K4p
238,Can't Feel My Face,0.124,0.702,0.77,0.0,0.103,-5.416,0,0.0482,107.951,4,0.593,114109,Canada,6RsWqX8zABZLhZydXxEFOm
239,The Ocean (feat. Shy Martin),0.0225,0.632,0.575,1.81e-06,0.104,-6.478,1,0.029,90.037,4,0.188,111605,Canada,2CPqh63wRVscbceKcPxwvv
240,Sugar (feat. Francesco Yates),0.0185,0.636,0.815,0.0,0.163,-5.098,0,0.0581,123.063,4,0.636,111439,Canada,5tf1VVWniHgryyumXyJM7w
241,Purple Lamborghini (with Rick Ross),0.0019,0.457,0.899,0.0,0.831,-2.591,0,0.132,147.268,4,0.298,111225,Canada,6JyuJFedEvPmdWQW0PkbGJ
242,Please Don't Go,0.0118,0.513,0.768,1.94e-05,0.294,-4.868,0,0.0587,84.264,4,0.235,111060,Canada,3cNjgVBKTJ1SvKhunrCdVy
243,Final Song,0.014,0.695,0.672,7.95e-05,0.0756,-6.109,0,0.0345,104.988,4,0.245,110965,Canada,4qqArAiTPueDxIp7cf87h7
244,Are You Sure? (feat. Ty Dolla $ign),0.0918,0.685,0.819,7.33e-06,0.0934,-3.748,0,0.0494,104.978,4,0.607,110855,Canada,0fH86zQcE2CmATQju6WpXv
245,That's My Girl,0.0358,0.596,0.851,3.19e-05,0.365,-4.245,0,0.121,202.049,4,0.612,110018,Canada,2ACOWPLUe4A4KuQ5ioD2od
246,Ni**as In Paris,0.0763,0.757,0.882,0.0,0.251,-6.125,1,0.248,140.047,4,0.684,109530,Canada,2KpCpk6HjXXLb7nnXoXA5O
247,Really Really,0.00427,0.762,0.666,0.0,0.127,-6.055,1,0.0916,118.97,4,0.278,109391,Canada,10I3CmmwT0BkOVhduDy53o
248,"Crazy Brazy (feat. A$AP Rocky, A$AP Twelvyy & Key!)",0.32,0.755,0.629,0.0,0.126,-8.284,1,0.312,143.083,4,0.591,107943,Canada,59e7E2LMPZ2bhW5G6aCwX8
249,THat Part,0.0855,0.927,0.535,0.0,0.136,-7.59,0,0.0911,112.96,4,0.336,107755,Canada,2yJ9GVCLMmzBBfQAnfzlwr
250,"Castro (feat. Kanye West, Big Sean, Quavo & 2 Chainz)",0.643,0.79,0.544,0.0,0.13,-6.624,0,0.368,146.077,4,0.467,107691,Canada,0rHJxNaQRMGK6Y4TUx3xRO
251,beibs in the trap,0.24,0.743,0.571,0.0,0.291,-6.054,0,0.145,119.054,4,0.495,106673,Canada,0ESJlaM8CE1jRWaNtwSNj8
252,Baptized In Fire,0.606,0.673,0.61,0.0177,0.116,-8.386,0,0.191,152.062,4,0.759,105081,Canada,6WSBZroxQaO3FYEpT2ACFH
253,Hello,0.336,0.481,0.451,0.0,0.0872,-6.095,0,0.0347,157.966,4,0.289,105006,Canada,4sPmO7WMQUAf45kwMOtONw
254,Lush Life,0.132,0.694,0.712,0.0,0.211,-3.923,0,0.046,98.023,4,0.799,102838,Canada,1rIKgCH4H52lrvDcz50hS8
255,679 (feat. Remy Boyz),0.00256,0.618,0.717,0.0,0.625,-5.738,1,0.318,190.05,4,0.603,102740,Canada,5NQbUaeTEOGdD6hHcre0dZ
256,Trap Queen,0.0244,0.746,0.873,0.0,0.354,-3.803,1,0.128,148.075,4,0.817,102247,Canada,2d8JP84HNLKhmd6IYOoupQ
257,Go Flex,0.228,0.665,0.498,0.0,0.0757,-8.185,1,0.0832,81.967,4,0.127,102037,Canada,5yuShbu70mtHXY0yLzCQLQ
