,name,acousticness,danceability,energy,instrumentalness,liveness,loudness,mode,speechiness,tempo,time_signature,valence,streams,country,id
0,Mood (feat. iann dior),0.221,0.7,0.722,0.0,0.272,-3.558,0,0.0369,90.989,4,0.756,14158516,England,3tjFYV6RSFtuktYl3ZtYcq
1,Whoopty,0.2,0.719,0.648,0.0,0.127,-7.6,0,0.125,140.201,4,0.66,9786528,England,5vGLcdRuSbUhD8ScwsGSdA
2,Head & Heart (feat. MNEK),0.168,0.734,0.874,1.14e-05,0.0489,-3.158,1,0.0662,122.953,4,0.905,20066684,England,6cx06DFPPHchuUAcTxznu9
3,"Lemonade (feat. Gunna, Don Toliver & NAV)",0.25,0.8,0.658,0.0,0.111,-6.142,0,0.079,140.042,4,0.462,16357135,England,7hxHWCCAIIxFLCzvDgnQHX
4,Blinding Lights,0.00146,0.514,0.73,9.54e-05,0.0897,-5.934,1,0.0598,171.005,4,0.334,19703842,England,0VjIjW4GlUZAMYd2vXMi3b
5,WITHOUT YOU,0.213,0.662,0.413,0.0,0.134,-7.357,1,0.0299,93.005,4,0.467,25515586,England,27OeeYzk6klgBh83TSvGMA
6,What You Know Bout Love,0.65,0.709,0.548,1.59e-06,0.133,-8.493,1,0.353,83.995,4,0.543,15800512,England,1tkg4EHVoqnhR6iFEXb60y
7,Afterglow,0.698,0.641,0.324,0.0,0.328,-5.851,1,0.0299,110.184,4,0.273,10468349,England,0E4Y1XIbs8GrAT1YqVy6dq
8,34+35,0.237,0.83,0.585,0.0,0.248,-6.476,1,0.094,109.978,4,0.485,14326976,England,6Im9k8u9iIzKMrmV7BWtlF
9,Anyone,0.181,0.686,0.538,3.13e-06,0.113,-8.026,1,0.0345,115.884,4,0.584,11683934,England,31qCy5ZaophVA81wtlwLc4
10,Sweet Melody,0.0739,0.448,0.824,0.0,0.113,-4.249,0,0.057,119.965,4,0.419,14343574,England,76Tuo484SLohJakHLnGI3B
11,you broke me first,0.785,0.667,0.373,0.0,0.0906,-9.389,1,0.05,124.148,4,0.0823,13260383,England,45bE4HXI0AwGZXfZtMp8JR
12,Paradise (feat. Dermot Kennedy),0.0689,0.632,0.595,0.0,0.209,-7.644,0,0.0401,124.114,4,0.435,19321877,England,6ft4hAq6yde8jPZY2i5zLr
13,Levitating (feat. DaBaby),0.00883,0.702,0.825,0.0,0.0674,-3.787,0,0.0601,102.977,4,0.915,17557893,England,5nujrmhLynf4yMoMtj8AQF
14,Prisoner (feat. Dua Lipa),0.0103,0.781,0.67,0.0,0.0761,-3.912,0,0.0452,127.99,4,0.595,12302675,England,2Oycxb8QbPkpHTo8ZrmG0B
15,Therefore I Am,0.218,0.889,0.34,0.13,0.055,-7.773,0,0.0697,94.009,4,0.716,9632820,England,54bFM56PmE4YLRnqpW6Tha
16,See Nobody,0.0852,0.826,0.66,9.26e-06,0.148,-4.837,0,0.0953,104.994,4,0.626,10487969,England,0osdzA0D159EUmBcrwMcB4
17,HOLIDAY,0.12,0.81,0.511,0.0,0.0832,-6.924,0,0.164,151.947,4,0.837,7902136,England,6zFMeegAMYQo0mt8rXtrli
18,WAP (feat. Megan Thee Stallion),0.0194,0.935,0.454,0.0,0.0824,-7.509,1,0.375,133.073,4,0.357,11332128,England,4Oun2ylbjFKMPTiaSbbCih
19,Loading,0.732,0.85,0.68,0.0,0.0964,-6.18,0,0.338,144.006,1,0.694,9174572,England,4D0GT8zWuA7Z2em6dpajAn
20,Watermelon Sugar,0.122,0.548,0.816,0.0,0.335,-4.209,1,0.0465,95.39,4,0.557,11704609,England,6UelLqGlWMcVH1E5c4H7lY
21,Good Days,0.499,0.436,0.655,8.1e-06,0.688,-8.37,0,0.0583,121.002,4,0.412,17400906,England,3YJJjQPAbDT7mGpX3WtQ9A
22,willow,0.835,0.392,0.579,0.00179,0.145,-9.195,1,0.164,80.961,4,0.549,7394781,England,3Uo7WG0vmLQ07WB4BDwy7D
23,ROCKSTAR (feat. Roddy Ricch),0.247,0.746,0.69,0.0,0.101,-7.956,1,0.164,89.977,4,0.497,11139152,England,7ytR5pFWmSjzHJIeQkgog4
24,Really Love (feat. Craig David & Digital Farm Animals),0.0459,0.757,0.813,0.0,0.0741,-4.661,1,0.0438,121.034,4,0.668,9035823,England,50v2TSRV31bwpAPkjWejNL
25,Get Out My Head,0.0542,0.693,0.913,6.87e-05,0.231,-3.035,1,0.0298,123.989,4,0.795,15332764,England,055Mme9ReKK99jRFA5UJ55
26,Someone You Loved,0.751,0.501,0.405,0.0,0.105,-5.679,1,0.0319,109.891,4,0.446,12881584,England,7qEHsqek33rTcFNT9PFqLf
27,Looking for Me,0.00441,0.641,0.529,0.000862,0.0809,-11.536,1,0.0288,121.027,4,0.449,7564733,England,17bGtGqqaXOgVnhnfx5NlE
28,Wishing Well,0.00336,0.65,0.613,0.0,0.267,-6.13,0,0.128,149.972,4,0.0804,10139235,England,2U5WueTLIK5WJLD7mvDODv
29,For The Night (feat. Lil Baby & DaBaby),0.114,0.823,0.586,0.0,0.193,-6.606,0,0.2,125.971,4,0.347,9365072,England,0PvFJmanyNQMseIFrU708S
30,Golden,0.21,0.448,0.838,0.000131,0.131,-5.257,0,0.0557,139.863,4,0.254,10492798,England,45S5WTQEGOB1VHr1Q4FuPl
31,Ain't It Different (feat. AJ Tracey & Stormzy),0.0101,0.767,0.564,2.35e-05,0.11,-6.794,0,0.27,77.034,4,0.557,8627191,England,03snIuKJr5u7zpyp9zpQMU
32,Mood Swings (feat. Lil Tjay),0.487,0.48,0.602,0.0,0.0848,-6.335,0,0.368,179.798,4,0.269,9127308,England,5rZlwNFl01HqLWBQGryKSm
33,Lucid Dreams,0.349,0.511,0.566,0.0,0.34,-7.23,0,0.2,83.903,4,0.218,10257666,England,285pBltuF7vW8TeWk8hdRR
34,SO DONE,0.232,0.719,0.598,0.0,0.115,-6.254,1,0.077,142.592,4,0.303,1424148,England,3qgPpwtuRu5oP8EtFSj8HE
35,Train Wreck,0.701,0.311,0.485,0.0,0.0726,-5.726,0,0.0365,77.355,4,0.225,9293164,England,55Am8neGJkdj2ADaM3aw5H
36,Midnight Sky,0.00161,0.699,0.805,0.00177,0.249,-5.535,0,0.0345,109.976,4,0.232,5107549,England,4i2qxFEVVUi8yOYoxB8TCX
37,Sweater Weather,0.0495,0.612,0.807,0.0177,0.101,-2.81,1,0.0336,124.053,4,0.398,9902749,England,2QjOHCTQ1Jl3zawyYOpxh6
38,Robbery,0.328,0.685,0.692,0.0,0.153,-5.122,1,0.0457,159.966,5,0.578,9253767,England,6Hj9jySrnFppAI0sEMCZpJ
39,Mr. Brightside,0.00121,0.352,0.911,0.0,0.0995,-5.23,1,0.0747,148.033,4,0.236,12250371,England,003vvx7Niy0yvhvHt4a68B
40,The Business,0.414,0.798,0.62,0.0192,0.112,-7.079,0,0.232,120.031,4,0.235,22980290,England,6f3Slt0GbA2bPZlz0aIFXN
41,Goosebumps,0.325,0.767,0.659,0.0,0.13,-7.429,1,0.0444,124.946,4,0.439,13828585,England,20McUFi8KCIVdNDLrkTDuZ
42,Dreams - 2004 Remaster,0.0644,0.828,0.492,0.00428,0.128,-9.744,1,0.0276,120.151,4,0.789,9772489,England,0ofHAoxe9vBkTCp2UQIavz
43,Monster (Shawn Mendes & Justin Bieber),0.0593,0.64,0.392,0.0,0.0839,-7.246,0,0.0574,145.838,4,0.502,4776680,England,1HbA4N1MiOsPthALesGFR1
44,Roses - Imanbek Remix,0.0143,0.769,0.719,0.00777,0.359,-5.472,1,0.0474,121.955,4,0.863,9314979,England,0zLCBJZSiELJf02ucPP9wb
45,Holy (feat. Chance The Rapper),0.196,0.673,0.704,0.0,0.0898,-8.056,1,0.36,86.919,4,0.372,5318336,England,5u1n1kITHCxxp8twBcZxWy
46,Take You Dancing,0.0332,0.789,0.711,0.0,0.0876,-4.248,1,0.041,112.985,4,0.753,7664705,England,59qrUpoplZxbIZxk6X0Bm3
47,Rain On Me (with Ariana Grande),0.021,0.672,0.855,0.0,0.323,-3.764,1,0.0397,123.056,4,0.646,7961034,England,7ju97lgwC2rKQ6wwsf9no9
48,Why'd You Only Call Me When You're High?,0.0483,0.691,0.631,1.13e-05,0.104,-6.478,1,0.0368,92.004,4,0.8,9775086,England,48q0vSHcJdhK3IiXH8C5WJ
49,Tick Tock (feat. 24kGoldn),0.369,0.779,0.705,7.91e-06,0.124,-3.895,1,0.0344,101.022,4,0.946,4115569,England,27u7t9d7ZQoyjsCROHuZJ3
50,Laugh Now Cry Later (feat. Lil Durk),0.244,0.761,0.518,3.47e-05,0.107,-8.871,1,0.134,133.976,4,0.522,8111996,England,2SAqBLGA283SUiwJ3xOUVI
51,Dance Monkey,0.688,0.825,0.593,0.000161,0.17,-6.401,0,0.0988,98.078,4,0.54,8406581,England,1rgnBhdG2JDFTbYkYRZAku
52,Before You Go,0.604,0.459,0.575,0.0,0.0885,-4.858,1,0.0573,111.881,4,0.183,8805143,England,2gMXnyrvIjhVBUZwvLZDMP
53,Lighter (feat. KSI),0.0214,0.703,0.837,4.45e-05,0.104,-3.606,1,0.0395,124.953,4,0.356,8775170,England,5lWUeSYO61UYgNlFlqcwYl
54,Your New Boyfriend,0.382,0.546,0.453,3.9e-05,0.106,-13.04,1,0.121,104.532,4,0.74,8545434,England,4vLBnQtece15fFhqWxZvJP
55,A92 x Fumez The Engineer - Plugged In Freestyle,0.0958,0.856,0.427,0.0,0.1,-13.297,1,0.365,144.118,4,0.774,7752511,England,0goOUCNL6MYrqSVvGhvsxw
56,All Girls Are The Same,0.0769,0.671,0.529,0.000335,0.0856,-7.226,1,0.307,161.989,4,0.203,8301615,England,4VXIryQMWpIdGgYR4TrjT1
57,Falling,0.839,0.567,0.267,1.46e-06,0.089,-6.502,1,0.0299,110.011,4,0.0592,7968776,England,1ZMiCix7XSAbfAJlEZWMCp
58,Do I Wanna Know?,0.186,0.548,0.532,0.000263,0.217,-7.596,1,0.0323,85.03,4,0.405,9186236,England,3rq5w4bQGigXOfdN30ATJt
59,Sunflower - Spider-Man: Into the Spider-Verse,0.533,0.755,0.522,0.0,0.0685,-4.368,1,0.0575,89.96,4,0.925,8451592,England,0RiRZpuVRbi7oqRdSMwhQY
60,Lasting Lover,0.197,0.676,0.786,0.0,0.0943,-4.529,1,0.0478,125.983,4,0.483,7542958,England,0DmAvNCAK08oCi7miSZUIY
61,Dynamite,0.0112,0.746,0.765,0.0,0.0936,-4.41,0,0.0993,114.044,4,0.737,4916296,England,4saklk6nie3yiGePpBwUoc
62,Don't Start Now,0.0123,0.793,0.793,0.0,0.0951,-4.521,0,0.083,123.95,4,0.679,8513018,England,3PfIrDoz19wz7qK7tYeu62
63,Put Your Records On,0.0563,0.399,0.491,0.00089,0.11,-10.778,0,0.0538,91.066,4,0.151,2805261,England,6AGOKlMZWLCaEJGnaROtF9
64,Reminds Me Of You,0.0663,0.613,0.631,0.0,0.169,-6.965,1,0.12,149.992,4,0.33,2652221,England,5YSHygGN9D0mID1NsVd5my
65,Heather,0.584,0.357,0.425,0.0,0.322,-7.301,1,0.0333,102.078,3,0.27,5816762,England,4xqrdfXkTW4T0RauPLv3WA
66,Savage Love (Laxed - Siren Beat),0.234,0.767,0.481,0.0,0.269,-8.52,0,0.0803,150.076,4,0.761,6932623,England,1xQ6trAsedVPCdbtDAmk0c
67,Giants,0.014,0.572,0.833,5.77e-05,0.129,-5.291,0,0.0754,158.104,4,0.588,4797742,England,43CHdbHYdcbUWP10UFKyZ7
68,Hayloft,0.00475,0.527,0.922,0.000162,0.422,-2.666,0,0.0728,95.975,4,0.49,6499120,England,2kS6td1yvmpNgZTt1q5pQq
69,Blueberry Faygo,0.207,0.774,0.554,0.0,0.132,-7.909,1,0.0383,99.034,4,0.349,7191107,England,22LAwLoDA5b4AaGSkg6bKW
70,Heat Waves,0.44,0.761,0.525,6.7e-06,0.0921,-6.9,1,0.0944,80.87,4,0.531,15807036,England,02MWAaffLxlfxAUY7c5dvx
71,Adore You,0.0237,0.676,0.771,7e-06,0.102,-3.675,1,0.0483,99.048,4,0.569,7222266,England,3jjujdWJ72nww5eGnfs2E7
72,Lonely (with benny blanco),0.864,0.631,0.239,0.0,0.116,-7.071,0,0.0398,79.859,4,0.0927,2630122,England,4y4spB9m0Q6026KfkAvy9Q
73,UFO,0.105,0.87,0.588,0.0,0.281,-6.318,0,0.163,100.071,4,0.614,6974569,England,7G5VNGDnHt414PyL8rosns
74,Godzilla (feat. Juice WRLD),0.145,0.808,0.745,0.0,0.292,-5.26,0,0.342,165.995,4,0.829,6596358,England,7FIWs0pqAYbP91WWM0vlTQ
75,Come & Go (with Marshmello),0.0172,0.625,0.814,0.0,0.158,-5.181,1,0.0657,144.991,4,0.535,5571499,England,2Y0wPrPQBrGhoLn14xRYCG
76,Location (feat. Burna Boy),0.271,0.812,0.496,0.0,0.0955,-5.969,0,0.297,109.979,4,0.55,9017644,England,3z4CGd63tpUn9a6oQSG0CI
77,West Ten,0.334,0.843,0.852,0.0,0.111,-3.816,0,0.0565,129.972,4,0.845,6814795,England,33EGYJLLwz56YIP5Ex9VKs
78,champagne problems,0.92,0.462,0.24,0.0,0.113,-12.077,1,0.0377,171.319,4,0.32,1769913,England,0sY6ZUTh4yoctD8VIXz339
79,Rover (feat. DTG),0.496,0.613,0.624,0.0,0.283,-6.66,0,0.206,62.948,5,0.804,5757549,England,4slSrbTK1sNK4I1mDYEthf
80,Dior,0.212,0.548,0.805,0.000389,0.408,-5.732,1,0.351,142.094,4,0.648,7271162,England,79s5XnCN4TJKTVMSmOx8Ep
81,Wonder,0.136,0.442,0.631,2.29e-05,0.133,-5.096,0,0.05,139.774,4,0.129,2521586,England,6ZuahEctZD6w75peme58hm
82,pov,0.36,0.487,0.534,0.0,0.1,-5.664,0,0.0555,131.798,4,0.173,1716950,England,3UoULw70kMsiVXxW0L3A33
83,i miss u (with Au/Ra),0.0387,0.668,0.726,0.0,0.134,-7.512,1,0.0468,124.075,4,0.453,5405654,England,7CH8J4ulT49UfZwSDSkSZA
84,Daddy Issues,0.0678,0.588,0.521,0.149,0.123,-9.461,1,0.0329,85.012,4,0.337,6106350,England,5E30LdtzQTGqRvNd7l6kG5
85,Daisy,0.235,0.834,0.663,0.0,0.372,-6.143,1,0.133,121.876,4,0.774,954174,England,0AUvWawuP0ibk4SQ3sIZjk
86,death bed (coffee for your head),0.731,0.726,0.431,0.0,0.696,-8.765,0,0.135,144.026,4,0.348,5931756,England,7eJMfftS33KTjuF7lTsMCx
87,Go Crazy,0.316,0.755,0.578,0.0,0.25,-8.932,0,0.145,94.148,4,0.581,6057918,England,1IIKrJVP1C9N7iPtG6eOsK
88,Breaking Me,0.223,0.789,0.72,0.0,0.129,-5.652,0,0.218,122.031,4,0.664,6585791,England,3H7ihDc1dqLriiWXwsc2po
89,No Time For Tears,0.0263,0.543,0.881,1.41e-05,0.107,-3.035,0,0.188,125.009,4,0.397,7376046,England,2Rr1INov0ckj7bLTsk9LV1
90,The Woo (feat. 50 Cent & Roddy Ricch),0.0221,0.49,0.618,3.77e-06,0.259,-5.655,1,0.104,99.7,4,0.286,4441955,England,1H7KnK26kc1YyellpbINEn
91,F.N,0.354,0.567,0.515,0.0,0.078,-10.265,0,0.247,120.1,1,0.321,7370157,England,0RLLvYBopDwooCyvnTwgYu
92,GREECE (feat. Drake),0.0743,0.695,0.343,1.04e-06,0.107,-10.798,1,0.0432,85.84,4,0.229,6523463,England,35RJhm1pEovTBwnNR0zWad
93,Yellow,0.00239,0.429,0.661,0.000121,0.234,-7.227,1,0.0281,173.372,4,0.285,7182347,England,3AJwUDP919kvQ9QcozQPxg
94,The Box,0.104,0.896,0.586,0.0,0.79,-6.687,0,0.0559,116.971,4,0.642,5577159,England,0nbXyq5TXYPCO7pr3N8S4I
95,Bruises,0.946,0.736,0.308,0.0,0.186,-7.83,1,0.0677,111.202,4,0.361,7012572,England,4Of7rzpRpV1mWRbhp5rAqG
96,Chingy (It’s Whatever),0.324,0.73,0.622,0.0,0.384,-8.188,0,0.338,141.983,4,0.705,2390890,England,6afrGc4NBIQEObX1S8DCPy
97,505,0.00237,0.52,0.852,5.79e-05,0.0733,-5.866,1,0.0543,140.267,4,0.234,6098537,England,58ge6dfP91o9oXMzq3XkIS
98,Princess Cuts (feat. Young T & Bugsey),0.196,0.576,0.597,0.0,0.049,-6.659,0,0.318,101.174,4,0.885,1624151,England,63Sb1AMnhb37DR59uXZdQd
99,my ex's best friend (with blackbear),0.00473,0.731,0.675,0.0,0.141,-5.134,0,0.0434,124.939,4,0.298,3634172,England,7kDUspsoYfLkWnZR7qwHZl
100,Say You Won't Let Go,0.695,0.358,0.557,0.0,0.0902,-7.398,1,0.059,85.043,4,0.494,7217942,England,5uCax9HTNlzGybIStD3vDh
101,Body,0.0166,0.914,0.732,0.0,0.107,-6.1,0,0.241,94.066,4,0.469,1987816,England,0A1hoCfMLkiAgvhWkkucJa
102,Martin & Gina,0.345,0.832,0.534,0.0,0.165,-7.813,0,0.253,93.924,4,0.116,8886412,England,1VLtjHwRWOVJiE5Py7JxoQ
103,Jocelyn Flores,0.469,0.872,0.391,4.13e-06,0.297,-9.144,0,0.242,134.021,4,0.437,5037197,England,7m9OqQk4RVRkw9JJdeAw96
104,Circles,0.192,0.695,0.762,0.00244,0.0863,-3.497,1,0.0395,120.042,4,0.553,6561362,England,21jGcNKet2qwijlDFuPiPb
105,Show Out (with Skepta & Pop Smoke),0.43,0.619,0.589,0.000392,0.378,-6.531,1,0.124,143.896,4,0.158,1527531,England,5CFJRZRq6sdKKtRwNPWbYv
106,I Dunno (feat. Dutchavelli & Stormzy),0.0954,0.821,0.666,0.0,0.319,-7.237,1,0.342,145.066,4,0.739,4292205,England,3B0WbRucJ6ZIla2G9IVt2E
107,Diamonds,0.161,0.637,0.666,0.0,0.108,-6.773,0,0.0494,104.02,4,0.529,1529957,England,1hJIbOjWpid6LtnozHmzRS
108,Wonderwall,0.000801,0.405,0.894,0.0,0.226,-4.336,1,0.0343,174.502,4,0.642,3186072,England,1DadkoAI2gicYJfindPY20
109,"no body, no crime (feat. HAIM)",0.431,0.547,0.613,0.0,0.102,-7.577,0,0.0264,79.011,4,0.528,781789,England,6NriykdkRrjQMZo1sfVYUo
110,Own It (feat. Ed Sheeran & Burna Boy),0.00838,0.817,0.781,5.21e-06,0.123,-4.178,0,0.112,104.0,4,0.359,4444542,England,4QPEwDdOMhY7rNS05mTyMR
111,GO (feat. Juice WRLD),0.157,0.487,0.74,0.0,0.612,-4.973,1,0.0944,73.779,4,0.522,2817909,England,2rPHUAeUPbNgTmK18FPTiZ
112,Someone To You,0.00517,0.52,0.903,0.0,0.254,-5.497,1,0.042,74.988,4,0.652,8504802,England,2f0pn9DkEJwAzXApnFh5cr
113,bad guy,0.328,0.701,0.425,0.13,0.1,-10.965,1,0.375,135.128,4,0.562,6103788,England,2Fxmhks0bxGSBdJ92vM42m
114,Riptide,0.431,0.484,0.731,0.0,0.151,-6.694,1,0.0379,101.654,4,0.51,8193270,England,7yq4Qj7cqayVTp3FF9CWbm
115,Dinner Guest (feat. MoStack),0.265,0.867,0.648,2.62e-06,0.217,-6.942,0,0.253,108.005,4,0.527,4534718,England,5y0ekFHNfFbjKhZlguSzdf
116,Lonely,0.0946,0.697,0.921,1.9e-05,0.159,-4.283,1,0.0424,123.988,4,0.722,6473189,England,2ZEq4HT450Ye9IFGPTl9qV
117,Life Is Good (feat. Drake),0.067,0.795,0.574,0.0,0.15,-6.903,0,0.487,142.053,4,0.537,4092995,England,1K5KBOgreBi5fkEHvg5ap3
118,Woi,0.815,0.858,0.584,0.0,0.224,-7.48,1,0.379,140.208,4,0.714,2157102,England,69F4G9WD5U1vKrpaCiLznl
119,Rain,0.0266,0.87,0.87,1.95e-06,0.109,-4.797,1,0.202,150.145,4,0.83,3251895,England,7h2ozcUpSL7ulXjRPPQcDy
120,lovely (with Khalid),0.934,0.351,0.296,0.0,0.095,-10.109,0,0.0333,115.284,4,0.12,6011774,England,0u2P5u6lvoDfwTYjAADbn4
121,Snowman,0.483,0.716,0.512,0.0,0.0928,-6.257,1,0.0331,104.957,3,0.326,745318,England,7uoFMmxln0GPXQ0AcCBXRq
122,Dancing in the Moonlight,0.0624,0.632,0.856,0.0,0.347,-3.463,1,0.0348,119.397,4,0.867,7016277,England,3Fzlg5r1IjhLk2qRw667od
123,I Wanna Dance with Somebody (Who Loves Me),0.207,0.709,0.824,0.000307,0.0888,-8.824,1,0.0453,118.818,4,0.867,6500377,England,2tUBqZG2AbRi7Q0BIrVrEj
124,Toosie Slide,0.289,0.83,0.49,3.04e-06,0.113,-8.82,0,0.209,81.604,4,0.845,2116626,England,466cKvZn1j45IpxDdYZqdA
125,goosebumps,0.0847,0.841,0.728,0.0,0.149,-3.37,1,0.0484,130.049,4,0.43,6017776,England,6gBFPUFcJLzWGx4lenP6h2
126,SAD!,0.258,0.74,0.613,0.00372,0.123,-4.88,1,0.145,75.023,4,0.473,3506219,England,3ee8Jmje8o58CHK66QrVC2
127,Be Alright,0.705,0.551,0.537,0.0,0.0802,-7.595,1,0.034,126.421,4,0.493,4529259,England,5qrSlOut2rNAWv3ubArkNy
128,Hello (feat. A Boogie Wit da Hoodie),0.0187,0.905,0.647,0.0,0.282,-5.065,0,0.107,130.97,4,0.367,2950744,England,2r6OAV3WsYtXuXjvJ1lIDi
129,Dead Man Walking,0.279,0.505,0.267,0.0,0.096,-13.763,0,0.05,143.929,4,0.439,2225354,England,5VlTQnZO89Ioku8ssdbqJk
130,Love Not War (The Tampa Beat),0.105,0.738,0.85,0.0,0.23,-3.049,1,0.0642,98.013,4,0.865,2279442,England,4Lt6GXGzYsa1tgkv3nGSTm
131,Shallow,0.371,0.572,0.385,0.0,0.231,-6.362,1,0.0308,95.799,4,0.323,6758296,England,2VxeLyX666F8uXCJ0dZF8B
132,The Less I Know The Better,0.0115,0.64,0.74,0.00678,0.167,-4.083,1,0.0284,116.879,4,0.785,6137023,England,6K4t31amVTZDgR3sKmwUJJ
133,Ladbroke Grove,0.0939,0.903,0.839,0.0,0.102,-9.447,0,0.208,133.986,4,0.727,6092909,England,7b4ky1LlQLFhXHmhZkFgqV
134,gold rush,0.83,0.512,0.462,0.166,0.121,-10.491,1,0.0408,112.05,4,0.353,689135,England,5BK0uqwY9DNfZ630STAEaq
135,Smells Like Teen Spirit,2.55e-05,0.502,0.912,0.000173,0.106,-4.556,1,0.0564,116.761,4,0.72,6178992,England,1f3yAtsJtY87CTmM8RLnxf
136,E-GIRLS ARE RUINING MY LIFE!,0.00161,0.614,0.937,0.00136,0.103,-7.443,1,0.115,84.98,4,0.386,1051258,England,7bCfHiRcfUjG0YVVNUL7Ve
137,The Chain - 2004 Remaster,0.009,0.545,0.67,0.000822,0.0451,-8.81,1,0.0496,151.553,4,0.481,6464223,England,5e9TFTbltYBg2xThimr0rU
138,Take Me To Church,0.634,0.566,0.664,0.0,0.116,-5.303,0,0.0464,128.945,4,0.437,7286346,England,3dYD57lRAUcMHufyqn9GcI
139,Papi Chulo,0.185,0.866,0.563,0.0,0.0889,-6.964,0,0.108,127.954,4,0.307,692861,England,6Juv5N0dNU1imms9c9u1dA
140,Classic,0.0384,0.72,0.791,0.0,0.157,-4.689,1,0.124,102.071,4,0.756,6584125,England,6FE2iI43OZnszFLuLtvvmg
141,Heaven On My Mind (with Sigala),0.0313,0.71,0.891,0.0,0.365,-3.116,0,0.0749,125.024,4,0.705,1044480,England,7bIq1v8svANsAys7I694Up
142,Hold Me While You Wait,0.443,0.688,0.53,0.0,0.0995,-5.507,1,0.0333,106.958,4,0.162,3591716,England,60iSKGrGazRzICtMjADNSM
143,Ophelia,0.613,0.664,0.573,0.000363,0.0857,-6.519,1,0.0277,76.023,4,0.566,4314853,England,5NORWMFC27ywGSZxi8uquP
144,Don’t Need Love (with GRACEY),0.407,0.702,0.716,0.0,0.0749,-5.378,0,0.0867,123.893,4,0.607,1005482,England,7uBaKZZVK0OZ6cqFGpGRXI
145,‘tis the damn season,0.737,0.575,0.435,5.38e-05,0.105,-8.193,1,0.0311,145.91,4,0.351,338072,England,4GBkffrtA51p17JH35irGA
146,Too Many Nights (with JC Stewart),0.121,0.726,0.799,0.0,0.181,-3.776,0,0.0678,118.014,4,0.522,2129786,England,13YIDpKrL2caqJ3YF52uzJ
147,Believer,0.0622,0.776,0.78,0.0,0.081,-4.374,0,0.128,124.949,4,0.666,6008175,England,0pqnGHJpmpxLKifKRmU6WP
148,Everywhere - 2017 Remaster,0.258,0.73,0.487,0.01,0.0852,-10.991,1,0.0303,114.965,4,0.731,6137067,England,254bXAqt3zP6P50BdQvEsq
149,everything i wanted,0.902,0.704,0.225,0.657,0.106,-14.454,0,0.0994,120.006,4,0.243,1346261,England,3ZCTVFBt2Brf31RLEnCkWJ
150,HIGHEST IN THE ROOM,0.0546,0.598,0.427,5.83e-06,0.21,-8.764,0,0.0317,76.469,4,0.0605,2811806,England,3eekarcy7kvN4yt5ZFzltW
151,Electric Love,0.00543,0.611,0.797,0.00137,0.26,-7.627,0,0.0533,120.041,4,0.518,1364035,England,2GiJYvgVaD2HtM8GqD9EgQ
152,No Role Modelz,0.301,0.692,0.521,0.0,0.0565,-8.465,0,0.33,100.45,4,0.463,5883058,England,62vpWI1CHwFy7tMIcSStl8
153,Flowers (feat. Jaykae and MALIKA),0.015,0.672,0.925,0.0,0.289,-4.517,0,0.0774,126.096,4,0.447,1351012,England,5aYWnrsYvJk8NT7PmUcxVN
154,I Don't Care (with Justin Bieber),0.0902,0.798,0.676,0.0,0.0894,-5.041,1,0.0442,101.956,4,0.843,982980,England,0hVXuCcriWRGvwMV1r5Yn9
155,Promiscuous,0.0569,0.808,0.97,6.13e-05,0.154,-6.098,0,0.0506,114.328,4,0.868,5835967,England,2gam98EZKrF9XuOkU13ApN
156,Daily Duppy - Pt.1,0.483,0.813,0.817,0.0,0.819,-6.692,1,0.329,140.05,4,0.698,328644,England,5PyY4ZjrskOcr0HtSnxm0G
157,Star Shopping,0.0967,0.585,0.471,0.0184,0.115,-9.934,0,0.0616,93.099,4,0.323,1703055,England,30bqVoKjX479ab90a8Pafp
158,Say So,0.256,0.787,0.673,3.57e-06,0.0904,-4.577,0,0.158,110.962,4,0.786,326434,England,3Dv1eDb0MEgF93GpLXlucZ
159,Go Your Own Way - 2004 Remaster,0.0185,0.583,0.947,0.00109,0.0679,-5.12,1,0.0378,135.448,4,0.803,6193538,England,07GvNcU1WdyZJq3XxP0kZa
160,Sofia,0.598,0.744,0.619,0.00372,0.231,-9.805,1,0.039,112.997,4,0.641,651770,England,7B3z0ySL9Rr0XvZEAjWZzM
161,Hate The Other Side (with Marshmello & The Kid Laroi),0.291,0.701,0.65,0.0,0.112,-6.313,1,0.104,90.003,4,0.647,1349350,England,0ada5XsQGLPUVbmTCkAP49
162,ALWAYS DO,0.0442,0.762,0.426,0.0,0.0858,-6.865,1,0.113,167.827,4,0.582,1337252,England,3QCU8BT0zDS9LPVfEhRFEE
163,Vossi Bop,0.13,0.682,0.653,0.00116,0.129,-6.062,1,0.339,188.115,4,0.428,1705402,England,5DXKtoZLm31msT7tNGNHLG
164,Secrets,0.0412,0.848,0.768,0.000785,0.195,-5.386,0,0.0373,118.961,4,0.777,649864,England,66W1rVTnEv86dIkFhoiElg
165,Don't Stop Me Now - Remastered 2011,0.0475,0.559,0.868,0.000176,0.776,-5.276,1,0.17,156.295,4,0.609,4303565,England,5T8EDUDqKcs6OSOwEsfqG7
166,Wake Me Up,0.0038,0.532,0.783,0.0012,0.161,-5.697,1,0.0523,124.08,4,0.643,5886712,England,0nrRP2bk19rLc0orkWPQk2
167,Break My Heart,0.167,0.73,0.729,1.39e-06,0.349,-3.434,0,0.0883,113.013,4,0.467,651865,England,017PF4Q3l4DBUiWoXk4OWT
168,Don't Stop Believin',0.127,0.5,0.748,0.0,0.447,-9.072,1,0.0363,118.852,4,0.514,5874842,England,4bHsxqR3GMrXTxEPLuK5ue
169,Perfect,0.163,0.599,0.448,0.0,0.106,-6.312,1,0.0232,95.05,3,0.168,2397479,England,0tgVpDi06FyKpA1z0VMD4v
170,Thinking out Loud,0.474,0.781,0.445,0.0,0.184,-6.061,1,0.0295,78.998,4,0.591,2119243,England,1Slwb6dOYkBlWal1PGtnNg
171,ROXANNE,0.0522,0.621,0.601,0.0,0.46,-5.616,0,0.148,116.735,5,0.457,648807,England,696DnlkuDOXcMAnKlTgXXK
172,Let You Down,0.312,0.662,0.714,0.0,0.179,-5.68,0,0.121,147.997,4,0.464,1648317,England,52okn5MNA47tk87PeZJLEL
173,Gnat,0.248,0.835,0.869,0.0,0.462,-4.582,0,0.27,140.945,4,0.82,316470,England,6cS9PmLky2NhLOhpIsUlow
174,Chicago Freestyle (feat. Giveon),0.629,0.735,0.449,0.0,0.113,-7.507,1,0.347,122.947,4,0.0397,1321193,England,4wVOKKEHUJxHCFFNUWDn0B
175,Chasing Cars,0.209,0.563,0.592,5.08e-05,0.132,-4.571,1,0.0276,104.016,4,0.136,3866934,England,11bD1JtSjlIgKgZG2134DZ
176,Physical,0.0137,0.647,0.844,0.000658,0.102,-3.756,1,0.0457,146.967,4,0.746,313914,England,3AzjcOeAmA57TIOr9zF1ZW
177,Party Girl,0.747,0.73,0.439,0.0,0.0988,-9.864,0,0.0609,130.09,4,0.615,313231,England,3IJYUaN3tx04S4TYyZHKoP
178,hot girl bummer,0.125,0.782,0.559,0.0,0.385,-7.106,0,0.0767,129.992,1,0.685,963801,England,2mt1IqcFyY1zmYZT8Q3xw9
179,Bohemian Rhapsody - Remastered 2011,0.271,0.414,0.404,0.0,0.3,-9.928,0,0.0499,71.105,4,0.224,4706267,England,4u7EnebtmKWzUH433cf5Qv
180,Naive,0.0759,0.391,0.808,0.0,0.149,-6.209,0,0.0892,100.304,4,0.737,5893419,England,7BHPGtpuuWWsvE7cCaMuEU
181,Dancing On My Own,0.837,0.681,0.174,3.35e-05,0.0983,-8.745,1,0.0315,112.672,4,0.231,1315388,England,2BOqDYLOJBiMOXShCV1neZ
182,All of Me,0.922,0.422,0.264,0.0,0.132,-7.064,1,0.0322,119.93,4,0.331,4341699,England,3U4isOIWM3VvDubwSI3y7a
183,Fluorescent Adolescent,0.00178,0.646,0.813,2.26e-05,0.144,-5.29,0,0.0288,112.115,4,0.821,3491036,England,7e8utCy2JlSB8dRHKi49xM
184,Come Over (feat. Popcaan),0.0608,0.702,0.652,2.21e-06,0.277,-5.587,0,0.318,178.011,4,0.524,1003620,England,58mtgcQVZ56NgWHKsN94nD
185,Righteous,0.0417,0.706,0.625,0.0,0.129,-7.426,1,0.0314,142.948,4,0.225,306221,England,5dOxHHMOFAbG3VH23t0xNm
186,Beautiful People (feat. Khalid),0.124,0.64,0.647,0.0,0.0801,-8.114,0,0.186,92.979,4,0.546,627216,England,70eFcWOvlMObDhURTqT4Fv
187,She Moves In Her Own Way,0.239,0.41,0.803,0.0,0.103,-5.363,1,0.0623,153.315,4,0.814,4310797,England,5xoUgPXbMNUmoHU0Enwtwq
188,R U Mine?,0.00616,0.288,0.758,0.0,0.303,-5.692,0,0.0371,97.094,4,0.619,1989943,England,29tzJGvqJPTAFs6LXmsHoA
189,Let Her Go,0.385,0.509,0.538,0.0,0.104,-7.335,1,0.0572,75.089,4,0.244,3899106,England,2jyjhRf6DVbMPU5zxagN2h
190,You’re Mines Still (feat. Drake),0.317,0.575,0.609,0.0,0.105,-4.88,0,0.121,83.004,4,0.339,5014427,England,7E2C5rBLpCKwQlhJPVFBRS
191,Don't Look Back in Anger,0.0301,0.348,0.914,7.68e-06,0.0955,-3.586,1,0.0666,163.982,4,0.231,1345161,England,1xRRPtBWty61XDG7BvMdmL
192,Shape of You,0.581,0.825,0.652,0.0,0.0931,-3.183,0,0.0802,95.977,4,0.931,3214613,England,7qiZfU4dY1lWllzX7mPBI3
193,When The Sun Goes Down,0.0341,0.348,0.875,0.0,0.117,-4.758,0,0.199,169.152,4,0.407,3857507,England,2zzLRQ78kKfPTx8FJQCdC2
194,July,0.868,0.708,0.186,0.0,0.0779,-8.953,0,0.042,72.541,4,0.322,1350715,England,6J2LdBN97cDWn0MLxYh9HB
195,This City,0.733,0.605,0.377,0.0,0.0808,-6.213,1,0.0443,73.877,4,0.519,300600,England,3H3r2nKWa3Yk5gt8xgmsEt
196,If the World Was Ending - feat. Julia Michaels,0.866,0.464,0.473,0.0,0.109,-10.086,1,0.129,75.801,4,0.604,300353,England,2kJwzbxV2ppxnQoYw4GLBZ
197,Shotgun,0.286,0.673,0.735,0.0,0.242,-4.733,1,0.0457,115.744,4,0.754,3841018,England,4ofwffwvvnbSkrMSCKQDaC
198,Lose Control,0.129,0.598,0.526,0.0,0.14,-8.659,0,0.0415,123.935,4,0.529,297288,England,7CHi4DtfK4heMlQaudCuHK
199,drivers license,0.721,0.585,0.436,1.31e-05,0.105,-8.761,1,0.0601,143.874,4,0.132,46871825,England,7lPN2DXiMsVn7XUKtOW1CS
200,positions,0.468,0.737,0.802,0.0,0.0931,-4.771,1,0.0878,144.015,4,0.682,13268295,England,35mvY5S1H3J2QZyna3TFe0
201,Notorious,0.163,0.51,0.877,0.0,0.912,-3.083,0,0.333,108.317,4,0.869,1503393,England,5g8sUsy12n5s1U7DcZuyHn
202,"All I Want - From ""High School Musical: The Musical: The Series""",0.0902,0.376,0.43,0.0,0.0912,-6.585,0,0.0328,77.599,3,0.129,3139261,England,4Yxc55NX3tAXC2mHRAhtcW
203,Save Your Tears,0.0212,0.68,0.826,1.24e-05,0.543,-5.487,1,0.0309,118.051,4,0.644,16969311,England,5QO79kh1waicV47BqGRL3g
204,Best Friend (feat. Doja Cat),0.00302,0.84,0.766,3.61e-06,0.0684,-4.12,1,0.136,94.018,4,0.402,8195420,England,2etHQJxIbV0soyPhelVs9Y
205,WW2,0.412,0.767,0.651,9.89e-06,0.234,-8.194,0,0.388,145.149,4,0.733,1229118,England,51ryhYwXfP7vv3A9RORmQ9
206,Pierre,0.289,0.607,0.827,2.95e-06,0.718,-4.282,1,0.0484,100.062,4,0.552,4402124,England,31c1V9xUONZYk78NE4Id8D
207,Vibez,0.242,0.635,0.659,0.0285,0.105,-7.499,1,0.116,96.855,4,0.34,443389,England,709F3MwiVvLD0LQXeKs5Cz
208,Streets,0.208,0.749,0.463,0.0371,0.337,-8.433,1,0.0828,90.028,4,0.19,17735409,England,60ynsPSSKe6O3sfwRnIBRf
209,"Be the One (feat. MORGAN, Digga D & TIKE)",0.094,0.846,0.726,2e-06,0.0304,-3.376,1,0.0635,131.974,4,0.79,2855494,England,1kXHqvq1R8dkx1Mm52nH9g
210,Someone Like You,0.893,0.556,0.319,0.0,0.0996,-8.251,1,0.0281,135.187,4,0.294,2047877,England,5lkpeJwmQKgY3bX2zChjxX
211,Drew Barrymore,0.491,0.577,0.523,0.0,0.147,-5.538,0,0.0429,134.93,4,0.29,331941,England,06u5LrUpbosQlQ1QJFhPpG
212,Greek Tragedy,0.00257,0.515,0.869,2.01e-06,0.21,-4.732,1,0.0672,93.24,4,0.452,647730,England,1tTV7mRV9uB2Nr9VcwkuFX
213,21,0.149,0.783,0.479,0.0,0.101,-10.646,1,0.541,176.027,4,0.533,320671,England,3JKgcAa7r07ocVWcV8bS0H
214,Trust,0.224,0.764,0.394,8.71e-05,0.119,-8.559,1,0.154,92.011,4,0.471,319510,England,0oufSLnKQDoBFX5mgkDCgR
215,Don't Play,0.0889,0.695,0.784,0.0,0.0843,-6.564,0,0.0402,128.031,4,0.52,22250674,England,4I5bvu2KDsrCg0EWHIcvul
216,Loading,0.732,0.85,0.68,0.0,0.0964,-6.18,0,0.338,144.006,1,0.694,2324709,England,3jjBPF4NDMCU51psU8JPpR
217,Sweater Weather,0.0495,0.612,0.807,0.0177,0.101,-2.81,1,0.0336,124.053,4,0.398,2070358,England,43CIWpJaJHRcI4mUSjqgc2
218,Why'd You Only Call Me When You're High?,0.0483,0.691,0.631,1.13e-05,0.104,-6.478,1,0.0368,92.004,4,0.8,4461170,England,2gqWRRCXnma9L8xQ1RdemQ
219,Sunflower - Spider-Man: Into the Spider-Verse,0.533,0.755,0.522,0.0,0.0685,-4.368,1,0.0575,89.96,4,0.925,549588,England,3oUuRNgyIuiqVTWLCChp3s
220,Giants,0.014,0.572,0.833,5.77e-05,0.129,-5.291,0,0.0754,158.104,4,0.588,1660272,England,2g1KggY9PKvsoEAOaiz4xx
221,Vibez,0.241,0.643,0.671,0.0178,0.12,-7.45,1,0.0842,96.924,4,0.297,828738,England,5DioDvyrdjUIyeA07BPpm4
222,Lonely (with benny blanco),0.864,0.631,0.239,0.0,0.116,-7.071,0,0.0398,79.859,4,0.0927,465409,England,6T6D9CIrHkALcHPafDFA6L
223,Riptide,0.431,0.484,0.731,0.0,0.151,-6.694,1,0.0379,101.654,4,0.51,441696,England,2xg2rRWN2XbgXVpjpCIrck
224,"Dear Maria, Count Me In",0.00725,0.459,0.895,0.0,0.206,-3.126,1,0.0805,181.04,4,0.572,421220,England,1PZDyestTVydtHpaIcfUJg
225,I Dunno (feat. Dutchavelli & Stormzy),0.0954,0.821,0.666,0.0,0.319,-7.237,1,0.342,145.066,4,0.739,1630315,England,0JJP0IS4w0fJx01EcrfkDe
226,Shallow,0.371,0.572,0.385,0.0,0.231,-6.362,1,0.0308,95.799,4,0.323,392086,England,2mAg49knTyCqpVlCMtHGXM
227,Dead Man Walking,0.279,0.505,0.267,0.0,0.096,-13.763,0,0.05,143.929,4,0.439,1169490,England,0WSa1sucoNRcEeULlZVQXj
228,Flowers (feat. Jaykae and MALIKA),0.015,0.672,0.925,0.0,0.289,-4.517,0,0.0774,126.096,4,0.447,675189,England,5JtvedSVWW9McnoEAPJwQm
229,Don’t Need Love (with GRACEY),0.407,0.702,0.716,0.0,0.0749,-5.378,0,0.0867,123.893,4,0.607,651339,England,2BgEsaKNfHUdlh97KmvFyo
230,She Moves In Her Own Way,0.239,0.41,0.803,0.0,0.103,-5.363,1,0.0623,153.315,4,0.814,653313,England,3GVkPk8mqxz0itaAriG1L7
231,Back to Basics,0.0355,0.602,0.528,4.42e-06,0.11,-5.397,1,0.44,176.436,4,0.094,748733,England,7bb2iBhmeQeggAe623m6FY
232,Skin,0.428,0.557,0.457,0.0,0.0567,-5.372,1,0.0335,105.918,4,0.328,1681749,England,03B2SfXuvDh1m9F4tqrX07
233,Wellerman - Sea Shanty / 220 KID x Billen Ted Remix,0.0441,0.722,0.893,0.000937,0.0673,-3.255,0,0.0475,119.932,4,0.439,16001436,England,3iw6V4LH7yPj1ESORX9RIN
234,Lo Vas A Olvidar (with ROSALÍA),0.721,0.343,0.243,0.00198,0.0668,-14.66,0,0.0777,135.154,4,0.032,973956,England,0psS4i5YooJrXfDnGvWRLi
235,Apricots,0.347,0.819,0.599,0.824,0.083,-6.778,1,0.039,127.986,4,0.489,1351127,England,0WfOuXw05LJq4ik1lVvTzi
236,Friday (feat. Mufasa & Hypeman) - Dopamine Re-Edit,0.0076,0.824,0.862,0.000132,0.303,-3.424,1,0.126,122.98,4,0.801,17897312,England,4cG7HUWYHBV6R6tHn1gxrl
237,Wellerman,0.696,0.821,0.44,0.0,0.225,-7.378,1,0.271,96.563,4,0.822,405432,England,6eCtiCh03Wd0wjGO9hoArg
238,Goosebumps - Remix,0.418,0.841,0.593,0.0,0.124,-7.846,1,0.0379,124.917,4,0.808,6304136,England,5uEYRdEIh9Bo4fpjDd4Na9
239,Regardless,0.0205,0.749,0.82,0.000685,0.0775,-6.114,1,0.0478,120.066,4,0.534,2509024,England,3DTqHfTGj1c6y2gDXsTez4
240,Atlas,0.1,0.544,0.793,0.95,0.173,-6.424,0,0.0319,128.981,4,0.126,322995,England,54TgI46OnNqcf0SyzQyCL6
241,Sex on Fire,0.00172,0.542,0.905,0.0104,0.136,-5.653,1,0.054,153.398,4,0.374,4785327,England,0ntQJM78wzOLVeCUAW7Y45
242,Wellerman - Sea Shanty,0.614,0.675,0.359,0.0,0.137,-5.157,1,0.108,191.903,4,0.792,4001087,England,54OBgO0Xwu20Jak9TMXbR7
243,Money Talks (feat. Dave),0.0456,0.943,0.524,3.08e-06,0.0987,-6.813,0,0.178,130.003,4,0.411,11011942,England,31gzwBma4iEppvk8um5ZGx
244,Burner on Deck (feat. Pop Smoke & Young Adz),0.0957,0.784,0.514,0.0,0.207,-7.111,0,0.285,135.111,4,0.269,3345043,England,65vHYhe2AprpDBHBTpOBaE
245,Ready (feat. Summer Walker),0.131,0.721,0.675,0.0,0.134,-5.438,0,0.207,96.822,4,0.383,3067828,England,0XDlwVNtd6wvp3PGGsghqf
246,Back to Basics,0.036,0.585,0.522,5.01e-06,0.11,-5.397,1,0.438,86.258,4,0.0827,1459873,England,4or9opxT7BGioeiZHFdZu9
247,Biggest Mistake,0.494,0.676,0.606,0.0,0.449,-7.006,1,0.479,122.5,4,0.533,650152,England,2QLaOdgAu0acjdQluBTcaQ
248,Spaghetti,0.0914,0.824,0.499,0.0,0.161,-8.013,0,0.314,139.921,4,0.37,624371,England,7j0AjRMQ5f2AFMLgn9aQHm
249,Blood in My Eyes,0.226,0.786,0.556,3.53e-06,0.116,-7.688,0,0.172,128.009,4,0.0535,558122,England,4HAgm7e6vx4Ax33aUFxtEv
250,Do You Right,0.121,0.774,0.61,0.0,0.249,-6.384,0,0.305,124.956,4,0.58,528631,England,0GjTwZXQJNP4MaqMoQuCg4
251,Dancing On Ice (feat. Nafe Smallz & M Huncho),0.0237,0.78,0.763,2.95e-05,0.121,-5.847,0,0.121,155.014,4,0.798,867959,England,2GzIlFiI42N11SDbnh4VjN
252,Aunt's Place,0.495,0.671,0.467,0.0,0.0852,-8.77,0,0.297,84.806,4,0.311,481231,England,7y3F9eIIvhI73FlFa0M2bX
253,I Miss,0.0391,0.758,0.682,0.0,0.142,-6.47,1,0.148,130.035,4,0.162,477340,England,1WCC7KfzalilcV9cFnvYSx
254,"Gravity (feat. Tyler, The Creator)",0.173,0.539,0.615,0.0056,0.144,-8.746,0,0.252,163.924,4,0.493,417751,England,6u3CPnFMKANYgfdiifFOiJ
255,Grown Flex,0.00885,0.737,0.825,7.84e-05,0.111,-6.441,0,0.077,137.946,4,0.66,384146,England,7CZHlTZRKTSntwEmsWS258
256,Your Love (9PM),0.194,0.669,0.784,6.28e-06,0.115,-5.603,1,0.112,125.993,4,0.517,12934199,England,5YaskwnGDZFDRipaqzbwQx
257,Higher (feat. iann dior),0.336,0.716,0.736,1.4e-05,0.137,-5.18,0,0.0363,104.018,4,0.542,356899,England,4OoYfejHABzYe2mG8p5s8b
258,What Can I Say,0.172,0.529,0.568,0.0,0.2,-7.499,1,0.401,88.647,4,0.427,356342,England,3KqBvbVtqADMWr3kmUyXEX
259,Can't Hold Us - feat. Ray Dalton,0.0291,0.641,0.922,0.0,0.0862,-4.457,1,0.0786,146.078,4,0.847,4676366,England,3bidbhpOYeV4knp8AIu8Xn
260,Afterglow,0.0228,0.516,0.915,0.000789,0.125,-2.498,1,0.0562,174.032,4,0.0398,6406819,England,6LW3Z1GqbL78TIjfDyg4zp
261,Bringing It Back,0.252,0.848,0.758,0.0,0.363,-6.866,1,0.31,143.032,4,0.816,4046280,England,3inbZcvbbcwJFgEzZgANwE
262,Latest Trends,0.085,0.716,0.513,0.0,0.12,-10.159,0,0.223,141.894,4,0.8,16372482,England,7pnQ23WgZca9jEfMts9qsR
263,Up,0.0012,0.868,0.795,0.0193,0.0461,-6.044,1,0.269,166.0,4,0.819,12346538,England,1M4OcYkxAtu3ErzSgDEfoi
264,Roadtrip,0.316,0.459,0.581,0.0,0.124,-6.575,1,0.0713,176.195,4,0.49,899162,England,4Agtk2MrapdZAVN7v6PuFO
265,The Hills,0.0671,0.585,0.564,0.0,0.135,-7.063,0,0.0515,113.003,4,0.137,2097720,England,7fBv7CLKzipRk6EC6TWHOB
266,Arcade,0.827,0.453,0.35,0.00122,0.144,-11.639,0,0.0425,72.017,3,0.279,6409369,England,1J14CdDAvBTE1AJYUOwl6C
267,Starboy,0.141,0.679,0.587,6.35e-06,0.137,-7.015,1,0.276,186.003,4,0.486,769094,England,7MXVkk9YMctZqd1Srtv4MB
268,Believe Me,0.129,0.629,0.876,1.39e-06,0.29,-5.572,0,0.0408,124.999,4,0.645,8797097,England,44xO8889yUQHn70P73NILS
269,Making A Fire,2.21e-05,0.506,0.946,0.00226,0.0528,-4.173,1,0.0652,91.111,3,0.651,396703,England,2u8NmvhYX6wiviyxJTOhEi
270,Astronaut In The Ocean,0.175,0.778,0.695,0.0,0.15,-6.865,0,0.0913,149.996,4,0.472,383954,England,3Ofmpyhv5UAQ70mENzB277
271,In Your Eyes,0.00285,0.667,0.719,8.1e-05,0.0736,-5.371,0,0.0346,100.021,4,0.717,366483,England,7szuecWAPwGoV1e5vGu8tl
272,Waiting On A War,0.00984,0.53,0.759,0.0,0.319,-7.067,1,0.0351,131.999,4,0.502,347322,England,4tA8lpQoWkMRWOZ29HbR86
273,How to Save a Life,0.269,0.64,0.743,0.0,0.101,-4.08,1,0.0379,122.035,4,0.361,1026587,England,5fVZC9GiM4e8vu99W0Xf6J
274,Another Love,0.717,0.442,0.538,2.95e-05,0.09,-8.55,0,0.0451,122.758,4,0.139,5253923,England,7jtQIBanIiJOMS6RyCx6jZ
275,Party In The U.S.A.,0.00112,0.652,0.698,0.000115,0.0886,-4.667,0,0.042,96.021,4,0.47,1031828,England,3E7dfMvvCLUddWissuqMwr
276,Reasons,0.509,0.403,0.539,0.0,0.103,-9.997,1,0.339,178.24,4,0.101,328023,England,4kPV7Tx30Ph0tQ4XrhgYCh
277,Mr. Blue Sky,0.652,0.388,0.338,3.73e-06,0.248,-10.054,1,0.0329,177.765,4,0.478,4052573,England,2RlgNHKcydI9sayD2Df2xp
278,Calling My Phone,0.451,0.907,0.393,1.35e-06,0.135,-7.636,0,0.0539,104.949,4,0.202,15761359,England,5Kskr9LcNYa0tpt5f0ZEJx
279,Love Story (Taylor’s Version),0.135,0.626,0.79,3.97e-06,0.0989,-4.302,1,0.0311,119.082,4,0.416,2354147,England,3CeCwYWvdfXbZLXFhBrbnf
280,Commitment Issues,0.463,0.8,0.71,0.0,0.339,-6.403,0,0.295,147.171,4,0.795,4257011,England,5w3CtwPT5e0k8zg2LyjvNN
281,We're Good,0.0319,0.722,0.588,0.0,0.183,-5.932,1,0.0544,134.01,4,0.59,7559526,England,1diS6nkxMQc3wwC4G1j0bh
282,CANCELLED (feat. Skepta),0.308,0.76,0.659,9.33e-06,0.103,-7.472,0,0.365,140.023,4,0.373,1036161,England,70He9Bb1JohHQXq4XAavQD
283,Siberia (feat. Burna Boy),0.623,0.873,0.6,0.0,0.0701,-7.178,1,0.192,124.01,4,0.705,949610,England,0lgUn1bN5txujF60W7YAbv
284,UK Hun? (United Kingdolls Version),0.0632,0.865,0.85,0.0,0.308,-5.147,1,0.0664,134.038,4,0.906,546645,England,1lZS5NcFUVEZNYSWHtfJPk
285,Astronaut In The Ocean,0.175,0.778,0.695,0.0,0.15,-6.865,0,0.0913,149.996,4,0.472,10285601,England,3VT8hOC5vuDXBsHrR53WFh
286,terms (feat. Dominic Fike & Denzel Curry),0.153,0.727,0.578,3.59e-05,0.142,-10.516,1,0.225,140.044,4,0.238,429074,England,2iwLygOHE2YStc23isxS3b
287,MAZZA (feat. A$AP Rocky),0.0791,0.672,0.63,0.0,0.167,-6.841,0,0.285,75.286,4,0.354,420378,England,4Jtd2uIBBdAl5bOaLVIlNV
288,Mixed Emotions,0.269,0.461,0.683,0.0,0.339,-6.737,1,0.111,86.888,4,0.624,2059938,England,7tCOBSryRDEQXSUTNFLBBS
289,Big (feat. Gunna),0.0672,0.781,0.843,1.27e-06,0.0637,-3.445,1,0.0349,111.992,4,0.616,378939,England,0BjfodYJYki5xbxHJZe0Cf
290,My Head & My Heart,0.0697,0.614,0.934,0.0,0.121,-3.709,0,0.07,116.001,4,0.436,7675459,England,1KixkQVDUHggZMU9dUobgm
291,Halo,0.273,0.422,0.712,0.0,0.051,-5.907,0,0.1,78.454,4,0.471,362336,England,2CvOqDpQIMw69cCzWqr5yr
292,Make You Feel My Love,0.907,0.317,0.172,0.000383,0.105,-10.636,1,0.0326,65.18,3,0.0963,358372,England,273QnyCvJB65rScHJ1nPZb
293,feel away (feat. James Blake & Mount Kimbie),0.683,0.404,0.532,0.158,0.164,-8.989,1,0.0409,159.864,4,0.339,354074,England,2CwUy8aMNWAislPr58fDvI
294,Payphone,0.0188,0.743,0.752,0.0,0.287,-4.813,1,0.0414,110.015,4,0.545,3494134,England,1XGmzt0PVuFgQYYnV2It7A
295,push (feat. Deb Never),0.69,0.772,0.542,0.0,0.21,-9.855,1,0.0926,125.321,4,0.323,348172,England,1TXydwDv0VSV92ijrUNBfN
296,Just the Way You Are,0.0151,0.637,0.843,0.0,0.0876,-5.413,1,0.0432,109.012,4,0.434,346492,England,7BqBn9nzAq8spo5e7cZ0dJ
297,Iris,0.00125,0.315,0.715,7.97e-06,0.0942,-8.072,0,0.0362,155.925,3,0.497,345669,England,6Qyc6fS4DsZjB2mRW9DsQs
298,Pompeii,0.0755,0.679,0.715,0.0,0.271,-6.383,1,0.0407,127.435,4,0.571,3799575,England,3gbBpTdY8lnQwqxNCcf795
299,Your Song,0.828,0.554,0.315,5.53e-06,0.101,-11.028,1,0.0298,128.157,4,0.325,344911,England,38zsOOcu31XbbYj9BIPUF1
300,Whoopty,0.2,0.719,0.648,0.0,0.127,-7.6,0,0.125,140.201,4,0.66,7617190,England,1t9WgS8FN0534tLBRwbaxO
301,Toxic,0.217,0.647,0.62,0.0,0.121,-8.37,1,0.442,140.221,4,0.276,559081,England,3UJMTYmekhx9WHGr9ggZkF
302,test drive,0.0251,0.698,0.708,0.0,0.124,-4.943,0,0.0454,115.036,4,0.322,547816,England,3eZYOQO4UzKrUDYDghtnFw
303,Wonderwall - Remastered,0.000452,0.378,0.896,0.0,0.194,-4.066,1,0.0407,174.302,4,0.469,4551272,England,5qqabIl2vWzo9ApSC317sa
304,Time,0.237,0.904,0.35,0.0,0.0794,-10.973,0,0.416,144.029,4,0.652,465258,England,5r4AZGGgbEDWefGkbVlPSA
305,SugarCrash!,0.53,0.745,0.74,7.37e-05,0.0936,-6.558,1,0.097,97.735,4,0.36,1676533,England,3FxPbp05KjMBa4HbhAJTH0
306,motive (with Doja Cat),0.0681,0.789,0.742,0.0,0.166,-5.664,0,0.0652,116.965,4,0.661,1171705,England,5GkQIP5mWPi4KZLLXeuFTT
307,telepatía,0.112,0.653,0.524,0.0,0.203,-9.016,0,0.0502,83.97,4,0.553,5690197,England,6tDDoYIxWvMLTdKpjFkc1B
308,"34+35 Remix (feat. Doja Cat, Megan Thee Stallion) - Remix",0.211,0.659,0.662,0.0,0.228,-5.768,1,0.434,109.957,4,0.704,410536,England,2sQH02O2HBCPJCztBrCWNa
309,Don't Look Back in Anger - Remastered,0.0708,0.327,0.938,3.79e-06,0.148,-3.237,1,0.0645,162.937,4,0.326,3585658,England,0UvCh63URrLFcPkKt99hHd
310,CLOUDS,0.371,0.793,0.65,0.0,0.854,-3.944,1,0.397,128.111,4,0.809,387209,England,5UMMPHPp6vRP6ghPpSUOzp
311,Summer Of '69,0.0115,0.505,0.71,2.58e-06,0.0977,-10.853,1,0.0371,138.907,4,0.771,3043917,England,6N1EjQjnvhOjFrF6oUmGPa
312,Take on Me,0.018,0.573,0.902,0.00125,0.0928,-7.638,0,0.054,84.412,4,0.876,1477523,England,2WfaOiMkCvy7F5fcp2zZ8L
313,I'm Still Standing,0.356,0.504,0.904,0.121,0.14,-6.863,1,0.179,176.808,4,0.772,2251785,England,1jDJFeK9x3OZboIAHsY9k2
314,Billie Jean,0.0236,0.92,0.654,0.0158,0.0359,-3.051,0,0.0401,117.046,4,0.847,357408,England,5ChkMS8OtdzJeqyybCc9R5
315,What You Know,0.000715,0.561,0.741,1.4e-05,0.0822,-4.239,0,0.0419,139.001,4,0.776,3483860,England,3UjtIALeg72qmJiKPWBvM3
316,Somebody That I Used To Know,0.548,0.865,0.521,0.000115,0.0989,-6.932,1,0.0371,129.059,4,0.748,3460869,England,1qDrWA6lyx8cLECdZE7TV7
317,Day in the Life,0.228,0.905,0.571,0.0,0.113,-7.979,1,0.357,144.892,4,0.757,1131758,England,6DgMffCX9ftTdDEZgZLVSd
318,Heartbreak Anniversary,0.524,0.449,0.465,1.02e-06,0.303,-8.964,1,0.0791,89.087,3,0.543,6229875,England,3FAJ6O0NOHQV8Mc5Ri6ENp
319,Didn't Know,0.0737,0.896,0.459,8.41e-05,0.0981,-8.937,1,0.0515,125.939,4,0.484,703715,England,6t8XoDG0YGFGBqUsgj9Ih9
320,Counting Stars,0.0654,0.664,0.705,0.0,0.118,-4.972,0,0.0382,122.016,4,0.477,2208883,England,2tpWsVSb9UEmDRxAl1zhX1
321,Bringing It Back,0.245,0.849,0.761,0.0,0.351,-6.853,1,0.323,143.051,4,0.789,5658326,England,3io8SywLvvaJDxTU94phL7
322,Bluuwuu,0.442,0.918,0.681,0.0,0.263,-5.062,1,0.434,140.133,4,0.872,1886634,England,70dadmYOwUCwEGHgEVV3NV
323,BED,0.0142,0.671,0.782,0.00221,0.333,-4.593,1,0.0341,123.989,4,0.618,12045939,England,0siYMEsGrzzzlWLXK5zJfS
324,Toxic,0.217,0.647,0.62,0.0,0.121,-8.37,1,0.442,140.221,4,0.276,2955210,England,7EZA4wXtnlZBiJQibMvtyA
325,Chingy (It’s Whatever),0.294,0.723,0.645,0.0,0.388,-7.402,0,0.327,142.013,4,0.742,863913,England,1u1QQ0WaMCFnWdNE4V61v6
326,AP - Music from the film Boogie,0.152,0.751,0.744,0.000568,0.252,-6.859,1,0.177,148.014,4,0.634,477306,England,17vGPZ5EsdvtgAOCD4FLWI
327,Woi,0.815,0.858,0.584,0.0,0.224,-7.48,1,0.379,140.208,4,0.714,816237,England,6Sb6bDbhCuAi27HE9koUXp
328,No Chorus,0.207,0.788,0.573,0.0,0.134,-5.987,1,0.469,145.014,4,0.655,431336,England,25JRyuLsCus2fzuemAeVMS
329,Let’s Go Home Together,0.454,0.661,0.486,0.0,0.0994,-4.438,1,0.0431,78.31,4,0.309,5869251,England,4CH0dVylkeBPydRM7AaG8g
330,Only Wanna Be With You - Pokémon 25 Version,0.00124,0.47,0.709,0.00121,0.302,-4.563,1,0.0299,98.036,4,0.247,392987,England,3SawmGBjjq8EOYZJV11cJm
331,Little Bit of Love,0.0833,0.689,0.706,0.0,0.105,-4.48,0,0.0312,106.52,4,0.623,845091,England,78q4ESvMkPVJzHAV11LAGE
332,Feel So Close - Radio Edit,0.000972,0.707,0.924,0.00703,0.204,-2.842,1,0.031,127.937,4,0.919,364732,England,1gihuPhrLraKYrJMAEONyc
333,Ferrari Horses,0.558,0.526,0.491,0.0,0.186,-9.147,0,0.196,128.093,4,0.336,7470278,England,5erCwioOcRwP59NJUAtEK3
334,Lemon Pepper Freestyle (feat. Rick Ross),0.103,0.77,0.637,0.0,0.171,-5.53,1,0.345,94.966,4,0.431,5776406,England,4FRW5Nza1Ym91BGV4nFWXI
335,What’s Next,0.0136,0.781,0.594,0.0,0.162,-6.959,0,0.0485,129.895,4,0.0628,5939076,England,3aQem4jVGdhtg116TmJnHz
336,Wants and Needs (feat. Lil Baby),0.0618,0.578,0.449,2.17e-06,0.119,-6.349,1,0.286,136.006,4,0.1,5261020,England,65OVbaJR5O1RmwOQx0875b
337,Leave The Door Open,0.182,0.586,0.616,0.0,0.0927,-7.964,1,0.0324,148.088,4,0.719,6778489,England,7MAibcTli4IisCtbHKrGMh
338,Hold On,0.0106,0.658,0.634,0.0,0.132,-5.797,0,0.0413,139.98,4,0.29,1668797,England,4u4NyuceXP7Uzh7XFJKCr1
339,Anxious,0.107,0.901,0.63,0.0,0.1,-6.499,0,0.351,86.003,4,0.796,1773778,England,3cCLTTEpHB0f47z5GBcUr3
340,Cupid's Chokehold / Breakfast in America,0.237,0.72,0.744,0.0,0.255,-6.938,0,0.12,78.953,4,0.619,4781193,England,2Lhdl74nwwVGOE2Gv35QuK
341,Medicine,0.232,0.306,0.74,0.0,0.0892,-4.521,1,0.0532,98.3,5,0.314,408521,England,7CHNIK6EGjnwpWkSpx6JZe
342,Didn't Know,0.0737,0.896,0.459,8.41e-05,0.0981,-8.937,1,0.0515,125.939,4,0.484,4083666,England,3kNWyHdLVW1x6pn9EnSQ1H
343,I Fall Apart,0.0689,0.556,0.538,0.0,0.196,-5.408,0,0.0382,143.95,4,0.291,361657,England,75ZvA4QfFiZvzhj2xkaWAh
344,Burning Pile,0.0633,0.516,0.755,0.00103,0.107,-3.724,1,0.0383,140.099,4,0.165,351075,England,0zMAvsQmaQ4DGsmXtKixpn
345,Hypnotize - 2014 Remaster,0.145,0.901,0.697,0.0,0.287,-3.439,1,0.28,93.941,4,0.67,349258,England,7KwZNVEaqikRSBSpyhXK2j
346,Love The Way You Lie,0.241,0.749,0.925,0.0,0.52,-5.034,1,0.227,86.989,4,0.641,348586,England,15JINEqzVMv3SvJTAXAKED
347,Patience (feat. YUNGBLUD & Polo G),0.00251,0.616,0.741,0.0,0.307,-4.272,0,0.0426,122.012,4,0.431,7407380,England,5J5CpT6bgE6KYKk23jgp9W
348,Commitment Issues,0.463,0.8,0.71,0.0,0.339,-6.403,0,0.295,147.171,4,0.795,8061079,England,0UCKUJU94sx8XBQnaNsRkB
349,6 For 6,0.552,0.855,0.792,0.0,0.17,-4.949,1,0.143,142.965,4,0.623,5564030,England,1tLV0GD0WXQ1Z8BKOQscti
350,Loading,0.732,0.85,0.68,0.0,0.0964,-6.18,0,0.338,144.006,1,0.694,5375836,England,4vzJrkfHbCGaodPA5RY5BV
351,Latest Trends (feat. Aitch) - Remix,0.0809,0.654,0.491,0.0,0.369,-11.715,0,0.252,142.037,4,0.807,4964731,England,7htmRcPbmrY9oenatxz9UL
352,Little Bit of Love,0.0833,0.689,0.706,0.0,0.105,-4.48,0,0.0312,106.52,4,0.623,6839683,England,3Iba59sFmGhQ4kbCY5L8AX
353,Day in the Life,0.228,0.905,0.571,0.0,0.113,-7.979,1,0.357,144.892,4,0.757,3072576,England,1o6x7iRcDQPEEg8YPgLeVA
354,SugarCrash!,0.524,0.748,0.734,1.15e-05,0.0975,-6.499,1,0.124,97.753,4,0.368,2498578,England,2ePtv8MlBO9nuuXABqAfEX
355,Addicted,0.241,0.453,0.507,0.0107,0.16,-10.098,1,0.0519,134.023,4,0.153,947910,England,3vMtiUewPWlK5UsIlE8lIy
356,F.N,0.354,0.567,0.515,0.0,0.078,-10.265,0,0.247,120.1,1,0.321,1238434,England,2NnJpRXIlx35Vij3bPZO0h
357,Daddy Issues,0.0678,0.588,0.521,0.149,0.123,-9.461,1,0.0329,85.012,4,0.337,3075146,England,2oW5T6viRcUuE6Ttk6TJ9B
358,lovely (with Khalid),0.934,0.351,0.296,0.0,0.095,-10.109,0,0.0333,115.284,4,0.12,398195,England,6sTLPH7I4aTX8ocQjUbG4K
359,GREECE (feat. Drake),0.0743,0.695,0.343,1.04e-06,0.107,-10.798,1,0.0432,85.84,4,0.229,395352,England,5gSZoRy42TxBxyAdHs9wXO
360,Breaking Me,0.223,0.789,0.72,0.0,0.129,-5.652,0,0.218,122.031,4,0.664,380145,England,107TX4vj1U8We3uqDmb9oO
361,Come & Go (with Marshmello),0.0172,0.625,0.814,0.0,0.158,-5.181,1,0.0657,144.991,4,0.535,376212,England,2pn8dNVSpYnAtlKFC8Q0DJ
362,Bohemian Rhapsody - Remastered 2011,0.271,0.414,0.404,0.0,0.3,-9.928,0,0.0499,71.105,4,0.224,2422208,England,4FUFk1uJuPtUJrDQ8ZSylK
363,I Dunno (feat. Dutchavelli & Stormzy),0.0954,0.821,0.666,0.0,0.319,-7.237,1,0.342,145.066,4,0.739,728431,England,68rVGSTnCiFOET9k5Vd8Se
364,Own It (feat. Ed Sheeran & Burna Boy),0.00838,0.817,0.781,5.21e-06,0.123,-4.178,0,0.112,104.0,4,0.359,1532131,England,7kQUdVjev73xIuwu7W6YW9
365,Peaches (feat. Daniel Caesar & Giveon),0.321,0.677,0.696,0.0,0.42,-6.181,1,0.119,90.03,4,0.464,14369912,England,4iJyoBOLtHqaGxP12qzhQI
366,Hold On,0.0104,0.658,0.634,0.0,0.12,-6.068,0,0.0431,140.002,4,0.302,6954782,England,1nahzW3kfMuwReTka28tH5
367,Anyone,0.185,0.685,0.521,3.59e-06,0.111,-8.285,1,0.0345,115.885,4,0.578,4364534,England,2WnAKZefdRHxtBEkRjFOHC
368,As I Am (feat. Khalid),0.127,0.595,0.543,0.0,0.0975,-8.149,1,0.038,99.928,4,0.109,3554270,England,6F2r4HgpJnvKDmkN6JEN6J
369,Holy (feat. Chance The Rapper),0.2,0.67,0.693,0.0,0.0909,-8.34,1,0.35,87.017,4,0.388,3544778,England,6Xgq7MvZiet0hVi3KaDSgJ
370,Unstable (feat. The Kid LAROI),0.737,0.495,0.333,0.0,0.112,-10.109,0,0.0288,99.757,4,0.37,1427026,England,137mSruegm1u6x9NvwiagR
371,Off My Face,0.92,0.509,0.228,0.0,0.104,-8.68,1,0.0332,90.674,4,0.586,1354253,England,3T03rPwlL8NVk1yIaxeD8U
372,Loved By You (feat. Burna Boy),0.0696,0.79,0.724,2.33e-06,0.113,-6.972,1,0.0852,101.04,4,0.642,1300742,England,2tB9OFgAHjAds3cqquLlvp
373,2 Much,0.593,0.583,0.444,0.0,0.353,-8.601,1,0.0456,119.59,4,0.167,1249445,England,0oaY19dUwZimIgzn3ZZLZO
374,Ghost,0.185,0.601,0.741,2.91e-05,0.415,-5.569,1,0.0478,153.96,4,0.441,1345550,England,6I3mqTwhRpn34SLVafSH7G
375,Deserve You,0.0314,0.677,0.633,0.0,0.112,-7.831,1,0.0771,89.934,4,0.409,1188133,England,5NU40QTlXrDUJzDBdv79bg
376,Lonely (with benny blanco),0.9,0.619,0.241,0.0,0.116,-7.102,0,0.046,79.461,4,0.0719,1683604,England,3S8jK1mGzQi24ilFb45DAZ
377,Love You Different (feat. BEAM),0.0652,0.759,0.584,1.59e-06,0.16,-6.655,1,0.06,127.138,4,0.374,1120837,England,27UcQ6dAvQrgH9C880rCM3
378,Die For You (feat. Dominic Fike),0.00196,0.728,0.629,1.94e-06,0.0847,-6.629,1,0.0318,135.031,4,0.71,691834,England,7aely3H8kMj9o0gt6vXHE1
379,Headshot (feat. Polo G & Fivio Foreign),0.0758,0.809,0.638,0.0,0.15,-7.268,0,0.257,117.982,4,0.392,1198116,England,6cQ08IpBxxfGcSKxqE3NmB
380,Somebody,0.000284,0.551,0.756,9.48e-05,0.118,-7.679,1,0.045,75.991,4,0.359,633366,England,3buwFfY33H32wfZ6X9poV3
381,White Dress,0.926,0.493,0.263,0.0,0.0879,-12.805,1,0.0351,122.792,4,0.158,464582,England,4Hl9rOqYomojCmxYfr25im
382,Track Star,0.381,0.641,0.598,0.0,0.0921,-5.7,0,0.324,131.459,5,0.285,2323202,England,5hChuUMe5iHfjkXgzj1D4b
383,Chemtrails Over The Country Club,0.877,0.334,0.276,0.000249,0.113,-13.125,0,0.0643,201.025,3,0.429,433500,England,7bPWdJgx8vek7S5i5yAtvG
384,Cloud 9,0.00167,0.637,0.929,2.62e-05,0.344,-3.593,1,0.0491,80.974,4,0.902,2412804,England,6vFsBXYczYsP0H3lgunZOm
385,Dimension (feat. Skepta & Rema),0.173,0.561,0.722,4.86e-05,0.175,-6.437,0,0.068,103.099,4,0.173,375671,England,2Jy4EdqIZswDZvVDh5dx3A
386,All You Ever Wanted,0.000567,0.409,0.886,0.00474,0.117,-4.035,1,0.084,167.917,4,0.498,1544000,England,2kBKorwFFeinUr5KwGeBmk
387,The Real Slim Shady,0.0302,0.949,0.661,0.0,0.0454,-4.244,0,0.0572,104.504,4,0.76,1920775,England,3yfqSUWxFvZELEM4PmlwIR
388,Everybody Wants To Rule The World,0.347,0.645,0.795,0.00389,0.104,-12.095,1,0.0527,112.067,4,0.535,1109922,England,4RvWPyQ5RL0ao9LPZeSouE
389,MONTERO (Call Me By Your Name),0.297,0.61,0.508,0.0,0.384,-6.682,0,0.152,178.818,4,0.758,6513670,England,3BZEcbdtXQSo7OrvKRJ6mb
390,Body,0.389,0.889,0.705,1.04e-05,0.0692,-8.683,0,0.392,141.069,4,0.815,5790926,England,3CVb6hkMrlF7eHhXi5B3PZ
391,Good Without,0.0723,0.616,0.576,0.0,0.375,-5.495,0,0.0532,89.962,4,0.269,4796829,England,15OCqNPYoLziEAsbVnqRj5
392,Mood (feat. iann dior),0.174,0.701,0.716,0.0,0.324,-3.671,0,0.0361,91.007,4,0.732,3482448,England,4jPy3l0RUwlUI9T5XHBW2m
393,Looking For Me,0.00441,0.641,0.529,0.000862,0.0809,-11.536,1,0.0288,121.027,4,0.449,1988955,England,2KYnSFIrSbaKUXWetW7Klt
394,Tonight (feat. D-Block Europe & OBOY),0.232,0.673,0.612,1.11e-05,0.15,-7.419,1,0.241,147.874,4,0.306,2042125,England,6yxTnrfmP6IPqzmQNkSv3S
395,Rasputin,0.00364,0.758,0.913,6.92e-05,0.193,-2.926,0,0.113,128.04,4,0.658,2816160,England,0b18g3G5spr4ZCkz7Y6Q0Q
396,You All Over Me (feat. Maren Morris) (Taylor’s Version) (From The Vault),0.818,0.589,0.496,0.0,0.101,-7.606,1,0.0377,142.731,4,0.44,477772,England,5pcjystBtalYeqaiXCcgEY
397,Black Hole,0.142,0.878,0.64,0.0,0.0981,-5.641,1,0.0591,124.069,4,0.658,2010113,England,6xw8ld1ztoCKifwTN6uGDq
398,The Sweet Escape,0.191,0.756,0.77,0.0,0.178,-3.502,1,0.0343,119.961,4,0.73,821709,England,66ZcOcouenzZEnzTJvoFmH
399,Last Time,0.305,0.725,0.794,0.0,0.106,-2.421,0,0.0699,123.964,4,0.754,1265286,England,54zJ1SxDe0CQhWRij7E0no
400,Slumber Party (feat. Princess Nokia),0.00151,0.964,0.398,3.95e-05,0.101,-8.981,0,0.0795,105.012,4,0.563,1919303,England,11ZulcYY4lowvcQm4oe3VJ
401,One Dance,0.00776,0.792,0.625,0.0018,0.329,-5.609,1,0.0536,103.967,4,0.37,1692808,England,1zi7xx7UVEFkmKfv06H8x0
402,Medicine,0.232,0.306,0.74,0.0,0.0892,-4.521,1,0.0532,98.3,5,0.314,1660364,England,78lAToqaV3enWqR7roYVP2
403,Runaway,0.629,0.422,0.302,7.83e-05,0.104,-9.214,1,0.0372,114.089,4,0.123,2404011,England,1v1oIWf2Xgh54kIWuKsDf6
404,Pumped Up Kicks,0.145,0.733,0.71,0.115,0.0956,-5.849,0,0.0292,127.975,4,0.965,384090,England,7w87IxuO7BDcJ3YUqCyMTT
405,American Boy,0.171,0.727,0.729,0.0,0.07,-2.99,1,0.326,117.932,4,0.512,1124787,England,22UDw8rSfLbUsaAGTXQ4Z8
406,Calling My Phone,0.451,0.907,0.393,1.35e-06,0.135,-7.636,0,0.0539,104.949,4,0.202,4946757,England,3J8EOeKLTLXORtWPpOU5bE
407,deja vu,0.593,0.439,0.61,1.07e-05,0.341,-7.236,1,0.116,181.088,4,0.172,4103445,England,61KpQadow081I2AsbeLcsb
408,Headshot (feat. Polo G & Fivio Foreign),0.0802,0.808,0.639,0.0,0.15,-7.266,0,0.279,118.0,4,0.395,1657644,England,4eNOLmx8r2IJAVKvBBL1jv
409,Nice To Meet Ya (feat. Yxng Bane),0.081,0.802,0.719,0.0,0.141,-4.271,0,0.0792,101.971,4,0.336,1973304,England,1YHjRAptXqPdsdx3g6FNJL
410,Met Him Last Night (feat. Ariana Grande),0.22,0.538,0.512,0.0,0.101,-4.548,0,0.0262,144.978,4,0.12,1600063,England,4yyX2Iu4xJjW9xMvBZKSBi
411,Run It Up (feat. Offset & Moneybagg Yo),0.415,0.88,0.575,0.0,0.109,-6.091,1,0.163,120.031,4,0.671,940032,England,1dg3qy5DjoJodawfOCgrTP
412,"More Than A Woman - From ""Saturday Night Fever"" Soundtrack",0.175,0.601,0.703,8.4e-05,0.571,-6.24,1,0.0379,106.164,4,0.673,810390,England,2cX2coZS1PYBfPs8wgbdWE
413,Summer 91 (Looking Back),0.0159,0.509,0.953,3.3e-05,0.28,-4.954,0,0.0414,125.015,4,0.406,1247423,England,4FEcEwbE2vsqhxbTPtiNTL
414,Dancing With The Devil,0.273,0.413,0.64,0.0,0.11,-5.811,1,0.0427,75.245,4,0.149,385259,England,0VQ3GSPdl4njPOr3lyaoaD
415,Marea (We’ve Lost Dancing),0.0681,0.761,0.781,0.108,0.0607,-6.778,0,0.141,123.023,4,0.473,382081,England,1t0Jmqg1pKVBbxjQFZebeR
416,September,0.131,0.684,0.864,0.00526,0.344,-4.819,1,0.0312,125.395,4,0.978,748390,England,4f2GB5ZC7vOUYPAg69N2Xw
417,Another One Bites The Dust - Remastered 2011,0.112,0.933,0.528,0.312,0.163,-6.472,0,0.161,109.967,4,0.754,376083,England,5vdp5UmvTsnMEMESIF2Ym7
418,Under Pressure - Remastered 2011,0.429,0.671,0.712,0.0,0.103,-7.815,1,0.0476,113.805,4,0.462,375690,England,2fuCquhmrzHpu5xcA1ci9x
419,Shut Up and Dance,0.00701,0.578,0.866,0.0,0.257,-3.804,1,0.0619,128.038,4,0.619,753569,England,4kbj5MwxO1bq9wjT5g9HaA
420,MONTERO (Call Me By Your Name),0.297,0.61,0.508,0.0,0.384,-6.682,0,0.152,178.818,4,0.758,7585882,England,67BtfxlNbhBmCDR2L2l8qd
421,RAPSTAR,0.41,0.789,0.536,0.0,0.129,-6.862,1,0.242,81.039,4,0.437,5559228,England,43PGPuHIlVOc04jrZVh9L6
422,Titanium,0.152,0.959,0.394,1.38e-06,0.105,-8.687,0,0.437,121.008,4,0.51,3335039,England,2qzW5AK8ldKUOWUETwAkZY
423,Kiss Me More (feat. SZA),0.235,0.762,0.701,0.000158,0.123,-3.541,1,0.0286,110.968,4,0.742,3436059,England,748mdHapucXQri7IAO8yFK
424,Mr. Perfectly Fine (Taylor’s Version) (From The Vault),0.162,0.66,0.817,0.0,0.0667,-6.269,0,0.0521,135.942,4,0.714,1937426,England,2CYVETnhM9aytqrazYYwrK
425,Mercury,0.117,0.773,0.717,0.0,0.126,-7.436,0,0.418,81.782,4,0.147,1631690,England,1w6Gcw670LjrAnrbAWObqT
426,Love Story (Taylor’s Version),0.13,0.627,0.792,3.97e-06,0.0845,-4.311,1,0.031,119.054,4,0.415,1228966,England,6YvqWjhGD8mB5QXcbcUKtx
427,X Gon' Give It To Ya,0.0135,0.761,0.899,0.0,0.0719,-3.09,0,0.183,95.027,4,0.673,730089,England,1zzxoZVylsna2BQB65Ppcb
428,You Belong With Me (Taylor’s Version),0.0623,0.632,0.773,0.0,0.0885,-4.856,1,0.0346,130.033,4,0.474,679279,England,1qrpoAMXodY6895hGKoUpA
429,Way Too Long,0.024,0.555,0.728,2.35e-06,0.169,-3.54,0,0.0644,63.458,4,0.723,1204048,England,4YMApzzqCO31TPxPvgdHhh
430,Fearless (Taylor’s Version),0.0122,0.569,0.741,0.0,0.333,-4.963,1,0.0282,100.118,4,0.43,597053,England,77sMIMlNaSURUAXq5coCxE
431,Shy Away,0.000818,0.588,0.856,0.0739,0.238,-5.242,0,0.0316,96.966,4,0.635,960494,England,2z0IupRlVRlDN5r2IVqHyN
432,Lingo (feat. J.I & Chunkz),0.0212,0.853,0.597,0.0,0.122,-6.528,0,0.0555,107.033,4,0.569,927149,England,7kwM9cuy6DYdC0xMMkv1GH
433,Fifteen (Taylor’s Version),0.116,0.559,0.646,0.0,0.32,-4.61,1,0.0272,95.466,4,0.289,500801,England,2nqio0SfWg6gh2eCtfuMa5
434,The Way I Loved You (Taylor’s Version),0.0033,0.402,0.732,0.0,0.108,-4.665,1,0.0484,161.032,4,0.472,498949,England,22bPsP2jCgbLUvh82U0Z3M
435,Hey Stephen (Taylor’s Version),0.106,0.788,0.571,0.0,0.0934,-6.135,1,0.0296,115.99,4,0.797,485040,England,550erGcdD9n6PnwxrvYqZT
436,White Horse (Taylor’s Version),0.369,0.423,0.517,0.0,0.177,-7.377,1,0.0486,185.262,4,0.366,436597,England,5YL553x8sHderRBDlm3NM3
437,Marea (We’ve Lost Dancing),0.0681,0.761,0.781,0.108,0.0607,-6.778,0,0.141,123.023,4,0.473,955555,England,5Z8Dj3LtbyCMiwE86rhg2f
438,Versus,0.236,0.554,0.702,0.0,0.323,-8.093,0,0.407,98.312,5,0.82,431580,England,6NTxrKuDVmqb1Yr86cR5MD
439,You All Over Me (feat. Maren Morris) (Taylor’s Version) (From The Vault),0.816,0.599,0.494,0.0,0.101,-7.61,1,0.0372,142.893,4,0.44,417524,England,4CHpVfAhuxNJ3ibExe6kxO
440,Breathe (feat. Colbie Caillat) (Taylor’s Version),0.156,0.506,0.626,0.0,0.228,-6.066,1,0.0287,148.035,4,0.321,415446,England,7HC7R2D8WjXVcUHJyEGjRs
441,Forever & Always (Taylor’s Version),0.0231,0.598,0.821,0.0,0.143,-4.433,1,0.0447,128.03,4,0.673,410658,England,1msEuwSBneBKpVCZQcFTsU
442,Anywhere Away From Here (Rag’n’Bone Man & P!nk),0.656,0.395,0.288,0.0,0.116,-10.465,1,0.0345,130.571,4,0.189,406581,England,3sZWxtVuRc1Iet6ELwRz43
443,Ruff Ryders' Anthem,0.0564,0.88,0.577,1.02e-06,0.201,-8.093,0,0.302,90.991,4,0.74,403146,England,1BKT2I9x4RGKaKqW4up34s
444,Beautiful Mistakes (feat. Megan Thee Stallion),0.0377,0.713,0.676,0.0,0.154,-5.483,1,0.027,99.048,4,0.721,806749,England,6fRxMU4LWwyaSSowV441IU
445,Tell Me Why (Taylor’s Version),0.0222,0.578,0.909,0.0,0.333,-3.669,1,0.0628,100.023,4,0.541,375015,England,0k0vFacOHNuArLWMiH60p7
446,Talking to the Moon,0.512,0.523,0.606,0.0,0.106,-4.754,0,0.0301,145.837,4,0.065,769864,England,161DnLWsx1i3u1JT05lzqU
447,Little More Love,0.199,0.719,0.762,9.89e-06,0.358,-6.623,1,0.114,100.08,4,0.676,1140757,England,53HqOfi7OfHRXzcWTdGJB3
448,Solid (feat. Drake),0.0392,0.887,0.485,0.0,0.141,-9.358,0,0.2,125.987,4,0.328,839757,England,6rTInqW3YECMkQsBEHw4sd
449,Kukoč (feat. NAV),0.207,0.741,0.851,0.0,0.296,-6.03,0,0.0672,141.987,4,0.84,569459,England,188Y8ny5w1GArwFjXE2arA
450,Looking For Me,0.00441,0.641,0.529,0.000862,0.0809,-11.536,1,0.0288,121.027,4,0.449,479071,England,2cc8Sw1OnCuA5bV8nqWqpE
451,Before You Go,0.604,0.459,0.575,0.0,0.0885,-4.858,1,0.0573,111.881,4,0.183,473624,England,6DK23fzeG32GDllJRfnDuz
452,Lasting Lover,0.197,0.676,0.786,0.0,0.0943,-4.529,1,0.0478,125.983,4,0.483,437686,England,7uZqvqXzzYMKrexKxdcGmd
453,Sex on Fire,0.00172,0.542,0.905,0.0104,0.136,-5.653,1,0.054,153.398,4,0.374,410469,England,4cJgjjWMjf4nfLRuSr4hVl
454,Train Wreck,0.701,0.311,0.485,0.0,0.0726,-5.726,0,0.0365,77.355,4,0.225,398733,England,39LLxExYz6ewLAcYrzQQyP
455,Breaking Me,0.223,0.789,0.72,0.0,0.129,-5.652,0,0.218,122.031,4,0.664,397441,England,6755DFiZ7CWe2WMdTGW5C1
456,Don't Stop Me Now - Remastered 2011,0.0475,0.559,0.868,0.000176,0.776,-5.276,1,0.17,156.295,4,0.609,370118,England,6nL0wIy3rcQPqHNAtm61Gh
