,name,acousticness,danceability,energy,instrumentalness,liveness,loudness,mode,speechiness,tempo,time_signature,valence,streams,country,id
0,Rockabye (feat. Sean Paul & Anne-Marie),0.406,0.72,0.763,0.0,0.18,-4.068,0,0.0523,101.965,4,0.742,4814979,England,5knuzwU65gJK7IF5yJsuaW
1,Last Christmas,0.189,0.735,0.478,2.48e-06,0.355,-12.472,1,0.0293,107.682,4,0.947,2345002,England,2FRnf9qhLbvw8fu4IBXx78
2,Fairytale of New York (feat. Kirsty MacColl),0.582,0.271,0.551,4.16e-05,0.256,-7.48,1,0.0457,78.111,4,0.428,1879767,England,3VTNVsTTu05dmTsVFrmGpK
3,Starboy,0.165,0.681,0.594,3.49e-06,0.134,-7.028,1,0.282,186.054,4,0.535,3637841,England,5aAx2yezTd8zXrkmtKl66Z
4,Say You Won't Let Go,0.695,0.358,0.557,0.0,0.0902,-7.398,1,0.059,85.043,4,0.494,3472849,England,5uCax9HTNlzGybIStD3vDh
5,Merry Christmas Everyone - Remastered,0.128,0.541,0.909,0.0,0.128,-3.101,1,0.0358,203.862,4,0.962,1703299,England,2ISl1zekPsc26sUQpVt8UB
6,I Would Like,0.0853,0.486,0.713,0.0,0.0839,-3.949,0,0.0524,121.028,4,0.297,3429363,England,4Q4jmPHwu0wrJvqrld0FQ6
7,Touch,0.032,0.607,0.718,0.0,0.403,-4.095,1,0.0978,101.821,4,0.551,3424613,England,5Ua3GXyHwiSfpNTMjq6m2z
8,Just Hold On,0.00383,0.647,0.932,1.5e-06,0.0574,-3.515,1,0.0824,114.991,4,0.374,3135574,England,3EmmCZoqpWOTY1g2GBwJoR
9,Sexual,0.0623,0.803,0.569,0.0,0.083,-7.392,1,0.0739,107.986,4,0.809,3247068,England,3AsAuGTaDQzavZZThyYlop
10,Black Beatles,0.142,0.794,0.632,0.0,0.128,-6.163,1,0.0649,145.926,4,0.355,2881253,England,6fujklziTHa8uoM5OQSfIo
11,Don't Wanna Know,0.338,0.783,0.623,0.0,0.0975,-6.126,1,0.08,100.048,4,0.447,3035518,England,5MFzQMkrl1FOOng9tq6R9r
12,It's the Most Wonderful Time of the Year,0.766,0.24,0.598,0.0,0.117,-8.435,1,0.0369,201.629,3,0.776,1472947,England,5hslUAKq9I9CG2bAulFkHN
13,Closer,0.414,0.748,0.524,0.0,0.111,-5.599,1,0.0338,95.01,4,0.661,2910224,England,7BKLCZ1jbUBVqRi2FVlTVw
14,24K Magic,0.034,0.818,0.803,0.0,0.153,-4.282,1,0.0797,106.97,4,0.632,2761848,England,6b8Be6ljOzmkOmFslEb23P
15,Do They Know It's Christmas? - 1984 Version,0.164,0.599,0.642,3.33e-05,0.0992,-6.936,1,0.0363,115.412,4,0.349,1342309,England,1hvpDAxZPKjKztOc72sv06
16,It's Beginning to Look a Lot like Christmas,0.908,0.339,0.214,7.47e-06,0.341,-11.714,1,0.0375,94.775,3,0.363,1336880,England,0lLdorYw7lVrJydTINhWdI
17,I Feel It Coming,0.426,0.773,0.819,0.0,0.0679,-5.946,0,0.118,92.99,4,0.585,2696377,England,5GXAXm5YOmYT0kL5jHvYBt
18,Fake Love,0.105,0.928,0.481,0.0,0.176,-9.35,0,0.287,134.007,4,0.613,2621955,England,343YBumqHu19cGoGARUTsd
19,Shout Out to My Ex,0.0316,0.774,0.739,5.95e-06,0.119,-4.022,1,0.0952,126.002,4,0.823,2625959,England,0YHUITU3w6ws1v8ehT264g
20,I Wish It Could Be Christmas Everyday,0.00422,0.383,0.914,1.4e-05,0.444,-6.43,1,0.0515,139.955,4,0.528,1258496,England,1mH6tZC6iXIHPI6EixCwxw
21,All Night,0.0038,0.544,0.809,0.0,0.323,-5.098,1,0.0363,145.017,4,0.448,1249782,England,4b4KcovePX8Ke2cLIQTLM0
22,"I Don’t Wanna Live Forever (Fifty Shades Darker) - From ""Fifty Shades Darker (Original Motion Picture Soundtrack)""",0.0631,0.735,0.451,1.3e-05,0.325,-8.374,1,0.0585,117.973,4,0.0862,2552161,England,3NdDpSvN911VPGivFlV5d0
23,Human,0.393,0.602,0.707,0.0,0.165,-4.097,1,0.302,75.087,4,0.554,2705529,England,58zsLZPvfflaiIbNWoA22O
24,Step Into Christmas,0.112,0.532,0.926,9.84e-06,0.318,-5.536,1,0.0357,140.137,4,0.814,1225419,England,3YQUpKTmtgPJf8u6ooi9KA
25,The Mack,0.0707,0.707,0.883,0.0,0.23,-4.281,1,0.0602,106.031,4,0.541,2497967,England,7aV2mflaASUmGhCErm7kBO
26,By Your Side,0.0778,0.696,0.743,0.0,0.0581,-3.838,1,0.0331,122.978,4,0.644,2503086,England,1D3ODoXHBLpdxolZRHWV1j
27,Wonderful Christmastime - Remastered 2011 / Edited Version,0.322,0.774,0.511,0.0,0.0672,-8.914,1,0.0319,94.736,4,0.771,1127497,England,4gavOCQdZ2g86gkvi17FM7
28,Call On Me - Ryan Riback Extended Remix,0.0604,0.67,0.838,0.000611,0.159,-4.031,1,0.0362,104.998,4,0.717,2422130,England,78rIJddV4X0HkNAInEcYde
29,Merry Xmas Everybody,0.0199,0.367,0.623,0.000731,0.159,-9.436,1,0.0499,128.268,4,0.511,1112023,England,3iwZ8hg0q1kTBB5kjg0nO4
30,One Dance,0.00784,0.791,0.619,0.00423,0.351,-5.886,1,0.0532,103.989,4,0.371,2441706,England,1xznGGDReH1oQq0xzbwXa3
31,White Christmas,0.673,0.317,0.158,0.353,0.338,-16.485,1,0.0381,130.503,3,0.247,1077674,England,4so0Wek9Ig1p6CRCHuINwW
32,Rockin' Around The Christmas Tree - Single Version,0.706,0.703,0.407,0.0,0.45,-12.155,1,0.0504,140.057,4,0.849,1066321,England,3T7dNA7O8c3Axj5WyDNcH3
33,The Greatest,0.0174,0.639,0.785,0.00107,0.0512,-6.167,0,0.174,191.95,4,0.686,1401827,England,6bLopGnirdrilrpdVB6Um1
34,Happy Xmas (War Is Over) - Remastered 2010,0.318,0.328,0.607,0.0,0.765,-11.076,1,0.0315,146.537,3,0.395,1039049,England,3zJw3rugfpVrmBeDDnUYzy
35,Cold Water (feat. Justin Bieber & MØ),0.0736,0.608,0.798,0.0,0.156,-5.092,0,0.0432,92.943,4,0.501,2274942,England,6DNtNfH8hXkqOX1sjqmI7p
36,Mary's Boy Child / Oh My Lord,0.204,0.776,0.703,0.0,0.336,-10.696,1,0.0427,112.534,4,0.939,1033984,England,6YnzBV7YkaXZNCK3tlnCfg
37,Starving,0.371,0.636,0.633,0.0,0.102,-4.23,1,0.126,99.721,4,0.512,2039692,England,1qOLh0tI7trd1zdDKxYZTe
38,When Christmas Comes Around,0.68,0.604,0.483,0.0,0.103,-7.217,1,0.0414,145.899,4,0.396,1330674,England,3HgmWNk2YBRfh4NSdrCce2
39,Mercy,0.137,0.469,0.68,0.0,0.11,-4.921,0,0.117,147.734,4,0.374,1989333,England,4TZy1wLyHec06pwgFYDh1a
40,Let Me Love You,0.0784,0.476,0.718,1.02e-05,0.122,-5.309,1,0.0576,199.864,4,0.142,2078437,England,4pdPtRcBmOSQDlJ3Fk945m
41,Jingle Bell Rock,0.614,0.741,0.34,0.0,0.0955,-13.421,1,0.0446,119.606,4,0.838,951774,England,1cImYkHOQMFE7AZC9aOk4y
42,Santa Baby (with Henri René & His Orchestra),0.902,0.7,0.139,0.0,0.185,-12.346,1,0.0607,84.485,4,0.49,939901,England,1foCxQtxBweJtZmdxhEHVO
43,Side To Side,0.0408,0.648,0.738,0.0,0.292,-5.883,0,0.247,159.145,4,0.603,1988224,England,4pLwZjInHj3SimIyN9SnOz
44,You Want Me (feat. Sadie Ama),0.157,0.893,0.582,0.00558,0.102,-7.529,1,0.0431,126.044,4,0.459,1958398,England,4xX7OsX8XTGWJgRxNNIaFT
45,Sleigh Ride,0.601,0.526,0.709,1.37e-05,0.327,-9.882,0,0.0333,91.638,4,0.832,915232,England,7wiESxCGoUkRdgZF2JOLZu
46,Lonely This Christmas,0.81,0.551,0.325,0.000112,0.115,-13.507,1,0.0286,98.932,3,0.496,857022,England,0leIhGny91OrU4mjcshsjI
47,Love Me Now,0.591,0.495,0.762,0.0,0.0763,-3.842,1,0.0862,123.893,4,0.708,1786827,England,6nxQdXa1uAL0rY72wPZu89
48,Water Under the Bridge,0.0189,0.596,0.838,1.54e-05,0.108,-6.52,0,0.0704,94.982,4,0.472,1842972,England,4vb4mFvYsr2h6enhjJsq9Y
49,Stop the Cavalry,0.434,0.687,0.496,0.00144,0.0613,-4.708,1,0.0339,97.575,4,0.746,830002,England,095XSaT8I2uI6Uldj2QrSl
50,Love on Me,0.105,0.562,0.906,0.0,0.145,-2.085,1,0.0758,124.146,4,0.674,1743221,England,2MHCiOohBZEQuLgDTPvSzF
51,So Good,0.0938,0.549,0.684,0.0,0.235,-4.875,0,0.0349,147.012,4,0.408,1652076,England,20js7QbHkIuzrgecUTPfl7
52,Christmas (Baby Please Come Home),0.395,0.325,0.759,0.000362,0.0773,-7.146,1,0.053,126.627,4,0.36,803015,England,46pF1zFimM582ss1PrMy68
53,Feliz Navidad,0.534,0.485,0.857,0.0,0.347,-7.059,1,0.0442,148.749,4,0.963,770508,England,7taXf5odg9xCAZERYfyOkS
54,Now and Later,0.273,0.781,0.57,0.0,0.196,-5.874,0,0.188,107.059,4,0.858,766640,England,08WPvDEsHvTFuB9w8tC2OS
55,2000 Miles - 2007 Remaster,0.00292,0.22,0.708,0.0267,0.102,-9.051,1,0.035,66.214,4,0.453,753723,England,5wTM2Bm8phDwHAuOsfBwhU
56,Blue Christmas,0.9,0.465,0.27,0.00104,0.145,-16.661,1,0.0425,94.518,4,0.58,724943,England,3QiAAp20rPC3dcAtKtMaqQ
57,Let It Snow! Let It Snow! Let It Snow! (with The B. Swanson Quartet),0.881,0.603,0.321,0.0,0.34,-11.489,1,0.0599,143.104,4,0.844,717612,England,7inXu0Eaeg02VsM8kHNvzM
58,My Way,0.093,0.818,0.913,3.69e-05,0.161,-3.06,0,0.0426,119.986,4,0.536,1535932,England,1vvNmPOiUuyCbgWmtc6yfm
59,I Believe in Father Christmas,0.198,0.378,0.38,4.22e-06,0.085,-13.459,1,0.0294,113.497,4,0.365,706876,England,3otFFNky9Zk4abwMbvBFNl
60,The Christmas Song (Merry Christmas To You),0.904,0.31,0.095,3.43e-05,0.128,-17.828,1,0.0366,72.76,4,0.188,691943,England,5humEOJehpAwMJEJmb0JJ2
61,After the Afterparty (feat. Lil Yachty),0.121,0.653,0.794,0.0,0.365,-3.828,1,0.0894,93.008,4,0.645,1542950,England,0y8Wf6ltWpGCpgqVa21QNX
62,Santa Baby,0.752,0.675,0.384,0.0,0.167,-7.12,1,0.045,86.953,4,0.415,664743,England,2SBr3MK1sdMs8IxdRcN6qz
63,In the Name of Love,0.0592,0.49,0.485,0.0,0.337,-6.237,0,0.0406,133.889,4,0.196,1421706,England,04DwTuZ2VBdJCCC5TROn7L
64,All We Know,0.097,0.662,0.586,0.00272,0.115,-8.821,1,0.0307,90.0,4,0.296,1334702,England,2rizacJSyD9S1IQUxUxnsK
65,Christmas Lights - Live from Spotify London,0.207,0.295,0.496,0.000396,0.858,-9.478,1,0.0327,132.062,4,0.224,629000,England,4QVdnpSO5JGMFOEl6ys4RQ
66,Carol of the Bells,0.994,0.418,0.106,0.0292,0.179,-22.507,0,0.0448,46.718,4,0.8,610656,England,4tHqQMWSqmL6YjXwsqthDI
67,"Santa Claus Is Comin' to Town - Live at C.W. Post College, Greenvale, NY - December 1975",0.362,0.357,0.668,1.37e-06,0.727,-8.444,1,0.0479,139.986,4,0.407,608446,England,6s2wpWPFPAgKg2LXxi1Oee
68,Treat You Better,0.123,0.624,0.803,0.0,0.114,-4.105,0,0.246,166.018,4,0.821,1375287,England,4Hf7WnR761jpxPr5D46Bcd
69,Stay Another Day,0.6,0.515,0.452,0.00073,0.171,-9.197,1,0.0275,127.801,4,0.456,605912,England,0QIgxEydF4mfYc9qraBzqT
70,Underneath the Tree,0.0013,0.509,0.812,1.99e-05,0.214,-5.438,1,0.0537,159.876,4,0.689,603096,England,3nAp4IvdMPPWEH9uuXFFV5
71,September Song,0.0545,0.623,0.654,0.0,0.0838,-5.675,0,0.0372,95.921,4,0.401,1509121,England,0FuTx2s3YH1ppmtiM6l0zI
72,Deja Vu,0.352,0.657,0.421,0.000218,0.187,-11.378,1,0.412,174.063,4,0.181,1260822,England,6I6NX6tjGsxFAsIfGzY9lJ
73,Don't Let Me Down (feat. Daya),0.16,0.542,0.859,0.00466,0.137,-5.651,1,0.197,159.797,4,0.403,1363864,England,0QsvXIfqM0zZoerQfsI9lm
74,Heathens,0.0841,0.732,0.396,3.58e-05,0.105,-9.348,0,0.0286,90.024,4,0.548,1270634,England,6i0V12jOa3mr6uu4WYhUBr
75,Faith - Remastered,0.0094,0.887,0.48,3.58e-05,0.0662,-11.994,1,0.117,95.846,4,0.607,907267,England,0HEmnAUT8PHznIAAmVXqFJ
76,Too Good,0.0573,0.804,0.648,3.49e-05,0.102,-7.805,1,0.117,117.983,4,0.392,1269989,England,11KJSRSgaDxqydKYiD2Jew
77,Controlla,0.0773,0.607,0.476,0.0,0.113,-11.076,0,0.249,122.976,5,0.347,1271446,England,6F609ICg9Spjrw1epsAnpa
78,Shed a Light,0.112,0.483,0.787,0.0,0.257,-5.244,1,0.102,122.058,4,0.58,1374823,England,1cG0umU5TKStygKsPFZ9pY
79,"CAN'T STOP THE FEELING! (Original Song from DreamWorks Animation's ""TROLLS"")",0.0123,0.667,0.83,0.0,0.191,-5.715,1,0.0749,113.03,4,0.701,1360845,England,6JV2JOEocMgcZxYSZelKcc
80,Bad Things (with Camila Cabello),0.214,0.697,0.691,0.0,0.185,-4.757,1,0.146,137.853,4,0.305,1276022,England,1PSBzsahR2AKwLJgx8ehBj
81,Party Monster,0.189,0.573,0.63,2.31e-05,0.259,-8.389,1,0.105,77.525,4,0.218,1010627,England,4F7A0DXBrmUAkp32uenhZt
82,Have Yourself A Merry Little Christmas,0.954,0.426,0.177,0.0,0.317,-9.429,1,0.0436,133.483,1,0.317,539897,England,7Hz6LLOVxrojLPIHJJ1S0E
83,Santa Tell Me,0.0464,0.464,0.63,0.0,0.295,-7.337,1,0.182,132.96,5,0.527,533469,England,1ADjWm8QNhgNV8yCNNgQ1T
84,Oh Lord,0.0217,0.273,0.794,0.0,0.0616,-6.644,0,0.0675,95.902,4,0.377,1046762,England,1sTUEdVO85YU8Ymk2jeAls
85,Love$ick (feat. A$AP Rocky),0.141,0.672,0.764,0.00358,0.185,-5.109,0,0.142,88.867,4,0.763,516578,England,7Kq16WtEJzdRSNQgdXsn7Y
86,Holly Jolly Christmas,0.865,0.647,0.465,0.0,0.0882,-8.308,1,0.0428,151.251,4,0.699,516541,England,6tjituizSxwSmBB5vtgHZE
87,Mistletoe,0.511,0.666,0.543,0.0,0.0911,-9.188,0,0.0446,161.947,4,0.881,510739,England,32OWobmyAz8J2qA8iWekyS
88,No Lie,0.0437,0.741,0.891,0.0,0.256,-2.824,1,0.119,102.002,4,0.449,1106300,England,3cFsmM51N5zMAuu1nNY4Tw
89,All I Want for Christmas Is You,0.42,0.503,0.465,0.0,0.101,-8.077,0,0.0274,141.793,4,0.143,508192,England,0xPaZrF25ltzvz1a2Pm5DQ
90,The Christmas Song (Chestnuts Roasting On an Open Fire),0.807,0.233,0.104,0.0,0.157,-22.074,1,0.0368,79.832,4,0.351,500724,England,6pyIRpxFSGo6iYIwRtj4xG
91,White Christmas (with Shania Twain),0.469,0.628,0.484,1.23e-05,0.126,-7.588,1,0.0319,63.476,4,0.642,496587,England,2gbCG4Rt9984UZ7Tc0dIFd
92,Careless Whisper,0.232,0.583,0.545,0.0,0.133,-11.698,0,0.0351,153.249,4,0.801,820000,England,2R7858bg0GHuBBxjTyOL7N
93,When a Child Is Born (Soleado) (feat. Johnny Mathis),0.754,0.276,0.351,0.00054,0.0992,-11.563,1,0.0317,127.875,4,0.153,481892,England,6qPI3aH7jpx8dQ6UwQ2dX4
94,It's Beginning to Look a Lot Like Christmas (with Mitchell Ayres & His Orchestra),0.76,0.724,0.276,0.0,0.116,-12.25,1,0.0599,112.874,4,0.718,475570,England,6IeK3Ap5m3HabwJxgI6eSE
95,8 Days of Christmas,0.0501,0.687,0.843,0.0,0.0604,-1.18,0,0.194,99.789,4,0.638,474461,England,3WrG9BpOPQWUus3FjA1Tny
96,Little Saint Nick - 1991 Remix,0.108,0.602,0.553,0.0,0.0512,-9.336,1,0.0328,130.594,4,0.971,472598,England,5xlS0QkVrSH7ssEbBgBzbM
97,Cold December Night,0.00722,0.517,0.702,0.0,0.0896,-6.763,1,0.0247,83.873,4,0.414,471232,England,4FPrAERfkPKOBKrRoyuxLu
98,You Don't Know Me - Radio Edit,0.163,0.876,0.669,0.0,0.185,-6.054,0,0.138,124.007,4,0.682,1468811,England,00lNx0OcTJrS3MKHcB80HY
99,Santa Claus Is Coming to Town,0.785,0.594,0.389,0.0,0.0313,-7.109,1,0.0517,122.331,4,0.396,467983,England,5Ber68jZ7ytegr2UISEdb7
100,Run Rudolph Run - Single Version,0.812,0.681,0.715,9.43e-06,0.0777,-10.609,0,0.0912,152.132,4,0.957,461966,England,2pnPe4pJtq7689i5ydzvJJ
101,Baby It's Cold Outside (duet with Michael Bublé),0.647,0.553,0.476,0.0,0.281,-8.869,1,0.0649,113.401,3,0.558,460403,England,0Ie5uiv54KgCr7P4sYDTHl
102,Dancing On My Own,0.851,0.608,0.174,1.92e-05,0.0855,-8.796,1,0.0332,112.175,4,0.193,942503,England,02WacdrRpm4zlP8H7X6bnQ
103,Frosty the Snowman,0.228,0.382,0.879,0.0,0.408,-7.584,1,0.0642,143.741,4,0.559,443755,England,7n5m8nDAnyXo81tr4B3Bcw
104,Sorry,0.0797,0.654,0.76,0.0,0.299,-3.669,0,0.045,99.945,4,0.41,1011753,England,69bp2EbF7Q2rqc5N3ylezZ
105,Somewhere Only We Know,0.934,0.313,0.286,0.0451,0.0974,-10.593,1,0.0324,80.925,4,0.287,436884,England,6MuPXPhS3MtWt9YTrQwqqC
106,Mr. Brightside,0.00101,0.356,0.924,0.0,0.0953,-3.74,1,0.0808,148.017,4,0.232,1052647,England,7oK9VyNzrYvRFo7nQEYkWN
107,In Dulce Jubilo,0.379,0.362,0.336,0.0411,0.472,-11.237,1,0.039,118.784,4,0.934,430541,England,1liqdLIh1T4I3qpEOlRZ4k
108,Trust Nobody (feat. Selena Gomez & Tory Lanez),0.494,0.42,0.636,0.0,0.122,-7.216,1,0.22,156.104,5,0.784,877541,England,2wDjpPW3HZdA9quPPmZAMu
109,I Took A Pill In Ibiza - Seeb Remix,0.0353,0.663,0.713,7.68e-06,0.0843,-6.647,0,0.112,101.965,4,0.69,935421,England,17Fd6Yb7mSbinKG8LoWfFl
110,Jingle Bells (feat. The Puppini Sisters),0.634,0.702,0.588,0.0,0.198,-5.914,1,0.0563,122.945,3,0.849,421787,England,4qBejt9FeqLI9blHI1Nq1x
111,Oops,0.42,0.611,0.653,0.0,0.165,-4.183,0,0.17,210.002,4,0.92,1080306,England,37xcWhVKQ99uuiA5Y4yapi
112,Love Yourself,0.835,0.609,0.378,0.0,0.28,-9.828,1,0.438,100.418,4,0.515,880532,England,3hB5DgAiMAQ4DzYbsMq1IT
113,Jingle Bell Rock - Daryl's Version,0.613,0.666,0.841,0.0,0.113,-3.592,1,0.0312,128.706,4,0.84,414825,England,6pVW5LRWgeLaHudxauOTJU
114,This Is What You Came For (feat. Rihanna),0.199,0.631,0.927,0.119,0.148,-2.787,0,0.0332,123.962,4,0.465,1145949,England,0azC730Exh71aQlOt9Zj3y
115,Christmas Lights,0.131,0.312,0.418,0.000679,0.0836,-9.146,1,0.0296,130.795,4,0.237,404005,England,4fzyvSu73BhGvi96p2zwjL
116,Christmas (Baby Please Come Home),0.000942,0.495,0.793,8.29e-06,0.0791,-5.696,1,0.03,125.998,4,0.672,402600,England,66WPXyhXqMlkM1kZhyEXWK
117,Walking in the Air,0.842,0.142,0.185,0.00597,0.07,-14.487,0,0.0365,66.797,3,0.0857,394666,England,6ZJh9aWWT8dQK6xHfgxwey
118,Find Me,0.064,0.572,0.797,0.0,0.105,-3.995,0,0.0483,135.006,4,0.252,807598,England,2Wr970IfovsSGnfkE08iMF
119,Blow Your Mind (Mwah),0.0188,0.654,0.796,0.0,0.0948,-4.761,0,0.122,108.854,4,0.491,806486,England,2eAAEa8pxKF7My0EO4rFgR
120,Perfect Strangers,0.35,0.739,0.833,0.0,0.266,-5.012,1,0.0463,117.99,4,0.699,392878,England,5bZtRlMBU76vHuDOb1GM5u
121,"How Far I'll Go - From ""Moana""",0.157,0.314,0.555,0.000108,0.067,-9.601,1,0.37,179.666,4,0.159,888860,England,5hYTyyh2odQKphUbMqc5gN
122,Mistletoe and Wine,0.688,0.498,0.432,0.0,0.136,-14.386,1,0.0345,135.015,3,0.365,389068,England,3AgiRs3oxc2dFh0CPUHXJs
123,"Sucker for Pain (with Wiz Khalifa, Imagine Dragons, Logic & Ty Dolla $ign feat. X Ambassadors)",0.255,0.502,0.786,0.0,0.65,-4.378,0,0.317,169.021,4,0.739,764092,England,4dASQiO1Eoo3RJvt74FtXB
124,Let It Snow! Let It Snow! Let It Snow!,0.912,0.451,0.24,2.45e-06,0.175,-14.014,1,0.0351,134.009,4,0.701,379377,England,2uFaJJtFpPDc5Pa95XzTvg
125,Have Yourself a Merry Little Christmas,0.871,0.244,0.274,1.18e-05,0.0897,-10.433,1,0.04,68.534,4,0.164,378460,England,0iV9yfj1knFNOSEiuTHZwl
126,7 Years,0.29,0.742,0.479,0.0,0.391,-5.83,1,0.0551,119.951,4,0.346,804838,England,7129iqBafaphfc3WPCGC0L
127,One More Sleep,0.464,0.638,0.813,0.0,0.344,-3.849,1,0.0362,112.986,4,0.754,374932,England,78pn8k7RogKo2oxl0DyX6d
128,Santa Claus Is Coming To Town,0.271,0.682,0.577,0.000786,0.0796,-11.309,1,0.0352,147.331,4,0.943,374638,England,6a1hzBiTkgqTsDA0Xgfh9z
129,Have Yourself A Merry Little Christmas - Remastered,0.913,0.262,0.137,6.74e-06,0.267,-15.235,1,0.0344,92.183,3,0.288,373022,England,2FPfeYlrbSBR8PwCU0zaqq
130,Everglow,0.968,0.425,0.257,0.0181,0.115,-8.467,1,0.0321,144.479,4,0.341,765375,England,6aG68QSwv0hgNTq90I2GOE
131,Work from Home (feat. Ty Dolla $ign),0.103,0.803,0.585,3.94e-06,0.0644,-5.861,1,0.0432,105.017,4,0.593,918756,England,4tCtwWceOPWzenK2HAIJSb
132,Happy Xmas (War Is Over),0.477,0.351,0.604,0.0,0.311,-5.256,1,0.0293,172.075,4,0.168,368500,England,1wur1SW656paPv7EyTqWu4
133,Rockin’,0.0133,0.738,0.885,0.0,0.0821,-5.547,0,0.206,112.878,4,0.752,612804,England,36YCdzT57us0LhDmCYtrNE
134,Have Yourself a Merry Little Christmas,0.602,0.275,0.276,0.00167,0.121,-11.395,1,0.0321,68.764,3,0.195,364157,England,1DnSNqCQM3LUxqFuXt184Q
135,Light It Up (feat. Nyla & Fuse ODG) - Remix,0.0375,0.746,0.877,0.000833,0.233,-3.782,0,0.0666,107.985,4,0.751,798075,England,0L7loeTIg6akW84aEQZpCT
136,Redbone,0.172,0.745,0.356,0.00943,0.123,-10.425,1,0.0941,160.033,4,0.607,766137,England,3kxfsdsCpFgN412fpnW85Y
137,Freedom! '90,0.153,0.673,0.813,2.87e-05,0.0547,-10.966,1,0.0445,91.786,4,0.896,586753,England,1D6nV9TPfMnWm7UdVsDVfI
138,Baby It's Cold Outside,0.929,0.768,0.0797,0.0,0.125,-13.645,1,0.0563,113.261,4,0.607,361910,England,3Nx6iu7XpzWL1QMPRJKzqL
139,Bad and Boujee (feat. Lil Uzi Vert),0.061,0.927,0.665,0.0,0.123,-5.313,1,0.244,127.076,4,0.175,875901,England,4Km5HrUvYTaSUfiSGPJeQR
140,Scars To Your Beautiful,0.0285,0.573,0.739,0.0,0.111,-5.74,1,0.129,97.085,4,0.451,744401,England,0prNGof3XqfTvNDxHonvdK
141,Should've Been Me,0.0174,0.579,0.808,0.0,0.284,-5.414,1,0.182,183.92,4,0.679,765486,England,4aiLpwwZw5Ek9KkBMnt6Zu
142,Lock Doh,0.185,0.882,0.64,0.000866,0.111,-5.78,1,0.0746,92.505,4,0.67,355519,England,6dh1aHKIyvpcOHEPWokza3
143,Wake Me Up Before You Go-Go,0.271,0.62,0.573,0.0,0.0607,-11.893,1,0.0423,81.548,4,0.897,587073,England,0ikz6tENMONtK6qGkOrU3c
144,This Girl (Kungs Vs. Cookin' On 3 Burners),0.08,0.793,0.729,3.1e-05,0.317,-4.77,0,0.0394,121.972,4,0.488,773407,England,0tICYNayWWhH9GPeFrfjfD
145,Ain't My Fault,0.00778,0.576,0.782,0.0,0.285,-4.825,0,0.0296,141.153,4,0.355,712602,England,0ADG9OgdVTL7fgREP75BrZ
146,Cheap Thrills,0.0472,0.628,0.698,0.00143,0.0907,-5.608,0,0.105,89.976,4,0.732,868934,England,27SdWb2rFzO6GWiYDBTD9j
147,A Spaceman Came Travelling,0.68,0.339,0.218,0.000374,0.0871,-15.88,0,0.0356,99.77,4,0.0691,347705,England,0g02kBdq3iWI4HNArqEgBe
148,Make Me (Cry),0.592,0.588,0.471,0.00146,0.0733,-7.287,1,0.0577,152.881,4,0.209,729907,England,2BrzlUj1u1CtvaJDGIKpsP
149,Miss You,0.104,0.88,0.605,0.00488,0.106,-7.639,0,0.0531,120.017,4,0.626,738757,England,7of1slAJIWrXxP8ikAHxje
150,Here Comes Santa Claus,0.613,0.509,0.885,1.92e-06,0.275,-8.423,1,0.0335,81.56,4,0.605,345184,England,2TRgbDqnr0tG5fbDsYOIcc
151,Rockin' Robin,0.24,0.622,0.721,7.88e-05,0.271,-8.224,1,0.0983,173.395,4,0.968,340022,England,63gcHyuhAC8G2C0bVQUOJI
152,Into You,0.0161,0.636,0.727,1.12e-06,0.151,-5.852,1,0.106,107.988,4,0.358,783731,England,7yHEDfrJNd0zWOfXwydNH0
153,Stressed Out,0.0462,0.734,0.637,2.29e-05,0.0602,-5.677,0,0.141,169.977,4,0.648,720555,England,3CRDbSIZ4r5MsZ0YwxuEkn
154,Stitches,0.0152,0.746,0.754,0.0,0.0486,-6.681,1,0.067,149.882,4,0.764,705570,England,1WP1r7fuvRqZRnUaTi2I1Q
155,Winter Wonderland,0.833,0.452,0.366,0.0,0.0789,-14.152,0,0.0415,114.993,4,0.629,332966,England,4ricyQVd20UQde1jpXCSuJ
156,Work,0.0752,0.725,0.534,0.0,0.0919,-6.238,1,0.0946,91.974,4,0.558,741014,England,14WWzenpaEgQZlqPq2nk4v
157,Christmas Wrapping,0.125,0.738,0.803,0.0,0.068,-7.619,1,0.0886,115.557,4,0.839,331449,England,4aYEesIDVDyZqg88cmAbnJ
158,Santa Baby,0.835,0.641,0.0964,2.95e-05,0.11,-12.995,0,0.0399,76.273,4,0.357,331395,England,6DwnAl6l63e83dDgIzY8P4
159,"i hate u, i love u (feat. olivia o'brien)",0.687,0.492,0.275,0.0,0.101,-13.4,0,0.3,92.6,4,0.18,710441,England,7vRriwrloYVaoAe3a9wJHe
160,Broccoli (feat. Lil Yachty),0.236,0.886,0.525,0.0,0.057,-7.39,1,0.131,145.99,4,0.708,677617,England,7yyRTcZmCiyzzJlNzGC9Ol
161,That's My Girl,0.0358,0.596,0.851,3.19e-05,0.365,-4.245,0,0.121,202.049,4,0.612,668477,England,2ACOWPLUe4A4KuQ5ioD2od
162,Deck The Halls,0.66,0.638,0.409,0.0,0.0643,-9.882,1,0.0385,107.216,4,0.968,326279,England,0yOLhQVpava7cJhVDbCvSh
163,Alarm,0.0812,0.756,0.589,0.0,0.176,-5.093,1,0.232,146.928,4,0.811,713720,England,0OwX5aROoW1Iip8FV51Efg
164,Cake By The Ocean,0.156,0.774,0.764,0.0,0.0383,-5.445,0,0.0518,118.997,4,0.912,716573,England,2aFiaMXmWsM3Vj72F9ksBl
165,Juju on That Beat (TZ Anthem),0.00381,0.807,0.887,0.0,0.391,-3.892,1,0.275,160.517,4,0.78,595513,England,1lItf5ZXJc1by9SbPeljFd
166,My Only Wish (This Year),0.171,0.665,0.844,0.0,0.225,-3.777,1,0.0273,147.073,4,0.665,321640,England,7aiVBCp1ibIWE5GeHkbtxr
167,We Don't Talk Anymore (feat. Selena Gomez),0.621,0.728,0.563,0.0,0.179,-8.053,0,0.134,100.017,4,0.352,670276,England,68EMU2RD1ECNeOeJ5qAXCV
168,Lush Life,0.132,0.694,0.712,0.0,0.211,-3.923,0,0.046,98.023,4,0.799,749260,England,1rIKgCH4H52lrvDcz50hS8
169,Hello,0.336,0.481,0.451,0.0,0.0872,-6.095,0,0.0347,157.966,4,0.289,690743,England,4sPmO7WMQUAf45kwMOtONw
170,Would I Lie to You,0.00712,0.58,0.905,0.000106,0.203,-3.719,0,0.0352,122.953,4,0.407,741957,England,6Zp0OnaLtS9AjtK1jeC930
171,Sidewalks,0.147,0.542,0.72,0.0,0.348,-5.136,0,0.0628,149.828,4,0.623,615979,England,4h90qkbnW1Qq6pBhoPvwko
172,"Baby, It's Cold Outside (feat. Darren Criss)",0.616,0.52,0.27,0.0,0.109,-9.806,1,0.0299,110.789,4,0.509,314895,England,5ud4C9PMcwOUnkk4AVE25V
173,Christmas Day,0.266,0.664,0.518,3.08e-05,0.0762,-9.947,1,0.0335,80.969,4,0.33,310194,England,1DGYmHLYkwyCmvDEL3ctti
174,What Christmas Means To Me,0.244,0.478,0.542,0.0,0.0839,-10.135,1,0.0367,167.486,4,0.821,310126,England,2qoZNAP3JLyIOtbsPtBjvV
175,Panda,0.028,0.576,0.766,1.68e-06,0.366,-4.943,0,0.449,144.833,4,0.236,650886,England,5OOkp4U9P9oL23maHFHL1h
176,Needed Me,0.11,0.671,0.314,0.0,0.0825,-8.091,0,0.244,110.898,4,0.296,651221,England,1Tt4sE4pXi57mTD1GCzsqm
177,What Do You Mean?,0.59,0.845,0.567,0.00142,0.0811,-8.118,0,0.0956,125.02,4,0.793,647597,England,3pzjHKrQSvXGHQ98dx18HI
178,I Saw Mommy Kissing Santa Claus,0.356,0.574,0.603,1.51e-05,0.792,-11.652,1,0.0592,129.204,4,0.653,300627,England,3lkYS3iMpWMVpaJ0yJAFrJ
179,Adventure of a Lifetime,0.00205,0.638,0.924,0.000175,0.149,-3.887,1,0.036,111.995,4,0.53,643262,England,69uxyAqqPIsUyTO8txoP2M
180,Send My Love (To Your New Lover),0.0415,0.69,0.524,3.16e-06,0.17,-8.39,0,0.103,164.023,4,0.562,657742,England,4BHzQ9C00ceJxfG16AlNWb
181,Please Come Home for Christmas,0.75,0.611,0.352,0.0,0.113,-9.777,1,0.0236,99.971,4,0.138,296336,England,2mOtx6P21hecOcPoVuZbzF
182,Christmas In Hollis,0.00463,0.819,0.702,0.000207,0.101,-6.129,0,0.251,95.094,4,0.573,295431,England,41onDks2UPbyjer5fMeUWf
183,Girls Like (feat. Zara Larsson),0.386,0.916,0.815,6.34e-06,0.0765,-3.418,1,0.0495,120.032,4,0.577,669611,England,5BOZ4skcMubA0R6RD4zf64
184,Ride,0.00835,0.645,0.713,0.0,0.113,-5.355,1,0.0393,74.989,4,0.566,599641,England,2Z8WuEywRWYTKe1NybPQEW
185,Christmas Time (Don't Let the Bells End),0.00187,0.291,0.921,0.00264,0.506,-2.158,1,0.0707,124.09,3,0.373,289026,England,3YymcLSyCyyNjLCStcaHys
186,Six Feet Under,0.129,0.772,0.504,0.0,0.125,-8.219,0,0.0761,140.035,4,0.244,565610,England,4mU5iXHeLgbR94siF7p1sY
187,Fast Car,0.453,0.459,0.587,0.0,0.307,-6.983,1,0.0785,113.901,4,0.581,680499,England,6OZh916QF8XNunWaP97WEZ
188,Cheap Thrills (feat. Sean Paul),0.0561,0.592,0.8,2.01e-06,0.0775,-4.931,0,0.215,89.972,4,0.728,607767,England,378iszndTZAR4dH8kwsLC6
189,Silent Night,0.959,0.24,0.124,0.0237,0.103,-14.542,1,0.0308,80.986,3,0.113,282167,England,6B14wYcEpWhyDvxWRb9Df8
190,Rudolph the Red Nosed Reindeer,0.758,0.77,0.341,1.11e-06,0.112,-12.457,1,0.0376,89.324,4,0.849,281777,England,3IV8xIrnjv7TdJY6KUmdrD
191,Ignition - Remix,0.061,0.795,0.523,0.0,0.0914,-7.165,1,0.0423,133.024,4,0.855,653964,England,5dNfHmqgr128gMY2tc5CeJ
192,Not In Love,0.171,0.687,0.849,0.000127,0.0627,-4.111,1,0.0421,141.018,4,0.799,591950,England,5Odgb6uCWnL8U3Eb3ijLZj
193,Club Tropicana,0.0294,0.658,0.714,5.7e-05,0.651,-9.247,1,0.0519,117.283,4,0.806,275478,England,6tASfEUyB7lE2r6DLzURji
194,Fresh Eyes,0.562,0.822,0.544,2.4e-05,0.144,-6.797,1,0.0332,122.047,4,0.861,564456,England,4nMlau89VAjmV7agkl7OY3
195,This Christmas,0.292,0.634,0.645,0.0,0.246,-9.2,1,0.0376,93.047,4,0.677,273623,England,7MSYSOobsombc1mbDWFxtD
196,Dominick the Donkey - The Italian Christmas Donkey,0.693,0.784,0.642,0.0,0.15,-7.382,1,0.0507,113.2,4,0.962,272603,England,0X2bzH8VsjbjyxPAu6GMOc
197,Faded,0.0291,0.589,0.651,3.2e-06,0.111,-5.097,1,0.0306,90.011,4,0.166,588265,England,7gHs73wELdeycvS48JfIos
198,Reminder,0.142,0.706,0.505,0.0,0.164,-6.923,1,0.193,160.053,4,0.388,521194,England,37F0uwRSrdzkBiuj0D5UHI
199,All Night,0.00251,0.563,0.775,0.0,0.326,-6.433,1,0.0366,144.945,4,0.458,1394206,England,1yNyoWWWikbLhwIGWjZuDW
200,Now and Later,0.273,0.781,0.57,0.0,0.196,-5.874,0,0.188,107.059,4,0.858,946009,England,43jBqV3j3Xi1g6wO0bhIMd
201,The Greatest (feat. Kendrick Lamar),0.0102,0.668,0.725,0.000479,0.0561,-6.127,1,0.266,191.944,4,0.729,710010,England,7xHWNBFm6ObGEQPaUxHuKO
202,Love$ick,0.126,0.665,0.771,0.00449,0.27,-5.124,0,0.14,88.835,4,0.732,543695,England,5v9N8Rx3QsFvr50cxyQcA3
203,Perfect Strangers,0.372,0.742,0.819,0.0,0.277,-5.307,1,0.0487,117.986,4,0.709,528040,England,1CUVN2kn7mW5FjkqXTR2W1
204,Lock Doh,0.183,0.883,0.637,0.000721,0.111,-5.779,1,0.0756,92.502,4,0.672,429799,England,6OJ5jV3ClJbMgyZj6H5hK0
205,PILLOWTALK,0.117,0.584,0.7,0.0,0.0939,-4.275,1,0.0456,124.944,4,0.438,415155,England,0PDUDa38GO8lMxLCRc4lL1
206,House Work,0.205,0.766,0.948,0.144,0.0481,-5.351,0,0.0634,123.967,4,0.676,395806,England,4Kln4sYiZzemzfdbLXW00G
207,Sex,0.00451,0.51,0.692,0.0,0.138,-5.825,1,0.171,102.42,4,0.209,349565,England,5DA77EqppDmCTWGovd4oTP
208,Fluorescent Adolescent,0.00178,0.646,0.813,2.26e-05,0.144,-5.29,0,0.0288,112.115,4,0.821,336017,England,7e8utCy2JlSB8dRHKi49xM
209,Stronger,0.00728,0.625,0.726,0.0,0.318,-7.731,0,0.155,103.98,4,0.483,333005,England,6C7RJEIUDqKkJRZVWdkfkH
210,Crank It (Woah!) - Radio Edit,0.0881,0.801,0.915,0.000338,0.0806,-6.8,1,0.167,124.977,4,0.808,330119,England,4PXVZqZdzzfqFX39LS52b3
211,Don't Mind,0.0235,0.464,0.771,0.0,0.063,-4.503,1,0.336,158.777,4,0.69,312208,England,27PmvZoffODNFW2p7ehZTQ
212,Let It Go,0.818,0.546,0.311,1.65e-05,0.107,-10.396,1,0.0288,147.464,4,0.246,308922,England,13HVjjWUZFaWilh2QUJKsP
213,Thinking out Loud,0.474,0.781,0.445,0.0,0.184,-6.061,1,0.0295,78.998,4,0.591,307900,England,1Slwb6dOYkBlWal1PGtnNg
214,Naive,0.0759,0.391,0.808,0.0,0.149,-6.209,0,0.0892,100.304,4,0.737,305561,England,7BHPGtpuuWWsvE7cCaMuEU
215,Millionaire (feat. Nelly),0.0936,0.599,0.9,0.0,0.0888,-3.144,1,0.136,100.014,4,0.394,305144,England,3UDXkdQquqCEAJdNAsA1wO
216,On Hold,0.0522,0.723,0.669,0.192,0.109,-6.784,1,0.0348,125.051,4,0.35,302993,England,5CPqOpKSk0QcJ3dGdaWcRB
217,When We Were Young,0.348,0.381,0.594,0.0,0.0925,-5.97,1,0.0486,143.86,4,0.273,301186,England,7IWkJwX9C0J7tHurTD7ViL
218,No Money,0.0282,0.671,0.916,0.00762,0.24,-4.014,0,0.0397,126.01,4,0.803,297399,England,0gb1J5UrTpzaU1s3nupgCd
219,False Alarm,0.00681,0.643,0.732,4.57e-05,0.0606,-6.762,0,0.0294,102.979,4,0.181,297211,England,7gZQfdEQpmwAoPHSbEHzms
220,What You Know,0.000728,0.556,0.763,6.79e-06,0.071,-3.952,0,0.0413,138.986,4,0.814,293166,England,6jrMVRReY24qzCfe1BRrww
221,Photograph,0.607,0.614,0.379,0.000464,0.0986,-10.48,1,0.0476,107.989,4,0.201,292369,England,6fxVffaTuwjgEk5h9QyRjy
222,Seven Nation Army,0.00679,0.753,0.457,0.484,0.311,-7.709,1,0.0767,123.913,4,0.297,284692,England,1jNOi6m3Hn8nLEeHCp5Msr
223,Tilted,0.283,0.872,0.361,0.00262,0.108,-9.88,1,0.0609,100.001,4,0.489,282133,England,0mQnLhHH5WwRc5gtnzLtK6
224,Tears (feat. Louisa Johnson),0.0431,0.605,0.77,0.0,0.159,-3.645,0,0.0446,130.037,4,0.298,280999,England,7py16W5fWYLFFS6BElKAjn
225,Trouble,0.0108,0.594,0.971,0.107,0.11,-3.504,0,0.0452,124.031,4,0.967,276370,England,2pex1RNUgi1FwVUTMnIQ1x
226,Hymn for the Weekend,0.211,0.491,0.693,6.92e-06,0.325,-6.487,0,0.0377,90.027,4,0.412,275537,England,3RiPr603aXAoi4GHyXx0uy
227,Pompeii,0.0755,0.679,0.715,0.0,0.271,-6.383,1,0.0407,127.435,4,0.571,273078,England,3gbBpTdY8lnQwqxNCcf795
228,Jumpman,0.0559,0.852,0.553,0.0,0.332,-7.286,1,0.187,142.079,4,0.656,270815,England,27GmP9AWRs744SzKcpJsTZ
229,The Sound,0.0875,0.646,0.938,6.52e-06,0.447,-4.735,1,0.0754,120.708,4,0.545,269295,England,316r1KLN0bcmpr7TZcMCXT
230,Do I Wanna Know?,0.186,0.548,0.532,0.000263,0.217,-7.596,1,0.0323,85.03,4,0.405,265715,England,3rq5w4bQGigXOfdN30ATJt
231,Let Me Hold You (Turn Me On),0.101,0.68,0.774,0.0,0.113,-3.136,0,0.0697,102.949,4,0.331,265628,England,0lmdsH1MIoLsMymnNpd6HU
232,Say To Me,0.0103,0.769,0.443,0.358,0.106,-10.857,0,0.0711,125.976,4,0.589,264042,England,7K0IjUT3y2wGxqd6u5DrTs
233,When You Love Someone,0.256,0.68,0.446,0.0,0.0515,-6.039,1,0.0281,125.863,4,0.339,262169,England,5fX2oPyLCe5mBKqGDbOWqC
234,Wonderwall - Remastered,0.000452,0.378,0.896,0.0,0.194,-4.066,1,0.0407,174.302,4,0.469,259538,England,5qqabIl2vWzo9ApSC317sa
235,LUV,0.0108,0.539,0.528,0.0,0.117,-8.113,0,0.252,190.169,4,0.252,259068,England,16Ah4QqH4mgYVXqfC4mdSd
236,Piece of Me,0.00565,0.68,0.913,0.0,0.288,-2.343,0,0.0844,121.961,4,0.669,258832,England,1ZQnV7ePl8yXoLjPfhWE5L
237,Party (feat. Usher & Gucci Mane),0.0556,0.762,0.576,0.0,0.0869,-4.951,0,0.0829,142.096,4,0.316,257580,England,05Z7jet4VDNVgNQWcYHnrk
238,Can't Stop,0.0179,0.618,0.938,0.0,0.167,-3.442,1,0.0456,91.455,4,0.875,257188,England,3ZOEytgrvLwQaqXreDs2Jx
239,Wanna Know Remix (feat. Drake),0.0741,0.717,0.507,3.21e-05,0.241,-8.595,0,0.0445,100.017,4,0.198,257169,England,7bPLo5Fv7h15E2fW3g1mVQ
240,Good Grief,0.147,0.73,0.758,0.0,0.311,-4.888,1,0.0653,120.041,4,0.877,256566,England,6IGA5YrFiEr5ANrMqKkR6H
241,Years & Years,0.00539,0.372,0.834,0.0,0.0798,-3.62,1,0.0503,121.974,4,0.191,254222,England,3t1phUY6LrP0Bpd5eNT8Dt
242,Hey Ya!,0.103,0.727,0.974,0.000532,0.174,-2.261,0,0.0664,79.526,4,0.965,252891,England,2PpruBYCo4H7WOBJ7Q2EwM
243,Dancing in the Moonlight,0.0624,0.632,0.856,0.0,0.347,-3.463,1,0.0348,119.397,4,0.867,252490,England,3Fzlg5r1IjhLk2qRw667od
244,Final Song,0.014,0.695,0.672,7.95e-05,0.0756,-6.109,0,0.0345,104.988,4,0.245,252218,England,4qqArAiTPueDxIp7cf87h7
245,Only One - Radio Edit,0.0039,0.626,0.938,0.000452,0.599,-3.005,1,0.0944,124.932,4,0.518,251832,England,5ev0Z2lFzmhjlQCWpRAWiG
246,Is This Love - Remix,0.0242,0.815,0.669,0.0152,0.311,-7.966,0,0.0355,121.984,4,0.317,250268,England,1w5sLDYzYAGI0AkLc6FPlO
247,Sneakin’,0.00496,0.806,0.558,1.45e-06,0.16,-6.538,1,0.172,85.011,4,0.26,248527,England,4ckuS4Nj4FZ7i3Def3Br8W
248,I Got You,0.0504,0.609,0.887,4.76e-06,0.09,-4.749,0,0.0507,97.99,4,0.316,248253,England,1FUViuNSldssMIawrOXF2i
249,Can't Hold Us - feat. Ray Dalton,0.0291,0.641,0.922,0.0,0.0862,-4.457,1,0.0786,146.078,4,0.847,248071,England,3bidbhpOYeV4knp8AIu8Xn
250,"Me, Myself & I",0.0184,0.756,0.674,0.0,0.158,-6.518,0,0.0959,111.995,4,0.389,246247,England,40YcuQysJ0KlGQTeGUosTC
251,Shutdown,0.126,0.656,0.746,0.0,0.508,-4.716,1,0.314,104.044,3,0.824,243660,England,1CireMJYXN8Rw4u1HG5GFZ
252,Middle,0.0199,0.611,0.7,0.0,0.0549,-5.331,1,0.0436,104.981,4,0.213,243433,England,4OZEu0Vwq0RB2LAq14v99n
253,You Don't Know Love,0.000932,0.668,0.661,0.0,0.201,-5.698,0,0.0494,118.696,4,0.372,242666,England,3ZeszLrkylVDyAFS9MLajv
254,This Town,0.71,0.687,0.409,0.0,0.126,-7.751,1,0.0311,111.861,4,0.16,241555,England,5nA67Y0XX9JipZwYxX7Gl7
255,Rooting For You,0.913,0.251,0.254,1.81e-06,0.088,-7.552,1,0.0369,176.602,3,0.17,241147,England,2nAAFnHiXRdWhsqoeqhhnr
256,Chantaje (feat. Maluma),0.187,0.852,0.773,3.05e-05,0.159,-2.921,0,0.0776,102.034,4,0.907,240675,England,6mICuAdrwEjh6Y6lroV2Kg
257,"Lose Yourself - From ""8 Mile"" Soundtrack",0.00868,0.692,0.744,0.000423,0.359,-4.565,1,0.257,171.374,4,0.0612,239264,England,5Z01UMMf7V1o0MzF86s6WJ
258,Never Forget You,0.00312,0.583,0.732,9.86e-06,0.269,-5.728,0,0.0457,145.992,4,0.276,238324,England,6hmhG1b4LEyNuashVvuIAo
259,Pumped Up Kicks,0.145,0.733,0.71,0.115,0.0956,-5.849,0,0.0292,127.975,4,0.965,237722,England,7w87IxuO7BDcJ3YUqCyMTT
260,Re-arrange,0.0601,0.634,0.746,1.51e-05,0.103,-8.574,1,0.0352,134.048,4,0.513,235680,England,3VAvS6hbvz0mjFT1TmLNdd
261,Shut Up and Dance,0.00701,0.578,0.866,0.0,0.257,-3.804,1,0.0619,128.038,4,0.619,235037,England,4kbj5MwxO1bq9wjT5g9HaA
262,Someone Like You,0.892,0.559,0.33,0.0,0.0975,-8.251,1,0.0285,135.109,4,0.285,234056,England,4kflIGfjdZJW4ot2ioixTB
263,Ni**as In Paris,0.0763,0.757,0.882,0.0,0.251,-6.125,1,0.248,140.047,4,0.684,233768,England,2KpCpk6HjXXLb7nnXoXA5O
264,Lot to Learn,0.0948,0.405,0.846,0.0,0.0666,-3.57,1,0.195,82.232,4,0.602,232723,England,3TRFq09DUgYj1mug6RRqJW
265,Somebody Else,0.195,0.61,0.788,0.0142,0.153,-5.724,1,0.0585,101.045,4,0.472,231469,England,5hc71nKsUgtwQ3z52KEKQk
266,Lean On (feat. MØ & DJ Snake),0.00346,0.723,0.809,0.00123,0.565,-3.081,0,0.0625,98.007,4,0.274,230864,England,4WjH9Bzt3kx7z8kl0awxh4
267,Famous,0.0711,0.465,0.735,0.0,0.0975,-3.715,1,0.117,173.935,4,0.409,230490,England,19a3JfW8BQwqHWUMbcqSx8
268,Are You Sure? (feat. Ty Dolla $ign),0.0918,0.685,0.819,7.33e-06,0.0934,-3.748,0,0.0494,104.978,4,0.607,229839,England,0fH86zQcE2CmATQju6WpXv
269,She's So Lovely,0.0622,0.497,0.857,0.0,0.0495,-3.313,1,0.0649,167.142,4,0.619,229669,England,0JpxNq2SYwPt2uSqdcSvyQ
270,Take Me To Church,0.634,0.566,0.664,0.0,0.116,-5.303,0,0.0464,128.945,4,0.437,229477,England,0IqKeD8ZSP72KbGYyzEcAs
271,Say It (feat. Tove Lo),0.0668,0.598,0.532,3.22e-06,0.0617,-6.833,0,0.0295,74.963,4,0.261,229454,England,4sQMalN597HdggTu196aL0
272,Hotter Than Hell,0.011,0.532,0.868,0.0,0.0584,-4.23,0,0.0908,110.127,4,0.529,228920,England,5eTNdkstwKaNahHf41fJ9u
273,I Wanna Dance with Somebody (Who Loves Me),0.207,0.709,0.824,0.000307,0.0888,-8.824,1,0.0453,118.818,4,0.867,227497,England,2tUBqZG2AbRi7Q0BIrVrEj
274,September,0.183,0.693,0.911,0.000107,0.3,-3.691,1,0.0305,125.895,4,0.982,226542,England,1mqlc0vEP9mU1kZgTi6LIQ
275,Chasing Cars,0.209,0.563,0.592,5.08e-05,0.132,-4.571,1,0.0276,104.016,4,0.136,225565,England,11bD1JtSjlIgKgZG2134DZ
276,Neighbors,0.319,0.898,0.283,0.000383,0.11,-12.335,0,0.356,138.97,4,0.469,225010,England,0utlOiJy2weVl9WTkcEWHy
277,Hotline Bling,0.00347,0.903,0.62,0.000119,0.0504,-8.094,1,0.0587,134.96,4,0.539,224944,England,2FBUoWkIuQXwayw2RNo5l6
278,Million Reasons,0.477,0.668,0.449,0.0,0.107,-7.897,1,0.0451,129.889,4,0.154,223799,England,50PWlIBU7PlGGwzgN8TiFJ
279,Gold Digger,0.0192,0.646,0.696,0.0,0.0762,-5.572,0,0.342,92.88,4,0.625,222391,England,5XJJdNPkwmbUwE79gv0NxK
280,Roses (feat. ROZES),0.0361,0.716,0.806,0.00413,0.244,-7.602,1,0.0466,100.033,4,0.347,221944,England,6O6M7pJLABmfBRoGZMu76Y
281,pick up the phone,0.114,0.711,0.739,0.0,0.226,-3.804,0,0.129,136.919,4,0.43,221521,England,20dP2DaMHIAmwWAbp7peSr
282,Versace on the Floor,0.196,0.578,0.574,0.0,0.083,-6.209,1,0.0454,174.152,4,0.301,221033,England,0kN8xEmgMW9mh7UmDYHlJP
283,Secret Love Song (feat. Jason Derulo),0.256,0.539,0.643,0.0,0.29,-3.982,1,0.0479,92.962,4,0.136,216872,England,4JIo8RztBbELr2gWJ5OGK6
284,Setting Fires,0.017,0.626,0.717,0.0,0.261,-5.751,0,0.0375,105.039,4,0.56,214479,England,0B8B8cVRFIG1yznoQe7c9s
285,Alone,0.186,0.676,0.929,0.000405,0.121,-3.194,1,0.0458,97.019,4,0.157,214249,England,0JiVRyTJcJnmlwCZ854K4p
286,The Hills,0.0861,0.356,0.567,0.0,0.137,-7.011,0,0.0798,135.553,5,0.109,213172,England,25khomWgBVamSdKw7hzm3l
287,Uptown Funk (feat. Bruno Mars),0.00801,0.856,0.609,8.15e-05,0.0344,-7.223,1,0.0824,114.988,4,0.928,212237,England,32OlwWuMpZ6b0aN2RZOeMS
288,Caroline,0.303,0.945,0.394,0.0,0.131,-8.571,1,0.492,120.058,4,0.743,211586,England,5GFDrUTLGJix84sNhjCG0g
