,name,acousticness,danceability,energy,instrumentalness,liveness,loudness,mode,speechiness,tempo,time_signature,valence,streams,country,id
0,Squa,0.41,0.945,0.754,1.55e-06,0.0714,-4.878,1,0.0382,117.034,4,0.697,1332765,France,11hj8c8BCRd5ND3CRhZSvt
1,Starboy,0.165,0.681,0.594,3.49e-06,0.134,-7.028,1,0.282,186.054,4,0.535,1290921,France,5aAx2yezTd8zXrkmtKl66Z
2,One Dance,0.00784,0.791,0.619,0.00423,0.351,-5.886,1,0.0532,103.989,4,0.371,1277397,France,1xznGGDReH1oQq0xzbwXa3
3,Saturne,0.557,0.757,0.807,0.0,0.126,-8.471,1,0.501,91.001,4,0.0398,1111025,France,5t9fmZx0pcNxLykKTv6eOe
4,Black Beatles,0.142,0.794,0.632,0.0,0.128,-6.163,1,0.0649,145.926,4,0.355,1057828,France,6fujklziTHa8uoM5OQSfIo
5,Let Me Love You,0.0784,0.476,0.718,1.02e-05,0.122,-5.309,1,0.0576,199.864,4,0.142,1080407,France,4pdPtRcBmOSQDlJ3Fk945m
6,24K Magic,0.034,0.818,0.803,0.0,0.153,-4.282,1,0.0797,106.97,4,0.632,1161551,France,6b8Be6ljOzmkOmFslEb23P
7,Tchoin,0.626,0.787,0.826,1.38e-06,0.209,-5.166,0,0.248,179.974,3,0.813,1021249,France,0ban5QRXUveaKtQPGuaoQ9
8,My Way,0.093,0.818,0.913,3.69e-05,0.161,-3.06,0,0.0426,119.986,4,0.536,1093617,France,1vvNmPOiUuyCbgWmtc6yfm
9,Rockabye (feat. Sean Paul & Anne-Marie),0.406,0.72,0.763,0.0,0.18,-4.068,0,0.0523,101.965,4,0.742,1023751,France,5knuzwU65gJK7IF5yJsuaW
10,Sunset Lover,0.729,0.783,0.467,0.809,0.109,-9.474,1,0.0503,90.838,4,0.236,1012379,France,0hNduWmlWmEmuwEFcYvRu1
11,Onizuka,0.392,0.688,0.569,0.000175,0.12,-7.007,0,0.0375,109.041,4,0.359,954153,France,4GCIYE1x1TWJCChPkpy9by
12,Heathens,0.0841,0.732,0.396,3.58e-05,0.105,-9.348,0,0.0286,90.024,4,0.548,948125,France,6i0V12jOa3mr6uu4WYhUBr
13,Tchikita,0.73,0.95,0.666,2.44e-06,0.0904,-5.139,0,0.0792,110.93,4,0.732,880520,France,6bXd0YhKLCTvlLVc4tErH9
14,I Feel It Coming,0.426,0.773,0.819,0.0,0.0679,-5.946,0,0.118,92.99,4,0.585,952993,France,5GXAXm5YOmYT0kL5jHvYBt
15,DKR,0.632,0.674,0.803,5.32e-05,0.0703,-5.696,0,0.31,101.795,4,0.947,898774,France,1iDQ2zCOU1uYeR8QcpqUZb
16,Ride,0.00835,0.645,0.713,0.0,0.113,-5.355,1,0.0393,74.989,4,0.566,903231,France,2Z8WuEywRWYTKe1NybPQEW
17,Afro Trap Pt. 7 (La puissance),0.0871,0.971,0.796,0.0,0.139,-5.731,0,0.306,120.039,4,0.821,1035626,France,6x8j5V85ZJHtvOSjSamcVc
18,R?alit? augment?e,0.67,0.882,0.66,0.0,0.199,-8.069,1,0.444,98.904,4,0.208,821672,France,5jGuAvPX3Ufo55DIZlCaHq
19,6.45i,0.586,0.477,0.667,2.37e-06,0.099,-7.379,0,0.396,76.013,4,0.292,828823,France,0myHuhA1FkppaClYHRoxX0
20,Humano?de,0.659,0.612,0.59,0.0,0.107,-6.464,0,0.628,82.626,4,0.601,793315,France,6YHNKVx7gSsOX7xq6jaqeq
21,Human,0.393,0.602,0.707,0.0,0.165,-4.097,1,0.302,75.087,4,0.554,911536,France,58zsLZPvfflaiIbNWoA22O
22,Lordly (feat. Alex Aiono),0.078,0.716,0.713,0.0331,0.0563,-6.246,1,0.0365,119.988,4,0.415,866664,France,6c12fBpCtuVIq8OFxT0A3S
23,Naha,0.231,0.609,0.517,3.62e-05,0.0777,-7.557,0,0.0451,120.914,4,0.0761,786779,France,0lkQfsTMmtDA37tjjew9n0
24,All I Want for Christmas Is You,0.164,0.336,0.627,0.0,0.0708,-7.463,1,0.0384,150.273,4,0.35,402113,France,0bYg9bo50gSsH3LtXe2SQn
25,The Greatest,0.0174,0.639,0.785,0.00107,0.0512,-6.167,0,0.174,191.95,4,0.686,541182,France,6bLopGnirdrilrpdVB6Um1
26,Closer,0.414,0.748,0.524,0.0,0.111,-5.599,1,0.0338,95.01,4,0.661,844252,France,7BKLCZ1jbUBVqRi2FVlTVw
27,Don't Wanna Know,0.338,0.783,0.623,0.0,0.0975,-6.126,1,0.08,100.048,4,0.447,821527,France,5MFzQMkrl1FOOng9tq6R9r
28,Avant tu riais,0.425,0.539,0.557,0.0,0.154,-8.288,1,0.458,174.824,3,0.261,716447,France,6AHgVddvpK6wQpifbtInW1
29,Infr?quentables,0.419,0.892,0.489,0.0,0.0777,-6.592,0,0.333,125.094,4,0.383,759998,France,63z6p4gpgnpZprANkpBIHH
30,On m'appelle l'ovni,0.0997,0.857,0.932,1.01e-06,0.0999,-5.304,0,0.0612,145.996,4,0.904,715651,France,5cbyl4wFM4UYnQGoA0dcAk
31,Mercy,0.137,0.469,0.68,0.0,0.11,-4.921,0,0.117,147.734,4,0.374,709396,France,4TZy1wLyHec06pwgFYDh1a
32,Galat?e,0.401,0.709,0.76,0.0,0.123,-6.881,0,0.404,93.962,4,0.704,689325,France,5kkqEHDSAU5S4TgKQN1l9d
33,Aloha,0.211,0.638,0.629,0.000653,0.164,-7.491,0,0.0834,99.973,4,0.337,783269,France,6HViP4DVYa8gQtxLndmhwu
34,Pop Corn,0.0157,0.688,0.833,0.0,0.315,-7.075,0,0.111,114.993,4,0.565,797491,France,6FK7DCwcQWWWG9VAT6ZGvz
35,"i hate u, i love u (feat. olivia o'brien)",0.687,0.492,0.275,0.0,0.101,-13.4,0,0.3,92.6,4,0.18,693795,France,7vRriwrloYVaoAe3a9wJHe
36,Bazard?e,0.336,0.772,0.783,0.0,0.163,-6.257,0,0.0353,103.079,4,0.71,731127,France,2KiHXiqQA2dHiLfeSxtTeP
37,Esquimaux,0.145,0.793,0.741,0.0,0.529,-5.172,1,0.147,139.963,4,0.413,659691,France,2gcZZpnrxbShZPLKiNUVga
38,Cold Water (feat. Justin Bieber & M?),0.0736,0.608,0.798,0.0,0.156,-5.092,0,0.0432,92.943,4,0.501,717059,France,6DNtNfH8hXkqOX1sjqmI7p
39,I Took A Pill In Ibiza - Seeb Remix,0.0353,0.663,0.713,7.68e-06,0.0843,-6.647,0,0.112,101.965,4,0.69,766901,France,17Fd6Yb7mSbinKG8LoWfFl
40,Blow,0.018,0.808,0.725,0.0,0.117,-3.914,1,0.0626,125.952,4,0.186,657482,France,5GhWx7Hzju2oRyhVY6k9QH
41,Oblah,0.0323,0.941,0.876,0.0,0.0846,-4.44,1,0.301,123.984,4,0.636,638070,France,0sqOIwjQoaiEXcSgl8iqsi
42,Last Christmas,0.189,0.735,0.478,2.48e-06,0.355,-12.472,1,0.0293,107.682,4,0.947,325506,France,2FRnf9qhLbvw8fu4IBXx78
43,Tout donner - Pilule violette,0.144,0.75,0.634,0.0047,0.0944,-5.255,0,0.0329,103.951,4,0.406,631473,France,5ASacvNO76BB7Dxtp74qqz
44,Ben?,0.491,0.784,0.7,0.0,0.108,-7.649,0,0.108,82.028,4,0.769,603448,France,00X2yv2vrtritPt2CZnUTZ
45,Dans la l?gende,0.564,0.709,0.597,1.93e-06,0.154,-8.185,1,0.0654,119.975,4,0.315,602117,France,5NZpY9WeWFtlHVgepfCamX
46,Le regard des gens,0.351,0.825,0.65,0.0,0.13,-6.942,1,0.188,110.892,4,0.358,581699,France,0xH4qR6s5TqdzMKRkloBnh
47,Nekketsu,0.562,0.66,0.562,0.0,0.136,-7.436,0,0.789,85.635,4,0.659,579736,France,6J4VvZ3pIit9KgFtUDniwm
48,Treat You Better,0.123,0.624,0.803,0.0,0.114,-4.105,0,0.246,166.018,4,0.821,652791,France,4Hf7WnR761jpxPr5D46Bcd
49,Ain't Your Mama,0.0472,0.757,0.678,9.14e-06,0.0654,-5.529,0,0.233,120.075,4,0.82,656791,France,2hgzdQdnfWwtdpZbhZlV72
50,Sex,0.00451,0.51,0.692,0.0,0.138,-5.825,1,0.171,102.42,4,0.209,661979,France,5DA77EqppDmCTWGovd4oTP
51,Poussi?re,0.794,0.743,0.533,0.0,0.109,-6.267,0,0.173,137.338,5,0.648,557194,France,4RhPtvcQqowlT2HSc00LxY
52,The Ocean (feat. Shy Martin),0.0225,0.632,0.575,1.81e-06,0.104,-6.478,1,0.029,90.037,4,0.188,688277,France,2CPqh63wRVscbceKcPxwvv
53,Lush Life,0.132,0.694,0.712,0.0,0.211,-3.923,0,0.046,98.023,4,0.799,654366,France,1rIKgCH4H52lrvDcz50hS8
54,Work from Home (feat. Ty Dolla $ign),0.103,0.803,0.585,3.94e-06,0.0644,-5.861,1,0.0432,105.017,4,0.593,650367,France,4tCtwWceOPWzenK2HAIJSb
55,Perfect Strangers,0.35,0.739,0.833,0.0,0.266,-5.012,1,0.0463,117.99,4,0.699,281024,France,5bZtRlMBU76vHuDOb1GM5u
56,Elle et l'autre,0.14,0.794,0.854,0.000161,0.0943,-6.487,0,0.0781,144.809,4,0.789,537508,France,783vFwxaUzpGYAOEcGok9w
57,Love Me Now,0.591,0.495,0.762,0.0,0.0763,-3.842,1,0.0862,123.893,4,0.708,568059,France,6nxQdXa1uAL0rY72wPZu89
58,Heal Tomorrow,0.0346,0.719,0.734,5.27e-06,0.0859,-5.328,0,0.0305,119.982,4,0.323,641755,France,4J6xvZhJh26lmAEAXGDCKu
59,Hundred Miles,0.025,0.479,0.714,0.0153,0.206,-3.776,0,0.109,98.23,4,0.49,569599,France,5dyDkXi1bnQKSyIdO0JXp8
60,Say You Won't Let Go,0.695,0.358,0.557,0.0,0.0902,-7.398,1,0.059,85.043,4,0.494,578630,France,5uCax9HTNlzGybIStD3vDh
61,In the Name of Love,0.0592,0.49,0.485,0.0,0.337,-6.237,0,0.0406,133.889,4,0.196,610809,France,04DwTuZ2VBdJCCC5TROn7L
62,All We Know,0.097,0.662,0.586,0.00272,0.115,-8.821,1,0.0307,90.0,4,0.296,588151,France,2rizacJSyD9S1IQUxUxnsK
63,Cheap Thrills,0.0472,0.628,0.698,0.00143,0.0907,-5.608,0,0.105,89.976,4,0.732,646696,France,27SdWb2rFzO6GWiYDBTD9j
64,Call On Me - Ryan Riback Extended Remix,0.0604,0.67,0.838,0.000611,0.159,-4.031,1,0.0362,104.998,4,0.717,593811,France,78rIJddV4X0HkNAInEcYde
65,O.D,0.516,0.695,0.649,3.44e-06,0.22,-6.064,1,0.252,154.046,4,0.611,489195,France,1ka8yYr5OnUrh0k59d7Gfd
66,We Don't Talk Anymore (feat. Selena Gomez),0.621,0.728,0.563,0.0,0.179,-8.053,0,0.134,100.017,4,0.352,524174,France,68EMU2RD1ECNeOeJ5qAXCV
67,Fast Car,0.453,0.459,0.587,0.0,0.307,-6.983,1,0.0785,113.901,4,0.581,540309,France,6OZh916QF8XNunWaP97WEZ
68,Halcyon Birds,0.194,0.724,0.652,0.0119,0.256,-9.385,1,0.0363,120.004,4,0.723,503864,France,1WC2ctyzNjpgkhF0dplias
69,Nador,0.0205,0.774,0.668,1.42e-05,0.0629,-5.948,1,0.0466,110.065,4,0.321,468774,France,4jgTc6njkNCMonjSUBz89V
70,Lost on You,0.1,0.433,0.724,0.0,0.0918,-6.126,0,0.0372,174.006,4,0.689,481332,France,3SqvR3HYLlCTYzbDXJ52OC
71,DA,0.325,0.715,0.682,4.2e-06,0.0928,-7.714,1,0.1,103.037,4,0.136,470752,France,5UOGzIMvxXyRZIWBbqDcpU
72,Mon Everest (feat. Marina Kaye),0.206,0.731,0.666,0.0,0.12,-5.184,0,0.0401,119.929,4,0.144,456211,France,6iwkDhmdFfXu9RpjXrgFhz
73,Besoin de sens,0.282,0.799,0.525,0.0,0.0892,-6.448,1,0.354,139.999,4,0.0608,449548,France,1hVEHazr1EDumcrGlEU5XF
74,Hymn for the Weekend - Seeb Remix,0.00868,0.564,0.849,4.68e-06,0.12,-3.516,0,0.0517,102.028,4,0.427,546325,France,1OAiWI2oPmglaOiv9fdioU
75,C'est le son de la gratte,0.102,0.905,0.629,0.0,0.117,-4.971,0,0.198,133.113,4,0.914,434300,France,2E681kTbT2vG47YqQJSQgw
76,Andale (feat. Gradur),0.321,0.795,0.663,0.0,0.129,-6.263,0,0.218,102.05,4,0.464,463698,France,3zLMWD22TUiKZ3L6FPjiCL
77,Dis-moi que tu m'aimes,0.451,0.863,0.52,0.0,0.149,-6.047,0,0.366,107.032,4,0.516,455434,France,0u6HzAVFUBiKslzPF9G9vd
78,Final Song,0.014,0.695,0.672,7.95e-05,0.0756,-6.109,0,0.0345,104.988,4,0.245,560258,France,4qqArAiTPueDxIp7cf87h7
79,Programm?,0.115,0.88,0.624,0.0,0.0881,-8.833,0,0.462,134.331,4,0.333,419972,France,69eH18SnGxcVSFuQJCBGBY
80,Panda,0.028,0.576,0.766,1.68e-06,0.366,-4.943,0,0.449,144.833,4,0.236,490152,France,5OOkp4U9P9oL23maHFHL1h
81,Vinyle,0.495,0.618,0.867,0.0,0.302,-4.583,0,0.343,89.389,4,0.89,413645,France,3Y9l5dKsuaipDSnPsHzogk
82,"CAN'T STOP THE FEELING! (Original Song from DreamWorks Animation's ""TROLLS"")",0.0123,0.667,0.83,0.0,0.191,-5.715,1,0.0749,113.03,4,0.701,567392,France,6JV2JOEocMgcZxYSZelKcc
83,Boyz N The Hood,0.714,0.772,0.614,0.0,0.227,-7.158,1,0.218,120.032,4,0.714,412528,France,5zCO1EU3KpM2tsFaZdu9vq
84,Je m'en vais,0.715,0.635,0.469,5.02e-06,0.133,-8.851,0,0.0428,146.995,4,0.281,429377,France,2Vd1vVQaBilW0O6nmU5BkH
85,Don't Let Me Down (feat. Daya),0.16,0.542,0.859,0.00466,0.137,-5.651,1,0.197,159.797,4,0.403,434244,France,0QsvXIfqM0zZoerQfsI9lm
86,Starving,0.371,0.636,0.633,0.0,0.102,-4.23,1,0.126,99.721,4,0.512,414534,France,1qOLh0tI7trd1zdDKxYZTe
87,A Kele Nta,0.576,0.759,0.795,0.0,0.131,-7.508,0,0.203,120.215,4,0.934,436658,France,0v9yrgq9lNv5RJ3NPkCxmg
88,Cellophan?,0.23,0.761,0.667,0.0,0.121,-5.402,1,0.232,180.049,4,0.591,424423,France,2sOrroHqKbYFP2MfHxhQMc
89,Je m'en fous de ta nana,0.227,0.952,0.75,0.0,0.126,-6.932,1,0.0797,131.991,4,0.669,384139,France,3IpVpvmYy0a2sXdDIdkAZA
90,Jusqu'au dernier gramme,0.542,0.762,0.6,0.0,0.0841,-7.585,0,0.0909,115.908,4,0.39,402306,France,2jBleFNl3YK8lyJc1OvxXt
91,Commando,0.0252,0.889,0.72,2.86e-05,0.122,-4.442,0,0.155,140.042,4,0.232,397710,France,0a5ClTPUJK0hYyXH0emy63
92,Qui a dit ?,0.0973,0.926,0.742,1.16e-05,0.1,-5.159,0,0.0903,132.046,4,0.748,387860,France,2JJrn7v7lzYluRyu10qVAP
93,Silver,0.0395,0.757,0.545,0.0551,0.111,-8.136,0,0.0376,96.008,4,0.184,399049,France,3BMcY4M9KsjoQk3FiNU7Er
94,Stressed Out,0.0462,0.734,0.637,2.29e-05,0.0602,-5.677,0,0.141,169.977,4,0.648,390735,France,3CRDbSIZ4r5MsZ0YwxuEkn
95,Light It Up (feat. Nyla & Fuse ODG) - Remix,0.0375,0.746,0.877,0.000833,0.233,-3.782,0,0.0666,107.985,4,0.751,466750,France,0L7loeTIg6akW84aEQZpCT
96,Fake Love,0.105,0.928,0.481,0.0,0.176,-9.35,0,0.287,134.007,4,0.613,392763,France,343YBumqHu19cGoGARUTsd
97,Capsize,0.0398,0.683,0.708,0.155,0.686,-6.244,0,0.0305,92.991,4,0.355,408605,France,2XMTqoHHSH0lvuXrvIEdco
98,"I Donft Wanna Live Forever (Fifty Shades Darker) - From ""Fifty Shades Darker (Original Motion Picture Soundtrack)""",0.0631,0.735,0.451,1.3e-05,0.325,-8.374,1,0.0585,117.973,4,0.0862,384655,France,3NdDpSvN911VPGivFlV5d0
99,J'suis QLF,0.131,0.734,0.425,1.71e-05,0.0726,-9.773,1,0.0635,114.969,4,0.235,364528,France,2lFWyfuXtCN8Sb7cHJILva
100,Please Don't Go,0.0118,0.513,0.768,1.94e-05,0.294,-4.868,0,0.0587,84.264,4,0.235,393738,France,3cNjgVBKTJ1SvKhunrCdVy
101,Paris c'est loin,0.404,0.809,0.641,3.76e-06,0.0859,-7.743,0,0.196,136.932,4,0.54,366734,France,3fHXUNVKNZQ4WaUGLwWxHP
102,Skurt Cobain,0.175,0.792,0.63,0.0,0.1,-7.042,1,0.104,127.033,4,0.217,367873,France,4S1ZmpEshXG3S0OLdodb1W
103,E.T.,0.145,0.814,0.771,0.0,0.0806,-4.753,0,0.166,128.964,4,0.707,339943,France,3N72BJfWdFQueMXe7BO5BU
104,Thibaut Courtois,0.497,0.662,0.723,0.0,0.165,-5.531,0,0.292,134.033,4,0.412,372219,France,5s3SBzT4zEYEITfzMoAyPm
105,En feu,0.0721,0.588,0.945,0.0,0.25,-2.72,1,0.351,139.75,4,0.557,349506,France,5rg6jVjcRlnifV86hAA6ro
106,Binta,0.101,0.82,0.761,0.0,0.0839,-5.754,1,0.27,115.977,4,0.762,349922,France,5ursdjmzI73WAw0OPZx3qC
107,Ophelia,0.605,0.667,0.58,0.000231,0.0849,-6.412,1,0.0286,76.241,4,0.579,362151,France,7bTwYGhBdSQ8vuXc76Xint
108,This Is What You Came For (feat. Rihanna),0.199,0.631,0.927,0.119,0.148,-2.787,0,0.0332,123.962,4,0.465,419127,France,0azC730Exh71aQlOt9Zj3y
109,Cool Girl,0.335,0.671,0.71,4.76e-06,0.074,-6.997,0,0.109,102.022,4,0.233,169121,France,5dKyZWlgjWw1oJgLa4GCZD
110,Blended Family (What You Do For Love) (feat. A$AP Rocky),0.0658,0.721,0.518,0.000113,0.069,-7.619,1,0.0719,96.988,4,0.231,364016,France,5FOAptZGxeMAO0BJSQh2fc
111,C'est ?a,0.227,0.838,0.621,0.0,0.0939,-6.711,0,0.172,124.001,4,0.501,309195,France,1LfqARI0SU12ZCAU9xv3Iv
112,Chantaje (feat. Maluma),0.187,0.852,0.773,3.05e-05,0.159,-2.921,0,0.0776,102.034,4,0.907,480917,France,6mICuAdrwEjh6Y6lroV2Kg
113,Let It Snow! Let It Snow! Let It Snow! (with The B. Swanson Quartet),0.881,0.603,0.321,0.0,0.34,-11.489,1,0.0599,143.104,4,0.844,167411,France,7inXu0Eaeg02VsM8kHNvzM
114,Bambina,0.382,0.612,0.585,0.0,0.111,-7.792,0,0.0598,132.962,4,0.267,325738,France,6npyDB4mn8MO1A1h666FTk
115,Dans ma vie,0.12,0.55,0.8,0.0,0.277,-4.848,0,0.0672,116.055,4,0.547,318123,France,1eDfSe8ZSnjMDwLQKqBlPU
116,This Girl (Kungs Vs. Cookin' On 3 Burners),0.08,0.793,0.729,3.1e-05,0.317,-4.77,0,0.0394,121.972,4,0.488,365114,France,0tICYNayWWhH9GPeFrfjfD
117,Arr?t du c?ur,0.153,0.789,0.733,0.0,0.0731,-5.817,1,0.288,122.937,4,0.417,316018,France,6cG9I4PyigCQJu6A6PmgH2
118,La Bise (feat. Brulux),0.239,0.769,0.61,0.0,0.0611,-7.132,1,0.134,147.128,4,0.536,340871,France,3AbR9rS5iPPPG5F5TJtLMs
119,92i veyron,0.299,0.797,0.682,0.0,0.0728,-5.65,0,0.145,122.978,4,0.434,323125,France,31J8vqtOHXRJ8rtWwQKLw3
120,Mon bijou,0.183,0.915,0.757,0.00026,0.093,-8.004,0,0.143,125.026,4,0.357,301977,France,127LVxx0WkxbCcZqp2LAEY
121,Luz de Luna,0.785,0.624,0.541,9.9e-05,0.289,-8.4,0,0.0427,140.034,4,0.354,306027,France,6WgQjBNpjnEJbOKAa0OMpY
122,Kiname (feat. Booba),0.344,0.826,0.853,0.0,0.0501,-4.207,0,0.171,92.969,3,0.924,159057,France,3tCV6RDhWQrpKvnhap5cRx
123,Faded,0.0291,0.589,0.651,3.2e-06,0.111,-5.097,1,0.0306,90.011,4,0.166,314902,France,7gHs73wELdeycvS48JfIos
124,Tuesday,0.0156,0.841,0.639,0.0654,0.0545,-6.052,0,0.0688,99.002,4,0.675,396764,France,7abpmGpF7PGep2rDU68GBR
125,Shed a Light,0.112,0.483,0.787,0.0,0.257,-5.244,1,0.102,122.058,4,0.58,382956,France,1cG0umU5TKStygKsPFZ9pY
126,It's the Most Wonderful Time of the Year,0.766,0.24,0.598,0.0,0.117,-8.435,1,0.0369,201.629,3,0.776,156437,France,5hslUAKq9I9CG2bAulFkHN
127,Je fais le sourd,0.027,0.789,0.812,3.24e-06,0.0915,-5.977,0,0.0378,127.905,4,0.851,292970,France,2c5V0zLWBGh6qg15AJZOAn
128,Wherever I Go,0.0915,0.552,0.689,0.0,0.27,-6.444,0,0.0425,99.961,4,0.349,331384,France,46jLy47W8rkf8rEX04gMKB
129,I Cry,0.304,0.681,0.727,1.62e-06,0.0655,-5.769,0,0.116,121.973,4,0.798,322310,France,3JIqY33zQzdSgmcsMiAhUy
130,Amn?sie,0.738,0.574,0.551,0.0,0.0921,-9.977,0,0.46,126.984,4,0.596,302172,France,2BYiWgDk243sjYEDjs2agc
131,Blow Your Mind (Mwah),0.0188,0.654,0.796,0.0,0.0948,-4.761,0,0.122,108.854,4,0.491,146601,France,2eAAEa8pxKF7My0EO4rFgR
132,Tu sais pas,0.214,0.756,0.617,4.64e-05,0.153,-8.552,0,0.0511,115.026,4,0.335,282257,France,3e2WOT8WgZpyNLZdlVVUpH
133,Let It Go,0.818,0.546,0.311,1.65e-05,0.107,-10.396,1,0.0288,147.464,4,0.246,297234,France,13HVjjWUZFaWilh2QUJKsP
134,Putain d'?poque,0.685,0.833,0.794,0.0,0.17,-8.27,1,0.425,102.069,4,0.625,273817,France,4HhvKoIbSn9lGKg2rDmAuD
135,Side To Side,0.0408,0.648,0.738,0.0,0.292,-5.883,0,0.247,159.145,4,0.603,287206,France,4pLwZjInHj3SimIyN9SnOz
136,Scars To Your Beautiful,0.0285,0.573,0.739,0.0,0.111,-5.74,1,0.129,97.085,4,0.451,273671,France,0prNGof3XqfTvNDxHonvdK
137,"Me, Myself & I",0.0184,0.756,0.674,0.0,0.158,-6.518,0,0.0959,111.995,4,0.389,277262,France,40YcuQysJ0KlGQTeGUosTC
138,Princesse,0.172,0.46,0.625,0.0,0.118,-5.956,0,0.0807,124.154,4,0.473,272137,France,4xyyC9MONeIkqOW67C38kw
139,White Christmas (with Shania Twain),0.469,0.628,0.484,1.23e-05,0.126,-7.588,1,0.0319,63.476,4,0.642,137022,France,2gbCG4Rt9984UZ7Tc0dIFd
140,Paix sans guerre,0.672,0.598,0.83,0.0,0.113,-3.923,0,0.154,120.053,4,0.752,270719,France,3S1eOzajaHB3LDizbx7ck5
141,Clandestina,0.194,0.778,0.798,0.0,0.113,-5.13,0,0.0653,99.966,4,0.843,271689,France,4c3I4JPNYHQvgG55mvVECj
142,Love Yourself,0.835,0.609,0.378,0.0,0.28,-9.828,1,0.438,100.418,4,0.515,271048,France,3hB5DgAiMAQ4DzYbsMq1IT
143,Y'a pas de stress,0.175,0.879,0.697,0.0,0.127,-5.627,0,0.052,131.973,4,0.884,250824,France,2wJ9TGvwOXWU9iIA9SjJch
144,#Askip,0.0156,0.7,0.807,0.0,0.141,-6.051,0,0.124,128.022,4,0.713,252461,France,4T7fVWFjYNwkuCKRpKXVeB
145,J'ai d?conn?,0.0762,0.857,0.643,0.0,0.288,-7.014,0,0.149,106.037,4,0.648,270292,France,7GzFUAGK2htn9iuSZLL4wf
146,"Sucker for Pain (with Wiz Khalifa, Imagine Dragons, Logic & Ty Dolla $ign feat. X Ambassadors)",0.255,0.502,0.786,0.0,0.65,-4.378,0,0.317,169.021,4,0.739,261360,France,4dASQiO1Eoo3RJvt74FtXB
147,E.L.E.P.H.A.N.T,0.176,0.84,0.69,1.77e-05,0.102,-4.525,0,0.0623,121.028,4,0.258,263933,France,0zw22D56UqMoouDHEp3d8p
148,Un homme debout,0.671,0.797,0.599,0.0,0.352,-5.248,1,0.0349,94.507,3,0.817,254666,France,4XaVGXF1KVcXBvxN5ovVxM
149,J'ai dit...,0.753,0.873,0.681,0.00339,0.0754,-5.584,1,0.0454,96.015,4,0.833,245030,France,2hg9CrPl2xXw10gVEsdGQu
150,7 Years,0.29,0.742,0.479,0.0,0.391,-5.83,1,0.0551,119.951,4,0.346,265576,France,7129iqBafaphfc3WPCGC0L
151,"Je dis rien, je vois tout, j'entends",0.0357,0.861,0.622,5.08e-05,0.0669,-4.759,0,0.0542,129.984,4,0.71,243341,France,7LrtJqLsLBoFvf1qUb2yLt
152,This One's for You (feat. Zara Larsson) (Official Song UEFA EURO 2016),0.0022,0.367,0.915,5.81e-05,0.0905,-3.456,0,0.0488,110.169,4,0.365,336202,France,46NBoIAHrmR7qcUGCIFEjR
153,J'fais mes affaires,0.251,0.627,0.481,0.0,0.142,-7.747,0,0.121,127.173,4,0.245,263664,France,67GscT39t0LDBBAfgfnsuQ
154,Juju on That Beat (TZ Anthem),0.00381,0.807,0.887,0.0,0.391,-3.892,1,0.275,160.517,4,0.78,263953,France,1lItf5ZXJc1by9SbPeljFd
155,Allo maman,0.618,0.679,0.718,0.0,0.115,-6.113,0,0.278,136.136,4,0.507,253589,France,3YOW5BmyATjFdLThldbWCt
156,Lean On (feat. M? & DJ Snake),0.00346,0.723,0.809,0.00123,0.565,-3.081,0,0.0625,98.007,4,0.274,329789,France,4WjH9Bzt3kx7z8kl0awxh4
157,Mira,0.501,0.605,0.55,1.64e-05,0.0977,-8.629,0,0.0353,94.023,4,0.154,246928,France,3lV66ymv6hCcccdNeyMlUm
158,Run Rudolph Run - Single Version,0.812,0.681,0.715,9.43e-06,0.0777,-10.609,0,0.0912,152.132,4,0.957,124188,France,2pnPe4pJtq7689i5ydzvJJ
159,White Tiger - Single Version,0.222,0.772,0.582,8.78e-05,0.108,-5.14,0,0.0615,117.856,4,0.319,312173,France,64I0PKLFEKlcvc7fEVUGq0
160,Humain,0.607,0.673,0.572,0.0,0.0978,-7.617,1,0.114,109.95,4,0.257,237235,France,6fCA5hbJI1fD4YfNx7zJd6
161,Le monde ou rien,0.772,0.648,0.465,1.98e-06,0.287,-9.716,0,0.171,103.025,4,0.407,243630,France,7dn6WQzScfRGpp7XdTiCj0
162,Contact,0.232,0.855,0.67,0.0,0.0784,-6.502,1,0.0845,94.007,4,0.529,228320,France,6VSoEbvJ50OgGzWyoWr55p
163,Broccoli (feat. Lil Yachty),0.236,0.886,0.525,0.0,0.057,-7.39,1,0.131,145.99,4,0.708,265013,France,7yyRTcZmCiyzzJlNzGC9Ol
164,It's Beginning to Look a Lot like Christmas,0.908,0.339,0.214,7.47e-06,0.341,-11.714,1,0.0375,94.775,3,0.363,121457,France,4F7A0DXBrmUAkp32uenhZt
165,? C?mo Te Llamas ?,0.497,0.917,0.739,0.00504,0.0956,-6.005,0,0.13,132.022,4,0.805,121261,France,0lLdorYw7lVrJydTINhWdI
166,Mais qu'est-ce qu'on s'en bat les couilles !,0.088,0.926,0.551,0.0,0.108,-6.679,1,0.27,131.972,4,0.528,227003,France,6l83gaj4INg0DoQAc0A1NL
167,Tout ira mieux,0.134,0.65,0.873,0.0,0.179,-4.099,0,0.222,129.905,4,0.381,226122,France,1ZKdjffRB9iwbKrUXVXl05
168,Come,0.232,0.818,0.783,0.00886,0.0803,-6.534,1,0.0444,99.992,4,0.819,238959,France,1GQ0mfEsDH53do3fpaJHWa
169,Les princes (feat. Nekfeu),0.322,0.734,0.694,0.0,0.463,-7.36,0,0.238,118.007,4,0.353,249686,France,1YrC8s6yZWw23QxW6rfM9f
170,Cabeza,0.0916,0.818,0.734,0.000183,0.096,-5.239,0,0.0561,106.042,4,0.54,245994,France,79fzoZLfu1drrTyJwTWD6b
171,Bailar (feat. Pitbull & Elvis Crespo),0.0249,0.75,0.891,6.48e-06,0.0569,-3.738,1,0.227,128.065,4,0.553,230749,France,2nEoMpAOMd9ssMeuFhPcOh
172,Le lac,0.134,0.737,0.635,0.00373,0.108,-8.555,1,0.0344,117.011,4,0.787,305454,France,1A5yplwEk6cJbAL63L6bkp
173,Never Be Like You,0.436,0.494,0.559,0.0,0.164,-5.445,1,0.0565,119.247,4,0.264,229154,France,0fQIB0rVuLNDNlq3B0hij9
174,Just Hold On,0.00383,0.647,0.932,1.5e-06,0.0574,-3.515,1,0.0824,114.991,4,0.374,238010,France,12REd1n8PeiHHWOh066tpr
175,Middle,0.0199,0.611,0.7,0.0,0.0549,-5.331,1,0.0436,104.981,4,0.213,226902,France,3EmmCZoqpWOTY1g2GBwJoR
176,Sap?s comme jamais (feat. Niska) - Pilule bleue,0.209,0.842,0.777,8.67e-06,0.229,-3.869,0,0.226,120.081,4,0.751,227287,France,4OZEu0Vwq0RB2LAq14v99n
177,Blue Christmas,0.9,0.465,0.27,0.00104,0.145,-16.661,1,0.0425,94.518,4,0.58,278074,France,0CJ31BEjjl1tPIj0CKi9kH
178,Uranus,0.577,0.625,0.575,0.106,0.0994,-10.557,0,0.074,92.028,4,0.396,114071,France,3QiAAp20rPC3dcAtKtMaqQ
179,J'ai fum? ma ganja,0.708,0.796,0.661,0.0,0.104,-6.364,0,0.358,119.912,4,0.245,226926,France,7lpfmAMzW3MlWSnXrwAGky
180,Afro Trap Pt. 3 (Champions League),0.158,0.956,0.726,0.0,0.0673,-5.775,1,0.397,123.061,4,0.564,112962,France,0JWyGrbezrGg9gLZ9xsKnO
181,Hymn for the Weekend,0.211,0.491,0.693,6.92e-06,0.325,-6.487,0,0.0377,90.027,4,0.412,225437,France,0vPHA6ipjSD2B5lHKub21I
182,Jfaurais pas d?,0.459,0.762,0.724,0.00018,0.106,-8.075,0,0.0679,119.946,4,0.45,217047,France,3RiPr603aXAoi4GHyXx0uy
183,PMW,0.214,0.8,0.805,0.0,0.144,-4.269,0,0.0989,96.037,4,0.452,228581,France,1LViZZWxC7jqIQqBwTrT7z
184,Kratos,0.188,0.692,0.675,1.92e-06,0.114,-8.033,0,0.0687,99.988,4,0.332,220566,France,4HsA7oqWAQSAAILNiBggVU
185,Ah c'est comme ?a !,0.179,0.86,0.781,0.0,0.0852,-5.545,0,0.138,132.924,4,0.739,215494,France,4Otg8MXqP8UK3QzcMlY1sx
186,Ma dope,0.229,0.854,0.556,1.98e-06,0.41,-7.605,1,0.0778,136.022,4,0.344,110470,France,73BvezTbnm3joqBGokXXsU
187,No Money,0.0282,0.671,0.916,0.00762,0.24,-4.014,0,0.0397,126.01,4,0.803,221245,France,7xyyjOyiYVJCT3CmJl7HwW
188,Roulez,0.0216,0.778,0.812,0.0,0.0953,-5.32,1,0.123,96.012,4,0.239,265294,France,0gb1J5UrTpzaU1s3nupgCd
189,Sale sonorit?,0.368,0.875,0.662,0.0,0.288,-7.021,1,0.397,119.898,4,0.295,109564,France,7m9XUXU54HSn7yEr1Ap4K9
190,Elle avait son Djo,0.446,0.756,0.781,1.06e-05,0.143,-4.434,1,0.0693,108.02,4,0.8,109335,France,6Z6yBebkNbZoHFq1D8Yl5O
191,Rasta Rocket,0.565,0.704,0.639,0.0,0.138,-6.267,0,0.367,115.201,4,0.396,108733,France,0ABwXYnDvByTbKIDxfzb0I
192,On verra,0.184,0.635,0.578,0.0,0.0874,-6.738,1,0.119,150.057,4,0.309,108165,France,7F9TAFG94JGeILTKRvn3dy
193,Let It Snow! Let It Snow! Let It Snow!,0.85,0.471,0.386,0.0,0.161,-8.139,1,0.0581,157.921,4,0.861,215868,France,2yYfWku1ndnxenRK318Ihz
194,Peu m'importe,0.13,0.952,0.71,0.0,0.0874,-5.836,0,0.223,132.994,4,0.756,107345,France,5IFsFwlVkt6uzlAVkOOKk3
195,25 d?cembre,0.51,0.851,0.625,0.0,0.113,-5.358,0,0.38,134.751,4,0.382,107235,France,3JhBk8gpfAITpJJG9GbJSw
196,4Matic,0.282,0.601,0.781,0.0,0.178,-4.811,0,0.263,126.094,4,0.517,106931,France,2D5HeB7Arf6IwCQCdoPBqE
197,S3,0.422,0.652,0.778,0.0,0.182,-5.883,0,0.299,110.02,4,0.522,106789,France,3jVQeLBQoHr2ZzcrAooa6u
198,Mauvaise graine,0.429,0.882,0.594,0.0,0.179,-7.898,0,0.0709,119.979,4,0.319,658144,France,4kKJ5CjwCtksszPMntho4N
199,Perfect Strangers,0.372,0.742,0.819,0.0,0.277,-5.307,1,0.0487,117.986,4,0.709,332743,France,1CUVN2kn7mW5FjkqXTR2W1
200,The Greatest (feat. Kendrick Lamar),0.0102,0.668,0.725,0.000479,0.0561,-6.127,1,0.266,191.944,4,0.729,314217,France,7xHWNBFm6ObGEQPaUxHuKO
201,Alone,0.186,0.676,0.929,0.000405,0.121,-3.194,1,0.0458,97.019,4,0.157,227364,France,0JiVRyTJcJnmlwCZ854K4p
202,Sorry,0.0797,0.654,0.76,0.0,0.299,-3.669,0,0.045,99.945,4,0.41,173651,France,69bp2EbF7Q2rqc5N3ylezZ
203,DUELE EL CORAZON (feat. Wisin),0.0786,0.724,0.904,0.0,0.226,-3.354,0,0.0966,90.999,4,0.846,171046,France,6YZdkObH88npeKrrkb8Ggf
204,Kiname (feat. Booba),0.344,0.826,0.853,0.0,0.0501,-4.207,0,0.171,92.969,3,0.924,159208,France,42Repb4VlMz0HWpBYqyiRC
205,Would I Lie to You - Radio Edit,0.00718,0.671,0.826,0.0,0.631,-5.766,0,0.309,123.986,4,0.774,137931,France,4PdJSsESm34djLfBde9Pr2
206,Cake By The Ocean,0.156,0.774,0.764,0.0,0.0383,-5.445,0,0.0518,118.997,4,0.912,135205,France,2aFiaMXmWsM3Vj72F9ksBl
207,Printemps blanc,0.715,0.494,0.439,0.0,0.123,-8.475,0,0.171,100.29,4,0.319,133929,France,54yeXzsomwfb8BGOLsDfyo
208,Blind - Radio Edit,0.042,0.66,0.598,0.0444,0.116,-9.707,0,0.0491,120.003,4,0.521,132926,France,0ru2WYJ9xIMwc5MmU4MyOg
209,Places,0.264,0.728,0.858,0.000761,0.158,-3.866,0,0.0457,122.01,4,0.638,126351,France,6O85MfGECKBqAK2MgSbCaj
210,Bad and Boujee (feat. Lil Uzi Vert),0.061,0.927,0.665,0.0,0.123,-5.313,1,0.244,127.076,4,0.175,123855,France,4Km5HrUvYTaSUfiSGPJeQR
211,Bang My Head (feat. Sia & Fetty Wap),0.0525,0.599,0.869,0.00719,0.103,-3.697,1,0.0789,108.061,4,0.593,121940,France,53Y0kdCa1CZ9gRqEuknfwy
212,Believer,0.0743,0.596,0.905,0.00168,0.129,-3.438,0,0.0515,144.981,4,0.692,121613,France,2mFVt6vCOcR71lw3kY2UZB
213,Cheerleader - Felix Jaehn Remix Radio Edit,0.166,0.782,0.685,1.18e-05,0.16,-6.237,1,0.0309,118.016,4,0.603,117799,France,7vFoFDWqTX0mHzLfrF1Cfy
214,Work,0.0752,0.725,0.534,0.0,0.0919,-6.238,1,0.0946,91.974,4,0.558,117720,France,14WWzenpaEgQZlqPq2nk4v
215,Now and Later,0.273,0.781,0.57,0.0,0.196,-5.874,0,0.188,107.059,4,0.858,114025,France,43jBqV3j3Xi1g6wO0bhIMd
216,Sugar (feat. Francesco Yates),0.0185,0.636,0.815,0.0,0.163,-5.098,0,0.0581,123.063,4,0.636,113540,France,5tf1VVWniHgryyumXyJM7w
217,Don't Be So Shy - Filatov & Karas Remix,0.057,0.773,0.849,0.0103,0.397,-8.345,0,0.0587,119.981,4,0.913,107513,France,00vk0sEfb6mr2ehwSw0Uhn
218,Stop Us - Radio Edit,0.118,0.413,0.793,1.23e-05,0.11,-5.557,0,0.0352,103.023,4,0.321,107094,France,4S6mzEdM0c3QqQ0NFFm1aF
219,Valid?e,0.153,0.544,0.815,0.0154,0.117,-5.991,0,0.0571,101.968,4,0.761,107033,France,6WMWi9Ca2vksL36tNUVBFb
220,King,0.00105,0.491,0.619,0.0,0.115,-7.139,0,0.0285,89.024,4,0.458,106646,France,4M6HNRHyV2MykKp7gKQcyD
221,My Type,0.0641,0.595,0.896,5.82e-05,0.0748,-2.951,1,0.047,118.001,4,0.567,106627,France,7rqyZM53JpYj86avtfmyeg
222,Way down We Go,0.579,0.489,0.505,0.000333,0.104,-8.022,0,0.117,163.255,4,0.337,106475,France,0y1QJc3SJVPKJ1OvFmFqe6
