,name,acousticness,danceability,energy,instrumentalness,liveness,loudness,mode,speechiness,tempo,time_signature,valence,streams,country,id
0,Bande organis?e,0.117,0.901,0.939,0.0,0.0643,-2.762,1,0.274,142.948,4,0.805,19171802,France,717QGTmZdkemDaCo1vQHG0
1,Fever,0.0597,0.868,0.693,0.00399,0.106,-7.052,0,0.181,114.999,4,0.396,20221865,France,3F1P0QzdXtBz0MXy7KIO5w
2,C?ur noir,0.644,0.492,0.528,0.0,0.107,-6.245,0,0.0721,115.679,5,0.461,12085735,France,2SYYB9pwxbYJducVc2xGWD
3,Millions d'euros,0.498,0.611,0.603,0.0,0.0657,-7.819,0,0.428,119.559,5,0.397,9725123,France,6pdgDTMMDY8HjfJ1n7T9z5
4,"La vie du binks (feat. Hornet La Frappe, Leto, Sadek, Soprano)",0.227,0.794,0.845,0.0,0.843,-4.646,1,0.265,138.325,4,0.627,10904034,France,4tJYqq9gYr0RATc1BpDkpy
5,Joli b?b?,0.586,0.689,0.623,0.0,0.103,-7.206,0,0.129,154.95,4,0.26,12409916,France,1J4oMIhWDUd9cI1urhEyjl
6,Tout en Gucci,0.548,0.776,0.662,5.1e-06,0.117,-7.586,0,0.233,121.987,4,0.5,16778881,France,0i5GJckWb9uCZU4jcGoBca
7,Dieu merci,0.398,0.731,0.523,0.0,0.215,-7.183,0,0.0611,133.961,4,0.83,12222948,France,1HDqaIxeJ70BTHgZWEuaeT
8,D?KITI,0.401,0.731,0.573,5.22e-05,0.113,-10.059,0,0.0544,109.928,4,0.145,18394261,France,4MzXwWMhyBbmu6hOcLVD49
9,Coffre plein,0.093,0.758,0.56,0.0,0.104,-6.69,0,0.0639,149.893,4,0.606,12769555,France,70pkwEEG7nDTXBFqoGQkH0
10,Enfants terribles,0.534,0.846,0.559,0.0,0.131,-7.725,0,0.365,129.956,4,0.668,8736572,France,3c39RLhnaw269QgsKnhFng
11,"Lemonade (feat. Gunna, Don Toliver & NAV)",0.25,0.8,0.658,0.0,0.111,-6.142,0,0.079,140.042,4,0.462,11750564,France,7hxHWCCAIIxFLCzvDgnQHX
12,M?dusa,0.474,0.714,0.829,0.0,0.0958,-5.129,0,0.053,106.025,4,0.432,14433946,France,2hL0WVDLvlxZ60J4YyWvFW
13,Mood (feat. iann dior),0.221,0.7,0.722,0.0,0.272,-3.558,0,0.0369,90.989,4,0.756,10638952,France,3tjFYV6RSFtuktYl3ZtYcq
14,Plus Jamais (feat. Stormzy),0.373,0.605,0.419,0.0,0.128,-9.032,1,0.0342,152.161,4,0.291,10477786,France,7iZVBT6LV32t4l00p73VAw
15,9 1 1 3 (feat. SCH),0.174,0.907,0.63,0.000293,0.376,-6.669,0,0.243,100.941,4,0.388,9904887,France,3WCMzZvH2zK476lasbLx0s
16,Cabeza,0.123,0.884,0.566,3.25e-06,0.106,-7.398,0,0.046,106.983,4,0.565,12662191,France,66tNDqYNR2S6Svwgm3BMi9
17,Loin de tout,0.377,0.506,0.649,0.0,0.0798,-6.118,0,0.154,159.929,5,0.522,3985660,France,5BUoMHwSI66mBNJB3H6yM5
18,Whoopty,0.2,0.719,0.648,0.0,0.127,-7.6,0,0.125,140.201,4,0.66,6139250,France,5vGLcdRuSbUhD8ScwsGSdA
19,Pilote (feat. Hamza),0.217,0.844,0.562,0.000636,0.114,-7.744,0,0.137,94.976,4,0.574,10724263,France,12GV2Wr4p1hBWQCrQcVsew
20,Blinding Lights,0.00146,0.514,0.73,9.54e-05,0.0897,-5.934,1,0.0598,171.005,4,0.334,11253850,France,0VjIjW4GlUZAMYd2vXMi3b
21,Slide,0.213,0.906,0.588,0.0,0.0573,-7.404,0,0.215,124.01,4,0.785,7634828,France,0jUBH6aktBM2KCNnEZfBWJ
22,All We Got (feat. KIDDO),0.286,0.504,0.76,0.0,0.151,-4.246,1,0.0426,183.933,4,0.64,6654820,France,1FP9s72rDYty6mfoOEYKnE
23,What You Know Bout Love,0.65,0.709,0.548,1.59e-06,0.133,-8.493,1,0.353,83.995,4,0.543,10065426,France,1tkg4EHVoqnhR6iFEXb60y
24,GIRL LIKE ME,0.0194,0.964,0.486,0.04,0.0694,-8.891,1,0.188,124.058,4,0.318,18215438,France,2vBET2pmrQqafaS6zIaYta
25,? la f?te,0.391,0.885,0.689,0.0,0.129,-5.581,0,0.165,100.385,3,0.492,4887601,France,0qARyMVNjA6q1uxxO3nofB
26,JUSQU'ICI TOUT VA BIEN,0.408,0.753,0.506,0.0,0.0827,-6.905,0,0.0428,122.991,4,0.451,7702692,France,5Re3VKVOVnEhUi2TF56dMz
27,La meilleure,0.652,0.757,0.517,0.00527,0.173,-8.499,0,0.0672,102.008,4,0.218,7631618,France,2g63GxCZUmhsr4XoKR93F6
28,La passat,0.289,0.863,0.741,0.0,0.11,-6.353,0,0.185,130.026,4,0.619,3213566,France,3fbxI1r2tjTM3iVeoq50lH
29,Macaroni (feat. Ninho),0.272,0.592,0.492,0.0,0.0785,-8.462,1,0.169,128.067,4,0.384,8556578,France,4Z9CNGHElj2rLkB8mQdvnA
30,Head Shoulders Knees & Toes (feat. Norma Jean Martine),0.0247,0.798,0.828,2.55e-06,0.121,-5.36,1,0.193,124.962,4,0.6,6911831,France,6i7zAdNhzUN2k1HcrBxPHG
31,Goosebumps,0.325,0.767,0.659,0.0,0.13,-7.429,1,0.0444,124.946,4,0.439,3877877,France,20McUFi8KCIVdNDLrkTDuZ
32,beau-papa,0.364,0.746,0.506,0.0,0.123,-6.016,0,0.0367,122.044,4,0.486,8984751,France,5wXkbtZO1HsOQ1P75zi35p
33,Perdu,0.0694,0.784,0.525,0.0,0.073,-8.278,0,0.1,129.932,4,0.47,4298541,France,4Q7FNGrWglfCRDeSGifLiz
34,Canada,0.349,0.456,0.483,0.0,0.121,-10.224,1,0.164,86.15,4,0.549,2452682,France,6mXnfGvmempTdQUoOlJ8hr
35,Amour toxic,0.796,0.718,0.416,1.85e-06,0.0992,-8.758,1,0.0675,132.074,4,0.642,7271455,France,70APCdHsWV5BEsacwjzXmd
36,Angela,0.702,0.65,0.469,0.249,0.106,-8.676,0,0.184,191.853,4,0.378,8206526,France,6ab3CQvDlAVttThZucwGQ1
37,Vie de star (feat. Ninho),0.845,0.4,0.586,0.0,0.1,-7.569,0,0.074,170.544,3,0.282,6287624,France,7toL2moA2sVueHJKDhVD0n
38,Elles ont trop jou? avec mon c?ur,0.155,0.69,0.567,0.0397,0.127,-7.979,1,0.0471,152.056,4,0.426,602949,France,35K7XwUfrCfPZBnBgoaHc8
39,HOLIDAY,0.12,0.81,0.511,0.0,0.0832,-6.924,0,0.164,151.947,4,0.837,7237594,France,6zFMeegAMYQo0mt8rXtrli
40,Levitating (feat. DaBaby),0.00883,0.702,0.825,0.0,0.0674,-3.787,0,0.0601,102.977,4,0.915,7863800,France,5nujrmhLynf4yMoMtj8AQF
41,positions,0.468,0.737,0.802,0.0,0.0931,-4.771,1,0.0878,144.015,4,0.682,3519801,France,35mvY5S1H3J2QZyna3TFe0
42,Lettre ? une femme,0.835,0.487,0.398,0.0,0.12,-9.901,0,0.0697,149.367,4,0.905,8667943,France,5HEtuK03ygUzqca6yfgOYZ
43,Grand bain,0.88,0.63,0.393,0.0,0.0894,-10.762,1,0.183,145.051,4,0.166,7348632,France,0W4MOQ2kTOm1y7ooahgQP1
44,Dynamite,0.0112,0.746,0.765,0.0,0.0936,-4.41,0,0.0993,114.044,4,0.737,3913065,France,4saklk6nie3yiGePpBwUoc
45,Lovefool,0.0219,0.677,0.766,6.81e-06,0.129,-6.896,1,0.0568,123.062,4,0.198,1839165,France,51Of5p3lKZeOg6itfs4og4
46,La pharmacie,0.578,0.847,0.727,0.0318,0.0869,-5.305,0,0.0622,119.994,4,0.765,2404787,France,1Gk9DMuuVlCWXqzJLKvw2j
47,Mais je t'aime,0.796,0.476,0.412,9.04e-06,0.112,-10.529,0,0.131,179.783,3,0.209,7477717,France,2twcZTB1udOEzDCPpTiOju
48,Monte le son,0.0941,0.68,0.783,0.0,0.0877,-7.556,0,0.0536,100.003,4,0.603,2499202,France,3FMhzMn4vB32InnfA2DiEf
49,La vie qu'on m?ne,0.687,0.8,0.756,2.06e-06,0.111,-4.4,0,0.0367,113.204,3,0.456,8915283,France,0Jh6iWjna1wk5le0Ahn7No
50,aaa,0.299,0.663,0.583,0.0,0.27,-8.498,0,0.45,121.721,4,0.605,2617436,France,6EOurhTRwpkHhxTHMx0s8p
51,Dance Monkey,0.688,0.825,0.593,0.000161,0.17,-6.401,0,0.0988,98.078,4,0.54,6812359,France,1rgnBhdG2JDFTbYkYRZAku
52,Rather Be You,0.164,0.74,0.706,0.0,0.163,-4.5,0,0.0378,89.016,4,0.636,9118158,France,1My8oKezaFe1yuwowQKHuy
53,Del Mar,0.0224,0.759,0.636,0.000143,0.166,-5.585,1,0.0369,109.976,4,0.536,11317768,France,5cpJFiNwYyWwFLH0V6B3N8
54,"1,2,3",0.767,0.722,0.497,0.0,0.122,-7.779,0,0.0632,147.794,4,0.684,13820529,France,7uCLrBdy5FH6T7vcJzqRd7
55,Snowman,0.483,0.716,0.512,0.0,0.0928,-6.257,1,0.0331,104.957,3,0.326,2847876,France,7uoFMmxln0GPXQ0AcCBXRq
56,No me ama,0.415,0.798,0.676,0.0,0.095,-6.01,0,0.0751,96.802,4,0.697,1433196,France,7vdq8RlxxuhB1GFIN9FIlI
57,Djomb - Bien ou quoi,0.172,0.945,0.676,0.00036,0.322,-6.6,1,0.207,123.109,4,0.631,5930822,France,0KBwGCY9RYD9t2zjeW4h48
58,Azerty,0.206,0.779,0.618,0.000213,0.089,-7.131,1,0.0812,124.994,4,0.078,2227631,France,1DYlkzzHmvD2CBjPdSWJSI
59,LOPSA STORY,0.816,0.793,0.421,0.0,0.121,-8.559,0,0.308,99.806,4,0.419,10426650,France,5IDnEkOCdOp1F0XTAMG3Rk
60,911,0.0894,0.685,0.706,0.0287,0.0986,-7.02,0,0.0545,155.989,4,0.64,9756014,France,2chIkORxBLpPVgruGiMY8k
61,Ma werss,0.111,0.893,0.761,0.0,0.0736,-4.409,0,0.0676,116.008,4,0.78,1151454,France,1vi03pl2ugJibAvSYci75q
62,Comme toi,0.275,0.559,0.626,0.0115,0.11,-8.424,0,0.0742,82.78,4,0.177,5376045,France,75HWFzU6ewwvJkliCw37fM
63,Moins un,0.19,0.918,0.399,0.0,0.0751,-8.795,1,0.37,109.031,4,0.483,6139848,France,7xISE22N518t5HLsibFvEC
64,For The Night (feat. Lil Baby & DaBaby),0.114,0.823,0.586,0.0,0.193,-6.606,0,0.2,125.971,4,0.347,6343444,France,0PvFJmanyNQMseIFrU708S
65,Boston George,0.196,0.563,0.562,5.02e-06,0.107,-7.931,0,0.247,137.325,5,0.344,6513553,France,0LU7THzZmFI0k5Z9Upxbto
66,Guccissima,0.147,0.616,0.695,0.0,0.0954,-8.328,0,0.134,80.142,4,0.369,1825633,France,6tIdfNdeSjvB1RcdEwrzNX
67,Roses - Imanbek Remix,0.0143,0.769,0.719,0.00777,0.359,-5.472,1,0.0474,121.955,4,0.863,6261470,France,0zLCBJZSiELJf02ucPP9wb
68,you broke me first,0.785,0.667,0.373,0.0,0.0906,-9.389,1,0.05,124.148,4,0.0823,5130291,France,45bE4HXI0AwGZXfZtMp8JR
69,La machine,0.0596,0.927,0.686,2.2e-06,0.11,-4.23,0,0.162,127.038,4,0.43,3850214,France,4YcK0u6DgSg1jQqWYCXTBq
70,Matrix?,0.0524,0.718,0.677,0.0,0.0454,-6.078,0,0.187,179.94,4,0.727,1806227,France,2VnJAWZL4I0G3B5qJS82b5
71,Courage to Change,0.0927,0.307,0.606,0.0,0.357,-5.567,0,0.0347,78.828,4,0.11,3201430,France,2MbgQKWhoii8bqsMBWWWgA
72,POMPEII,0.41,0.754,0.55,0.0,0.107,-6.467,0,0.049,112.963,4,0.223,2608048,France,3KW4lmROWaAg0sQlBHRzW7
73,My Salsa,0.276,0.841,0.574,0.0,0.0752,-6.183,0,0.0834,98.999,4,0.548,4690181,France,7IJIj326qJJA6oi6EpFCBD
74,Brouncha,0.337,0.862,0.764,0.000542,0.106,-6.061,0,0.0782,132.036,4,0.651,1696294,France,1n1nlKapZsZyIJTCXm0vx1
75,Hypnotized,0.0968,0.69,0.813,0.000324,0.109,-5.084,0,0.0997,108.078,4,0.704,3957381,France,0vWUhCPxpJOJR5urYbZypB
76,Guytoune,0.0172,0.943,0.907,0.0,0.0772,-4.633,0,0.0864,129.974,4,0.967,1687124,France,6F7o84Tlzvxtx5LY2y1hng
77,Cruel,0.312,0.729,0.491,0.0,0.101,-8.871,0,0.168,141.886,4,0.594,5769616,France,7zF8R12fP9fX4b11arc1FP
78,Jolie nana,0.269,0.813,0.64,0.0,0.131,-5.908,1,0.272,92.989,4,0.488,4046426,France,65RWVU6N81CeH65nu52K1U
79,Watermelon Sugar,0.122,0.548,0.816,0.0,0.335,-4.209,1,0.0465,95.39,4,0.557,6359746,France,6UelLqGlWMcVH1E5c4H7lY
80,Tick Tock (feat. 24kGoldn),0.369,0.779,0.705,7.91e-06,0.124,-3.895,1,0.0344,101.022,4,0.946,4330333,France,27u7t9d7ZQoyjsCROHuZJ3
81,Freeze Ra?l,0.375,0.645,0.545,2.32e-05,0.106,-10.675,0,0.0511,137.09,4,0.0379,6460411,France,6DPrYPPGYK218iVIZDix3i
82,ROCKSTAR (feat. Roddy Ricch),0.247,0.746,0.69,0.0,0.101,-7.956,1,0.164,89.977,4,0.497,6098745,France,7ytR5pFWmSjzHJIeQkgog4
83,Mele?im,0.188,0.682,0.697,0.0,0.334,-4.276,0,0.0757,95.012,4,0.57,5467579,France,0BD9boQC7jUTWkAoib4Z0d
84,Dior,0.212,0.548,0.805,0.000389,0.408,-5.732,1,0.351,142.094,4,0.648,7031179,France,79s5XnCN4TJKTVMSmOx8Ep
85,Control,0.643,0.599,0.465,1.57e-06,0.149,-4.95,1,0.0314,113.82,4,0.0678,2953106,France,50Td3qilgs8BLtv8mHyT1t
86,N'y pense plus,0.448,0.589,0.632,0.0,0.0744,-7.382,0,0.266,93.696,4,0.44,4152368,France,5t9FzMhwLDAkq9H8Pa0WNh
87,BXL ZOO,0.0604,0.745,0.656,0.0,0.11,-6.829,0,0.203,137.997,4,0.405,5113099,France,7BO3y8lmogACezwHqZ1HTB
88,Zipette,0.371,0.743,0.757,0.0,0.0988,-6.889,0,0.272,192.018,3,0.72,6713865,France,1Lulg5ZiMEXy3QNwb1PB8I
89,Therefore I Am,0.218,0.889,0.34,0.13,0.055,-7.773,0,0.0697,94.009,4,0.716,2061929,France,54bFM56PmE4YLRnqpW6Tha
90,Ne reviens pas,0.212,0.932,0.778,0.0,0.168,-3.384,0,0.0638,124.996,4,0.933,5185108,France,4TnFANpjVwVKWzkxNzIyFH
91,Gotaga,0.251,0.493,0.702,0.0,0.338,-6.457,0,0.275,199.739,4,0.342,1389957,France,2diEeH1DjfrYGRlXENLkdY
92,Let's Love,0.00882,0.662,0.868,0.00244,0.584,-4.025,1,0.0341,92.998,4,0.353,2808761,France,6lhZLbb0czULpjb2kFryPS
93,Unit? (feat. Soolking & Imen Es),0.469,0.644,0.648,0.0,0.369,-6.317,0,0.0391,149.953,4,0.608,3464142,France,2q0WpLA1TjeBL9Ok9Ot1Pr
94,Tous les jours,0.228,0.485,0.789,0.0,0.253,-4.456,0,0.173,130.047,4,0.581,779376,France,7EjpRWeX9TiUiDQPjquB3D
95,Blanche,0.525,0.776,0.713,0.0,0.306,-6.121,0,0.143,127.987,4,0.551,5603638,France,5GyyPRvEwdI4wJSUbzxHQv
96,3SEX,0.434,0.7,0.635,7.59e-06,0.144,-8.683,1,0.048,137.995,4,0.303,3639767,France,7cjFLy14VVVjqaZdFLVXJ5
97,philly flingo,0.261,0.898,0.465,0.00532,0.105,-10.223,1,0.239,113.998,4,0.277,1541634,France,7CAoGOFte5I1unfkE69o4w
98,Aucune limite,0.299,0.95,0.573,1.4e-05,0.113,-6.561,0,0.0661,128.02,4,0.468,946982,France,4dtXgUQj1jEa0fIOV7bFRb
99,Doudou,0.136,0.773,0.609,0.0,0.0729,-5.855,0,0.244,98.071,4,0.697,1913923,France,3V6NCwBywAwpAlAyGL7h0p
100,Afterglow,0.698,0.641,0.324,0.0,0.328,-5.851,1,0.0299,110.184,4,0.273,1013270,France,0E4Y1XIbs8GrAT1YqVy6dq
101,ny ? fond,0.0803,0.702,0.416,0.0,0.0976,-10.332,1,0.731,75.202,4,0.231,670636,France,5TuTT8Jz37Sd6Rna1ANuKu
102,On sait jamais (feat. Niska),0.202,0.764,0.812,0.0,0.126,-4.946,1,0.179,139.961,4,0.742,3373149,France,216QmkNpU3hIjeZtGocb9B
103,6.3,0.688,0.875,0.613,0.0,0.114,-7.229,0,0.21,119.964,4,0.752,5680547,France,3lTL4LdFKVF51lseI2nk5D
104,10K,0.388,0.789,0.702,0.00872,0.11,-6.555,0,0.0382,126.016,4,0.572,3231873,France,07pzk5h8p2qRowPZb3YBKC
105,Say Say Say (Waiting 4 U) - Steff da Campo & 71 Digits Radio Mix,0.181,0.536,0.826,0.00509,0.461,-6.014,0,0.176,124.424,4,0.563,4593355,France,3Ns7GYmCWy4DLI3e6yRE5d
106,Love Not War (The Tampa Beat),0.105,0.738,0.85,0.0,0.23,-3.049,1,0.0642,98.013,4,0.865,8937135,France,4Lt6GXGzYsa1tgkv3nGSTm
107,Filon,0.347,0.811,0.567,0.0,0.135,-7.21,0,0.048,125.116,4,0.677,343285,France,6FwYGcbXgzJl8wszMXOeGC
108,Breaking Me,0.223,0.789,0.72,0.0,0.129,-5.652,0,0.218,122.031,4,0.664,3071046,France,3H7ihDc1dqLriiWXwsc2po
109,Who's Laughing Now,0.00565,0.648,0.641,3.63e-06,0.109,-5.521,1,0.0389,184.021,4,0.505,691600,France,1Pmp486RrLRkaEkE3HFHXP
110,Cooler Than Me,0.0595,0.889,0.716,0.0409,0.168,-6.146,1,0.0708,128.022,4,0.296,1167393,France,525GY0mXYnxajolwgS8Eaz
111,DEUX TOILES DE MER,0.582,0.521,0.39,7.43e-05,0.112,-9.726,0,0.128,104.106,4,0.157,4721709,France,7yN9Qx1HtE4c1fhakBz8Ay
112,Sous terre,0.617,0.869,0.763,0.0,0.0926,-5.932,0,0.337,105.985,4,0.711,619126,France,0WFS49zGSfhTOF18Ow3OeX
113,Dybala,0.256,0.729,0.721,0.0,0.111,-5.83,0,0.0761,132.304,4,0.537,3810457,France,4Nfak8iMF4kQfQ6Pa8Z79m
114,Distant,0.545,0.786,0.732,0.0,0.0643,-6.254,0,0.176,105.031,4,0.447,4527810,France,1Sb7QJRawbARgpMqyYNMkT
115,Tir du Brazil,0.18,0.82,0.816,0.0,0.231,-4.762,0,0.139,124.924,4,0.695,626878,France,7JEfZ2u86r7ihWYU9wJIHo
116,Jerusalema (feat. Nomcebo Zikode),0.0185,0.88,0.483,8.68e-06,0.0607,-7.012,1,0.0505,124.009,4,0.827,3751605,France,2MlOUXmcofMackX3bxfSwi
117,Prisoner (feat. Dua Lipa),0.0103,0.781,0.67,0.0,0.0761,-3.912,0,0.0452,127.99,4,0.595,3226422,France,2Oycxb8QbPkpHTo8ZrmG0B
118,The Business,0.414,0.798,0.62,0.0192,0.112,-7.079,0,0.232,120.031,4,0.235,8513884,France,6f3Slt0GbA2bPZlz0aIFXN
119,Ride It,0.177,0.88,0.751,6.43e-05,0.106,-4.258,0,0.0874,117.948,4,0.884,3632097,France,2tnVG71enUj33Ic2nFN6kZ
120,S?curis?,0.17,0.693,0.877,0.0,0.182,-3.254,0,0.0602,155.992,4,0.822,623961,France,4AtDk9SFAYXTzKNKNScZnv
121,Pas de reine,0.167,0.819,0.705,0.0,0.104,-6.56,0,0.126,127.922,4,0.663,1228116,France,6S5zBMqjRM4Ysr8hsV7G1Z
122,Savage Love (Laxed - Siren Beat),0.234,0.767,0.481,0.0,0.269,-8.52,0,0.0803,150.076,4,0.761,3416294,France,1xQ6trAsedVPCdbtDAmk0c
123,Avant toi,0.875,0.63,0.396,0.0,0.1,-9.162,1,0.0334,142.046,4,0.246,4356557,France,4iNPp0BZ4lBu7bipdWLcWk
124,Fingertips,0.0638,0.717,0.688,0.0,0.117,-5.426,0,0.0253,88.034,4,0.646,2286628,France,5KPnuRrT1y1fGf8HkKMUUO
125,Head & Heart (feat. MNEK),0.168,0.734,0.874,1.14e-05,0.0489,-3.158,1,0.0662,122.953,4,0.905,4654587,France,6cx06DFPPHchuUAcTxznu9
126,Vivre,0.381,0.776,0.688,0.0,0.221,-7.488,1,0.0535,111.996,4,0.59,6109252,France,1RCBTBrZMvbtlqZeZH1nzT
127,Dors on te pi?tine,0.261,0.753,0.726,4.9e-06,0.101,-6.735,0,0.331,134.964,4,0.509,320372,France,1CL6xZ2UCa1SRvp0bQXxwz
128,Le m?me,0.671,0.566,0.614,0.0,0.104,-5.928,0,0.161,125.83,5,0.461,320193,France,1IvOWhLYkeBjAgqaPQWeS0
129,La zone,0.315,0.738,0.695,0.0,0.159,-5.667,0,0.0759,102.006,4,0.414,1446006,France,4oLp7k4fINGrjuNxElKKGw
130,Privil?ge,0.49,0.527,0.727,0.0,0.177,-5.977,0,0.245,180.102,3,0.52,1770895,France,5ncpCHAq0EcL8RCFUqaQLG
131,Jusqu'au bout,0.192,0.701,0.696,1.35e-06,0.0942,-5.795,0,0.0953,117.977,4,0.68,2610599,France,2kUXqI4t2eLYqCh7Z8guP1
132,Son ex,0.739,0.826,0.824,2.55e-05,0.108,-5.876,0,0.0512,143.034,4,0.851,317895,France,3ZbIod6XBQBjGXl46Jg1dK
133,Wow,0.376,0.837,0.581,0.000119,0.111,-6.304,0,0.401,144.035,4,0.539,2438365,France,6sUVclkQYxqcCXOxUvlsoe
134,malevil,0.326,0.965,0.393,0.0,0.0807,-10.226,1,0.206,113.034,4,0.355,601212,France,6SdfD2cFAVXkiBB2NKSABo
135,Pr?f?r? (feat. OBOY),0.0175,0.758,0.74,0.0,0.0601,-7.467,1,0.0925,173.862,4,0.631,1202422,France,49IzWufYtbt3tgUN8ORNe0
136,Hold-Up,0.388,0.806,0.914,0.000697,0.0925,-4.612,1,0.0706,143.014,4,0.864,312690,France,4WnBhATfoI6qWEgSCctJie
137,Monster (Shawn Mendes & Justin Bieber),0.0593,0.64,0.392,0.0,0.0839,-7.246,0,0.0574,145.838,4,0.502,631956,France,1HbA4N1MiOsPthALesGFR1
138,My Head & My Heart,0.0697,0.614,0.934,0.0,0.121,-3.709,0,0.07,116.001,4,0.436,6342116,France,1KixkQVDUHggZMU9dUobgm
139,WAP (feat. Megan Thee Stallion),0.0194,0.935,0.454,0.0,0.0824,-7.509,1,0.375,133.073,4,0.357,2340091,France,4Oun2ylbjFKMPTiaSbbCih
140,Ailleurs,0.0252,0.811,0.678,0.0,0.177,-6.271,1,0.055,99.985,4,0.676,309496,France,12GIBEbYnJnAwpyBZNP9Qd
141,34+35,0.237,0.83,0.585,0.0,0.248,-6.476,1,0.094,109.978,4,0.485,2338050,France,6Im9k8u9iIzKMrmV7BWtlF
142,Memories (feat. Kid Cudi),0.00192,0.547,0.92,7.63e-06,0.257,-3.939,1,0.259,129.994,4,0.372,1150079,France,0Xh6R6XLoTDRBYriQRgkHj
143,Moto,0.153,0.931,0.605,0.0,0.214,-6.615,1,0.36,127.004,4,0.601,1774268,France,5DH03Qs3SSG12TNUCSAzMi
144,Jfaimerais tellement,0.345,0.791,0.627,0.0,0.0934,-7.035,0,0.0615,156.006,4,0.701,2224358,France,7ey5InDMQqScxDUvF1r2pq
145,TCHIN 2X,0.221,0.755,0.681,0.0066,0.314,-7.994,0,0.053,146.002,4,0.266,2685753,France,7rM3myZkD0TIKkkFGiozGw
146,Trop beau,0.295,0.748,0.66,5.56e-06,0.0883,-6.034,0,0.0404,123.902,4,0.324,5321965,France,4WB9OeauHXnGOMUK4s80gM
147,Tusa,0.295,0.803,0.715,0.000134,0.0574,-3.28,1,0.298,101.085,4,0.574,1173139,France,7k4t7uLgtOxPwTpFmtJNTY
148,JAUN?,0.137,0.793,0.57,0.0,0.101,-8.852,1,0.15,140.003,4,0.655,3079967,France,4fW3EMRzAfj8aNMsF3zMwt
149,Jusqu'au bout (feat. Hatik),0.728,0.766,0.437,1.63e-05,0.341,-10.118,0,0.21,130.049,4,0.564,1176078,France,3qbcEoXA5OvwDffHxagalz
150,Quartiers nord,0.191,0.772,0.787,0.0,0.283,-5.383,0,0.247,153.114,4,0.719,299032,France,5xZbwq3k6vPWb7sOvjXv4t
151,Sensuelle,0.478,0.807,0.756,0.0,0.118,-4.565,1,0.281,128.035,4,0.357,298906,France,5m0ujD7hPWLqOCRbzhrRkA
152,Atterrissage,0.599,0.561,0.599,0.0,0.0645,-6.79,1,0.168,84.246,4,0.763,1753426,France,6IXC9VdQ03U13URwDvDi73
153,Moulaga,0.327,0.71,0.699,4.64e-06,0.0975,-4.664,0,0.1,125.051,4,0.484,2592961,France,5BfCoUcWNXcpyJfjXRIeyC
154,Probl?mes du matin,0.197,0.726,0.835,0.0,0.175,-3.736,1,0.366,143.918,4,0.586,1747405,France,1n4Ud9ZkZY5mA7QfIu53r8
155,Don't Start Now,0.0123,0.793,0.793,0.0,0.0951,-4.521,0,0.083,123.95,4,0.679,827899,France,3PfIrDoz19wz7qK7tYeu62
156,MAMACITA,0.19,0.88,0.626,0.000755,0.094,-7.062,1,0.0473,105.01,4,0.441,295594,France,24IgCW19L8lXKyFZwzFtD3
157,soldat tue soldat,0.319,0.784,0.705,0.0,0.078,-8.368,1,0.273,148.919,4,0.636,293796,France,0CwTlnZiB3Nkhfd8uGNgq6
158,Nous,0.504,0.811,0.567,0.518,0.099,-9.366,1,0.0601,111.028,4,0.629,4373488,France,1kYjNPTvZ8G68dYTkG3BqD
159,V12,0.219,0.886,0.56,2.18e-05,0.12,-7.3,0,0.161,129.988,4,0.33,291678,France,0B1q3A7aAvHtaijwDy4d1F
160,Anyone,0.181,0.686,0.538,3.13e-06,0.113,-8.026,1,0.0345,115.884,4,0.584,1864720,France,31qCy5ZaophVA81wtlwLc4
161,Someone You Loved,0.751,0.501,0.405,0.0,0.105,-5.679,1,0.0319,109.891,4,0.446,4435923,France,7qEHsqek33rTcFNT9PFqLf
162,Prends ta paye,0.215,0.852,0.709,0.0,0.0985,-5.57,1,0.336,145.921,4,0.888,288522,France,0ZjHyhIshN8vipTEaJNx8h
163,Hot Stuff,0.019,0.681,0.773,1.28e-06,0.11,-5.749,1,0.148,119.961,4,0.429,601028,France,00ETaeHUQ6lops3oWU1Wrt
164,Elle pleut,0.724,0.62,0.375,2.86e-06,0.125,-11.064,1,0.455,92.641,4,0.226,3902103,France,4kqsT3yDyJr1KZ2AkM9qfD
165,Toutes les couleurs,0.484,0.825,0.672,0.0,0.108,-6.947,0,0.254,118.961,4,0.471,2034814,France,7s0TcSgr6VzxjJ4S9VuJc9
166,Can't Hold Us - feat. Ray Dalton,0.0291,0.641,0.922,0.0,0.0862,-4.457,1,0.0786,146.078,4,0.847,4151646,France,3bidbhpOYeV4knp8AIu8Xn
167,Paradise (feat. Dermot Kennedy),0.0689,0.632,0.595,0.0,0.209,-7.644,0,0.0401,124.114,4,0.435,4079871,France,6ft4hAq6yde8jPZY2i5zLr
168,Royal cheese,0.329,0.874,0.643,0.0,0.389,-5.972,0,0.278,129.999,4,0.468,280557,France,6R2ZPGhBifm1i793PMnXws
169,Baian?,0.000754,0.587,0.722,0.668,0.543,-6.983,0,0.0709,121.964,4,0.466,1645231,France,780be5fB7823aHG06mwTat
170,But en or,0.186,0.635,0.579,0.000715,0.0992,-7.334,1,0.417,96.27,3,0.305,567520,France,6d1nCbLfLPLl1mTqIzqwPc
171,Train de vie (feat. PLK),0.314,0.739,0.585,0.0,0.0998,-7.605,1,0.195,143.849,4,0.708,2294898,France,2VXeQ7moo4zfT6EFO3Cwse
172,93% [Tijuana],0.613,0.798,0.686,0.0,0.298,-5.138,1,0.077,136.07,4,0.797,1896744,France,6as0Q9RFNCufcus0mzHoDs
173,Italia,0.628,0.859,0.805,3.58e-05,0.0995,-6.734,0,0.0446,136.037,4,0.788,546897,France,11Mq1tJwmFOig3BXxjqcQr
174,In My Bones,0.302,0.636,0.699,0.0,0.263,-4.432,0,0.0396,96.962,4,0.709,2715380,France,6yHVyMdC08djbP86mdkP3G
175,Take You Dancing,0.0332,0.789,0.711,0.0,0.0876,-4.248,1,0.041,112.985,4,0.753,1459033,France,59qrUpoplZxbIZxk6X0Bm3
176,Carbozo 2.0,0.352,0.605,0.743,0.0,0.317,-5.643,0,0.41,71.785,4,0.471,804491,France,7tPUHFPvdY94o0MMvLDhtS
177,C?te Ouest,0.534,0.772,0.596,0.0,0.172,-7.962,1,0.102,152.057,4,0.603,2478789,France,4ZuuPLV4qYiznagLAFPHcW
178,Following The Sun,0.394,0.733,0.827,0.0252,0.136,-4.432,0,0.033,127.021,4,0.722,1850291,France,2JzXBqTIVHYX43t7EcLyMs
179,death bed (coffee for your head),0.731,0.726,0.431,0.0,0.696,-8.765,0,0.135,144.026,4,0.348,795816,France,7eJMfftS33KTjuF7lTsMCx
180,Lonely (with benny blanco),0.864,0.631,0.239,0.0,0.116,-7.071,0,0.0398,79.859,4,0.0927,2277405,France,4y4spB9m0Q6026KfkAvy9Q
181,Encore,0.204,0.782,0.684,0.0,0.129,-5.891,0,0.201,139.966,4,0.786,261692,France,0OlE17VM4jDcmQb96RqxcX
182,Ma jolie (feat. Leto),0.299,0.79,0.68,0.000245,0.241,-7.57,0,0.0587,110.015,4,0.547,260593,France,0Ty6eTLYG1oKR5WWaRPywv
183,Guadalajara,0.387,0.88,0.872,0.000661,0.0946,-4.375,0,0.0575,130.98,4,0.874,260458,France,1WdYo9lOuOSIvKlNGF6n4O
184,Anissa,0.691,0.873,0.505,0.00157,0.108,-8.554,1,0.065,100.038,4,0.583,260172,France,0Bn0FdRa1qGWfjxF9l400U
185,Physical,0.0137,0.647,0.844,0.000658,0.102,-3.756,1,0.0457,146.967,4,0.746,532970,France,3AzjcOeAmA57TIOr9zF1ZW
186,Faut pardonner,0.775,0.806,0.434,0.0,0.102,-7.956,1,0.187,101.975,4,0.456,259605,France,2BwQ6Qizq49QKAmcNgjNJL
187,Coco,0.327,0.586,0.594,0.0,0.343,-5.472,0,0.217,65.809,5,0.921,259583,France,3tagl5BZ17YgDkH5U3jkzw
188,Dernier m?tro,0.533,0.516,0.733,0.0,0.104,-4.571,0,0.123,175.855,4,0.533,1340401,France,3RkKeT2ALw3OBUhFllxxjF
189,Un autre monde,0.136,0.806,0.884,2.3e-06,0.0818,-3.732,0,0.0589,123.973,4,0.769,258528,France,1nS6Kgz4b2KTIaAHSimvcb
190,Message,0.845,0.788,0.539,1.14e-05,0.119,-10.286,1,0.115,115.447,4,0.0503,3119333,France,17ljHF98J4bOroYIcQzE2l
191,The Box,0.104,0.896,0.586,0.0,0.79,-6.687,0,0.0559,116.971,4,0.642,2209392,France,0nbXyq5TXYPCO7pr3N8S4I
192,C'est mort,0.266,0.622,0.822,0.0,0.117,-6.234,1,0.16,86.007,4,0.491,254260,France,2N9Ms8Xb9aQw63O5jKKM9b
193,J'picole,0.354,0.865,0.537,0.0,0.141,-8.359,0,0.243,126.972,4,0.659,254151,France,3DIYanBth8SOpko0IIB5CD
194,L'aventurier,0.254,0.556,0.909,0.00058,0.0971,-9.982,1,0.0444,167.101,4,0.633,253266,France,2UC5XnHA1Wn9FjQmbjNca9
195,Hello (feat. A Boogie Wit da Hoodie),0.0187,0.905,0.647,0.0,0.282,-5.065,0,0.107,130.97,4,0.367,2994917,France,2r6OAV3WsYtXuXjvJ1lIDi
196,HRTBRK #2,0.708,0.485,0.566,2.04e-05,0.195,-8.776,0,0.1,130.0,4,0.224,1050642,France,0zehnMnrIcZrl23McnKDMc
197,Au DD,0.293,0.777,0.698,2.32e-05,0.0908,-7.706,0,0.0704,119.963,4,0.119,4702835,France,5lCxlSBFyP5g4EhVypAoOu
198,Tourner la t?te,0.0252,0.932,0.685,0.0,0.0616,-6.349,1,0.0573,125.959,4,0.933,250805,France,1NfhS4IBo7m6npwPNMkZbJ
199,Mother Fuck,0.448,0.807,0.87,0.000278,0.0964,-5.109,1,0.0812,139.994,4,0.566,6701767,France,6atYbfU3m7CYTDe4LzQlUI
200,Tu vois comment ?,0.22,0.854,0.664,0.0,0.0868,-7.386,0,0.117,122.052,4,0.553,6760948,France,6eS66pycu91zUl7v2kuU6q
201,Booska 77,0.307,0.75,0.666,0.0,0.0903,-6.983,1,0.553,73.219,4,0.621,2372734,France,6bmnCmyqpoXZNakiiTx7cb
202,Elles ont trop jou? avec mon c?ur,0.155,0.69,0.567,0.0397,0.127,-7.979,1,0.0471,152.056,4,0.426,13167660,France,5SqR7dxbJiTSadTaVEhZ04
203,Travail d'arabe,0.69,0.589,0.435,6.55e-06,0.0779,-10.981,1,0.453,97.95,3,0.567,1331552,France,4GKCfVGLerU12pcCf4irGU
204,Intro #9,0.177,0.846,0.534,0.0,0.113,-7.915,1,0.396,102.998,4,0.407,1271296,France,3RiOlYqcmY6tj7P0t5RjZz
205,Gas,0.387,0.787,0.632,0.0,0.0731,-7.569,0,0.102,115.078,4,0.688,589437,France,3uq8hv6N9V62FZYZjK2Tz2
206,Romance criminelle,0.379,0.859,0.641,1.17e-05,0.0709,-8.411,0,0.212,94.082,4,0.67,1197837,France,38RhYHK1Kt2LKecChOvbTr
207,J'ai fait le tour,0.536,0.738,0.623,0.00012,0.117,-6.11,1,0.2,90.12,4,0.598,957527,France,1c2Rr8FbtkeKZS5hDEXHF5
208,drivers license,0.721,0.585,0.436,1.31e-05,0.105,-8.761,1,0.0601,143.874,4,0.132,11706988,France,7lPN2DXiMsVn7XUKtOW1CS
209,Poursuite,0.484,0.794,0.641,0.0,0.0954,-8.021,0,0.11,126.01,4,0.475,877057,France,5IiI9L6loaXxDGzUOPi6KF
210,59 Carats,0.416,0.855,0.483,0.0,0.108,-9.195,1,0.24,123.071,4,0.52,811314,France,1oHu927rZAShTX3Y3OHC3z
211,Comme un junkie,0.523,0.764,0.377,0.0,0.125,-10.71,0,0.214,102.012,4,0.269,771557,France,1Z1h26DDQekqNaQaDFOidT
212,Sourire de millionaire,0.309,0.808,0.629,0.0,0.136,-8.568,0,0.511,108.705,4,0.595,770239,France,3ZRw1gntaXnjXJnDQHYLJe
213,Y'a trop,0.311,0.95,0.616,0.0,0.106,-7.027,1,0.248,104.985,4,0.688,477494,France,5jhgLWi8sstyfLhTIONlKQ
214,HLM,0.354,0.805,0.653,0.0,0.0946,-5.118,0,0.34,137.944,4,0.553,455328,France,6C8PvrnzqAItQvQYOiMkoM
215,Et? 90,0.0215,0.649,0.618,1.16e-06,0.0911,-7.691,1,0.0779,92.02,4,0.381,8470948,France,1p9dxTMtG4gZpLp7yzvT54
216,The wire,0.296,0.546,0.572,1.87e-06,0.141,-7.754,0,0.303,68.645,4,0.43,415922,France,7F4OmTWeRUQUpQZyCfAGu4
217,L?ger gui,0.339,0.928,0.935,0.0,0.185,-5.178,0,0.15,125.926,4,0.928,415202,France,2DHJbIH3PxbcKJxRSRbAvf
218,Bah o?,0.469,0.733,0.371,8.53e-05,0.148,-13.186,0,0.709,80.278,4,0.213,413265,France,2Yruxx4Hsu5EVWGwhDbqg6
219,Caract?re,0.0193,0.901,0.643,0.0,0.21,-8.68,0,0.111,130.028,5,0.47,390809,France,3D7SWyHGzsDU3Abez1tUN9
220,L?-bas,0.285,0.809,0.57,0.0,0.0483,-7.638,0,0.424,85.009,4,0.634,385976,France,5PD8FTomq7V0Bp1t9jZUq0
221,M?me valeurs,0.862,0.752,0.274,3.63e-06,0.101,-14.331,0,0.227,95.983,4,0.26,385574,France,49wY7WK8NhEPzIYC63GmtI
222,Vie dure,0.333,0.715,0.731,0.0,0.111,-7.71,0,0.159,96.012,3,0.483,363524,France,190xE4jFfA1L0QqyfH4mh0
223,Diamonds,0.161,0.637,0.666,0.0,0.108,-6.773,0,0.0494,104.02,4,0.529,1779828,France,1hJIbOjWpid6LtnozHmzRS
224,Bateaux-Mouches,0.219,0.769,0.54,0.0,0.101,-7.595,1,0.22,87.093,4,0.605,327795,France,1hHR1visLei5uOWSDxPppA
225,BBJTM,0.145,0.787,0.572,0.0,0.0753,-7.516,1,0.222,155.117,4,0.647,592600,France,5fEJDiHWMECUifmNipjvqO
226,Pourquoi,0.098,0.772,0.452,0.00063,0.123,-11.071,0,0.305,158.046,4,0.478,321803,France,45fa9tfCDUsE0J4JYT8nPm
227,Panenka,0.469,0.71,0.652,1.77e-06,0.0941,-5.881,0,0.381,91.845,3,0.641,302225,France,0d6QB2VDTxCfPiMhWhDhVk
228,Adriano,0.0385,0.9,0.788,0.0,0.115,-6.58,0,0.278,118.034,4,0.29,295476,France,5xL8hQCrjCnXLl4YcNWIqc
229,A d?couvert,0.329,0.831,0.539,0.0,0.176,-7.147,1,0.133,113.325,5,0.538,2017726,France,3UN8IJKJuNX0xYAh1qApbI
230,Save Your Tears,0.0212,0.68,0.826,1.24e-05,0.543,-5.487,1,0.0309,118.051,4,0.644,12801693,France,5QO79kh1waicV47BqGRL3g
231,Sans pitax,0.225,0.54,0.917,0.0,0.0654,-2.827,1,0.41,75.277,4,0.608,289036,France,6iPYbSCPeXq7gfx78AoB23
232,?a recommence,0.32,0.698,0.619,0.0,0.403,-7.118,0,0.31,94.933,4,0.6,287549,France,0q29pay2hsN95TnkkfUo5Z
233,Freestyle 5min #8,0.0506,0.689,0.87,1.31e-06,0.19,-6.68,1,0.296,99.903,4,0.592,551145,France,4Z8QhkewnkXM8jN5VAVkng
234,Octobre,0.046,0.827,0.837,1.09e-06,0.205,-6.621,0,0.282,92.099,4,0.534,282938,France,5C44BHXUaSMSYoxEw1dopl
235,Gas,0.387,0.787,0.632,0.0,0.0731,-7.569,0,0.102,115.078,4,0.688,1373595,France,1f6jx0NzCcJiY9NQFKCwjR
236,KASSAV (feat. Tiakola),0.64,0.76,0.518,6.84e-06,0.278,-9.797,0,0.33,144.084,4,0.781,3992833,France,2eCSMPxV5U3MdqiXDELLRc
237,Charg?,0.00802,0.853,0.793,1.08e-05,0.11,-6.028,0,0.252,126.953,4,0.718,1746102,France,1R5NIb1aUjWawsft1HCAFi
238,Chicha menthe,0.285,0.881,0.561,0.0,0.0869,-9.166,1,0.101,127.975,4,0.481,964719,France,5uw6CaRX3C1KQeIxCilbGj
239,Au clair de la rue,0.512,0.634,0.633,0.0,0.277,-6.789,1,0.06,165.255,3,0.507,990863,France,3dRAUtSPXyFVQYEOehJXJ0
240,Realest #HLM,0.26,0.792,0.652,0.0,0.371,-7.411,1,0.322,142.945,4,0.775,449920,France,3Q9KkTpCKefiKgVenOib4W
241,Vettel,0.342,0.84,0.64,1.4e-06,0.0872,-6.573,0,0.15,95.016,4,0.662,364353,France,5BkuzeWF8UnEG4WA89lBO9
242,Temp?te,0.433,0.58,0.567,0.0,0.239,-7.914,1,0.0724,133.127,4,0.59,357297,France,4BM1WckqtwqMSuuAeUPjzO
243,crashtest,0.638,0.846,0.566,8.41e-06,0.101,-11.075,0,0.267,91.992,4,0.243,335348,France,3W2OukdsLstCCXpc9D5GAM
244,J'R?ve,0.627,0.704,0.801,0.0,0.107,-5.449,0,0.0792,89.949,4,0.18,305428,France,4Ag4K6Gkh5yiJF6QwSL3uL
245,La Costa,0.442,0.874,0.717,3.48e-06,0.143,-7.396,0,0.197,119.979,4,0.775,1003218,France,6ZsIDanQo475fHtknukc6x
246,Onizuka,0.392,0.688,0.569,0.000175,0.12,-7.007,0,0.0375,109.041,4,0.359,2225097,France,4GCIYE1x1TWJCChPkpy9by
247,Moonlight,0.556,0.921,0.537,0.00404,0.102,-5.723,0,0.0804,128.009,4,0.711,2379376,France,0JP9xo3adEtGSdUEISiszL
248,Se?orita,0.0392,0.759,0.548,0.0,0.0828,-6.049,0,0.029,116.967,4,0.749,281794,France,6v3KW9xbzN5yKLt9YKDYA2
249,Le Tour,0.515,0.512,0.567,0.0,0.0957,-6.86,0,0.193,78.702,5,0.584,275481,France,5oAVcW3DZKnnsfMtbuCszt
250,Maman ne le sait pas (feat. Niska),0.399,0.755,0.875,0.0,0.115,-5.944,0,0.193,145.008,4,0.393,2240949,France,5c2HadbVTsMKjja4gohEFI
251,goosebumps,0.0847,0.841,0.728,0.0,0.149,-3.37,1,0.0484,130.049,4,0.43,3179044,France,6gBFPUFcJLzWGx4lenP6h2
252,Jamais,0.474,0.643,0.643,0.0,0.102,-7.08,0,0.0905,149.956,4,0.81,266921,France,4jB8td98pbRVvTqtQ7I3MI
253,Goutte d'eau,0.647,0.683,0.693,0.0,0.121,-6.441,0,0.127,137.826,4,0.322,1654474,France,0rQbvQpjQ6QeeCAnVRzokf
254,. Macarena,0.182,0.777,0.554,1.7e-06,0.0477,-8.179,1,0.0572,129.933,4,0.27,3371001,France,2ewjMyCbNv2X1dB2qIDCwD
255,RATPI WORLD,0.12,0.792,0.644,0.0135,0.117,-8.525,1,0.0657,139.98,4,0.677,11922188,France,2ZjTAieewsBC24kPGfLagc
256,Cesar (feat. Ma?tre Gims),0.05,0.79,0.8,0.0,0.0908,-5.626,0,0.117,124.988,4,0.702,546390,France,1o1i2mJ7F9h6uGByxwfgH8
257,Mexicaine (feat. Jul),0.413,0.738,0.537,0.0,0.0934,-9.191,1,0.144,87.562,4,0.724,1367851,France,5ceptSHHbpGByonAyG2zLJ
258,Lo Vas A Olvidar (with ROSAL?A),0.721,0.343,0.243,0.00198,0.0668,-14.66,0,0.0777,135.154,4,0.032,733199,France,0psS4i5YooJrXfDnGvWRLi
259,Coeur ab?m?,0.0416,0.744,0.53,0.0,0.193,-6.308,1,0.0494,98.988,3,0.339,1832745,France,4IwuZFvnWsShrRKrc9Fr5b
260,Gangsta (feat. Key Largo),0.175,0.535,0.804,0.0,0.0719,-4.358,0,0.328,84.918,4,0.716,377456,France,6eUrjs0ZmX1rpyLGViAejw
261,WITHOUT YOU,0.213,0.662,0.413,0.0,0.134,-7.357,1,0.0299,93.005,4,0.467,4634270,France,27OeeYzk6klgBh83TSvGMA
262,Piccolo,0.585,0.736,0.583,0.0,0.142,-6.689,1,0.143,147.954,4,0.663,2875995,France,6QP2nfR8nSh71cAQAwz7Ld
263,Ronaldinor,0.0729,0.76,0.674,0.0,0.113,-6.895,0,0.228,139.968,4,0.16,346065,France,6M82riej4nLhO2Y98M6nrG
264,Ciel & Terre,0.239,0.655,0.434,0.0,0.364,-10.853,0,0.047,131.89,4,0.653,342693,France,6KPBciz6WagzeZGF6pvVQE
265,Wasted Love (feat. Lagique),0.0821,0.734,0.855,4.73e-06,0.0901,-4.578,0,0.135,121.955,4,0.54,8816589,France,2pPO9YecZimmuVQfIzfV6U
266,Ma ch?rie (feat. Hatik),0.223,0.646,0.849,1.91e-05,0.115,-4.653,0,0.0372,170.015,4,0.886,600777,France,2Tic4xsREA5v9jEcgGSdRt
267,Good Days,0.499,0.436,0.655,8.1e-06,0.688,-8.37,0,0.0583,121.002,4,0.412,869193,France,3YJJjQPAbDT7mGpX3WtQ9A
268,Maladroit,0.321,0.712,0.629,0.000409,0.106,-6.066,0,0.162,140.127,4,0.482,288289,France,3f1mLHYMxHGDoiwha4fWrW
269,Jocelyn Flores,0.469,0.872,0.391,4.13e-06,0.297,-9.144,0,0.242,134.021,4,0.437,1091269,France,7m9OqQk4RVRkw9JJdeAw96
270,Streets,0.208,0.749,0.463,0.0371,0.337,-8.433,1,0.0828,90.028,4,0.19,2753957,France,60ynsPSSKe6O3sfwRnIBRf
271,Doucement,0.103,0.693,0.475,0.0,0.125,-9.678,1,0.0449,92.058,4,0.338,568102,France,1U0PqGdtaeGDWqwOAalBYn
272,Bailamos,0.31,0.688,0.78,5.15e-05,0.114,-4.957,1,0.122,193.891,4,0.568,4869440,France,0mAinALNSl5TurTs9ZPUMp
273,Heat Waves,0.44,0.761,0.525,6.7e-06,0.0921,-6.9,1,0.0944,80.87,4,0.531,1464634,France,02MWAaffLxlfxAUY7c5dvx
274,SAD!,0.258,0.74,0.613,0.00372,0.123,-4.88,1,0.145,75.023,4,0.473,792579,France,3ee8Jmje8o58CHK66QrVC2
275,Noir sur blanc,0.619,0.656,0.507,0.0,0.107,-11.797,0,0.438,127.753,4,0.399,268439,France,4DABZcSab2DhDCh9Zs6oye
276,Tricheur,0.407,0.758,0.638,0.0,0.178,-7.984,0,0.253,137.981,4,0.188,531930,France,7C7GtWZmyicqjBDbAWPsCp
277,Double Bang 10,0.158,0.889,0.647,1.23e-05,0.0768,-5.923,0,0.288,137.989,4,0.638,3444056,France,7bzZyGUsE3WRBJle203iUN
278,Dans l'univers,0.326,0.64,0.419,0.000271,0.137,-9.962,1,0.168,131.936,4,0.202,1331317,France,2PYXOG6GdxF9sUIH2NfOAD
279,F*cked Up 4,0.319,0.841,0.672,0.0,0.0842,-7.167,0,0.308,137.047,4,0.497,1853459,France,09g0NvESsNp7Z9nv8JgZ5D
280,SEC,0.131,0.913,0.639,0.0,0.0967,-6.842,1,0.227,130.006,4,0.473,564404,France,6jY8YJl5MFyDOLAuVWQ8RX
281,Goal,0.418,0.786,0.589,0.0,0.0916,-8.979,1,0.453,114.177,4,0.525,824509,France,3iS6fmjMrZUIqsrLOBkGmv
282,D?cisions,0.197,0.51,0.712,0.0,0.124,-5.672,0,0.433,80.163,5,0.221,551549,France,4LXnigmXq51YwmovSpRNxo
283,Dor?,0.452,0.783,0.496,1.11e-06,0.104,-8.739,0,0.0582,140.016,4,0.388,538270,France,3C1nJCgAww9Nyv72HG6i8w
284,New Hares (Same Sh!t),0.335,0.772,0.635,0.0,0.158,-7.687,1,0.348,137.041,4,0.632,466040,France,1a8QbimidAoMSPdv43GfgP
285,Gang-gang (feat. Wejdene),0.242,0.834,0.649,0.0,0.33,-6.714,1,0.267,126.947,4,0.802,754836,France,1v3UVaNJWt3j69Bax3LY7e
286,Bolingo,0.0553,0.65,0.845,0.000208,0.0969,-4.838,1,0.0882,197.977,4,0.598,3318734,France,4taekRN9LXlWMgDa0rgy4h
287,Friday (feat. Mufasa & Hypeman) - Dopamine Re-Edit,0.0076,0.824,0.862,0.000132,0.303,-3.424,1,0.126,122.98,4,0.801,8863567,France,4cG7HUWYHBV6R6tHn1gxrl
288,Goosebumps - Remix,0.418,0.841,0.593,0.0,0.124,-7.846,1,0.0379,124.917,4,0.808,10847846,France,5uEYRdEIh9Bo4fpjDd4Na9
289,Facile,0.783,0.668,0.44,2.06e-05,0.0963,-8.253,0,0.0754,173.739,4,0.676,834647,France,09WkK0MhHkBVH0GZ6gLmoE
290,Silence,0.381,0.512,0.609,0.0337,0.127,-7.198,0,0.0443,97.411,4,0.641,268406,France,2IZPcTGwHAd8yu5Z0kl5t0
291,Lifestyle (feat. Adam Levine),0.0209,0.749,0.674,0.0,0.169,-5.128,0,0.0366,123.055,4,0.711,1676327,France,0osvOdeD3YXZiWkT8MKolJ
292,Si tu m'aimes 2,0.215,0.42,0.641,0.0,0.12,-4.833,0,0.0766,82.359,4,0.312,3716095,France,1q9m2uGgiuKwy4t5q4v7sK
293,Plus d'amour,0.909,0.685,0.511,4.96e-06,0.105,-9.437,0,0.0852,132.634,4,0.642,257627,France,28RtXmXjQvJG3HRpRZUcwI
294,March? noir,0.416,0.55,0.546,0.00104,0.571,-8.567,0,0.39,80.035,4,0.204,7632945,France,4uOiz6kmw0NkJLWAS0etWx
295,R?el (feat. Zed),0.141,0.693,0.508,1.22e-06,0.075,-8.149,0,0.228,144.079,4,0.591,2820287,France,2Ilo9KNm4tD3dQhAVEnhvn
296,PTSD,0.0229,0.859,0.489,8.29e-06,0.108,-8.931,0,0.329,140.97,4,0.492,957313,France,13ZsYnnX3ZVsbjwiPMnr2y
297,Keke,0.218,0.797,0.571,0.00208,0.145,-9.732,1,0.517,144.056,4,0.818,651984,France,55iofhgDUt3PDZadpqbHAE
298,Spaghetti (feat. Gazo & Guy2Bezbar),0.0298,0.76,0.66,1.34e-06,0.128,-7.285,1,0.408,139.948,4,0.632,591310,France,1Ujvp85FTkDkCdJPPM21wI
299,La Costa,0.442,0.874,0.717,3.48e-06,0.143,-7.396,0,0.197,119.979,4,0.775,3108496,France,4reODQeIoWhBgXe3nZmehp
300,Donft Tell (feat. Headie One),0.0866,0.828,0.52,0.000141,0.103,-8.349,0,0.339,145.092,4,0.581,551338,France,1DcMWQ5AtAACPLOnxU8yu6
301,Jalousie,0.218,0.553,0.476,1.79e-05,0.126,-9.757,0,0.462,139.746,3,0.479,536611,France,0ozCaQRqYtK7B6RpGmQAYB
302,Fake Friends,0.0572,0.822,0.405,0.000247,0.096,-9.161,0,0.149,140.005,4,0.556,7124720,France,59o6ojGNGJOYiVJSzC6Lsa
303,Slide,0.213,0.906,0.588,0.0,0.0573,-7.404,0,0.215,124.01,4,0.785,518217,France,0LU67n7uL5RrjB1m1cYSKt
304,Loin de tout,0.377,0.506,0.649,0.0,0.0798,-6.118,0,0.154,159.929,5,0.522,506237,France,4W9ZLuUtdSptQakOh0Envf
305,Mango - Extrait de la BO de ? En Passant P?cho ?,0.128,0.798,0.868,6.22e-06,0.249,-5.1,1,0.104,140.009,4,0.787,466206,France,6eM5PRCH3vNu9t5d0As5yp
306,Moins un,0.19,0.918,0.399,0.0,0.0751,-8.795,1,0.37,109.031,4,0.483,2627137,France,2xFfjs4zBBmwX9nsZPkcat
307,Torino,0.218,0.772,0.467,0.000313,0.0823,-7.295,1,0.363,139.92,4,0.559,438821,France,4TBQiutlMiFFN26AWM70wg
308,La meilleure,0.652,0.757,0.517,0.00527,0.173,-8.499,0,0.0672,102.008,4,0.218,433982,France,6KxthowTMjPw5De1CsPeiM
309,La passat,0.289,0.863,0.741,0.0,0.11,-6.353,0,0.185,130.026,4,0.619,422502,France,0d0sM8siq3mzUagJs8YZqy
310,F*cked Up 4,0.319,0.841,0.672,0.0,0.0842,-7.167,0,0.308,137.047,4,0.497,3948870,France,71S0bmeVlFckwhq5R0Is2d
311,Nouveaux parrains,0.312,0.692,0.789,2.28e-06,0.138,-4.376,1,0.127,95.231,4,0.689,399016,France,6aXhGhkZzfI8vCchW8PpbJ
312,BXL ZOO,0.0604,0.745,0.656,0.0,0.11,-6.829,0,0.203,137.997,4,0.405,1948350,France,4ycyOBm9iFoiNVkafhb1WW
313,TCHIN 2X,0.221,0.755,0.681,0.0066,0.314,-7.994,0,0.053,146.002,4,0.266,1457664,France,7szuecWAPwGoV1e5vGu8tl
314,Moonlight,0.556,0.921,0.537,0.00404,0.102,-5.723,0,0.0804,128.009,4,0.711,309267,France,1SdAKFXSjj5QSn5CdSn3eO
315,aaa,0.299,0.663,0.583,0.0,0.27,-8.498,0,0.45,121.721,4,0.605,594802,France,1nyUJcqOk7ATAQhf8uZvgH
316,goosebumps,0.0847,0.841,0.728,0.0,0.149,-3.37,1,0.0484,130.049,4,0.43,609263,France,14YjOD4J7N1FGZMt5N4eIs
317,Booska 77,0.307,0.75,0.666,0.0,0.0903,-6.983,1,0.553,73.219,4,0.621,539410,France,1SVuEeerYIwjCRsF5MGzX3
318,Azerty,0.206,0.779,0.618,0.000213,0.089,-7.131,1,0.0812,124.994,4,0.078,265134,France,4YlMUhXDV3d8tNwzkb4gmy
319,Doudou,0.136,0.773,0.609,0.0,0.0729,-5.855,0,0.244,98.071,4,0.697,263940,France,3Ofmpyhv5UAQ70mENzB277
320,Mother Fuck,0.448,0.807,0.87,0.000278,0.0964,-5.109,1,0.0812,139.994,4,0.566,6885786,France,0QMHp1X3B5BGN6J3HynHT1
321,Cosmos - feat. PLK,0.281,0.912,0.506,0.000253,0.163,-9.284,1,0.229,135.016,4,0.628,5596472,France,5hM1Bta5Ej1rRyOXStRIzH
322,"Benzo - feat. Hamza, Leto",0.2,0.826,0.526,0.0,0.115,-8.799,0,0.0456,119.98,4,0.641,1728749,France,79AGGL5GLjdvvLmpeBKyJX
323,Pas bien - Extrait de la BO de ? En Passant P?cho ?,0.337,0.73,0.863,0.0,0.0987,-2.66,1,0.226,92.103,4,0.454,2307798,France,4I9JCZHr8AYsabfUF3hrLT
324,JUSQU'ICI TOUT VA BIEN,0.408,0.753,0.506,0.0,0.0827,-6.905,0,0.0428,122.991,4,0.451,2258922,France,5cPT2ZlYmD7OLocSFLSC81
325,Levitating (feat. DaBaby),0.00883,0.702,0.825,0.0,0.0674,-3.787,0,0.0601,102.977,4,0.915,4480209,France,7FPJ3rncDYvcdgW11PhTMw
326,Tu vois comment ?,0.22,0.854,0.664,0.0,0.0868,-7.386,0,0.117,122.052,4,0.553,1177530,France,6a34P3SCR1p3Adp3Uc3ezV
327,Dior,0.212,0.548,0.805,0.000389,0.408,-5.732,1,0.351,142.094,4,0.648,1512244,France,46hQuZkxK5mWh1fxPCXDC0
328,Coeur ab?m?,0.0416,0.744,0.53,0.0,0.193,-6.308,1,0.0494,98.988,3,0.339,2826741,France,2kSm0gae6PBJxFSMs48w6J
329,Friday (feat. Mufasa & Hypeman) - Dopamine Re-Edit,0.0076,0.824,0.862,0.000132,0.303,-3.424,1,0.126,122.98,4,0.801,736891,France,6Hi6n4SB5WQ8wfrAnV75bC
330,La Costa,0.442,0.874,0.717,3.48e-06,0.143,-7.396,0,0.197,119.979,4,0.775,8458024,France,5xriTc82DdSAGToWcixBKf
331,Hood - feat. DA Uzi,0.275,0.818,0.555,0.0,0.215,-7.089,0,0.259,120.003,4,0.6,408031,France,7EKW8ZfFMqoMTC2WX1mYOt
332,La passat,0.289,0.863,0.741,0.0,0.11,-6.353,0,0.185,130.026,4,0.619,405936,France,6KLidPjA7ZrsZQKp7IbjyY
333,Your Love (9PM),0.194,0.669,0.784,6.28e-06,0.115,-5.603,1,0.112,125.993,4,0.517,1403930,France,6CBexuksSZDtCj9TWOQs3r
334,Confiance,0.266,0.822,0.498,3e-06,0.0809,-8.015,0,0.0513,97.961,4,0.301,6542612,France,5YaskwnGDZFDRipaqzbwQx
335,Bien plus fort (feat. Ya Levis),0.258,0.577,0.411,0.0,0.105,-15.188,1,0.42,167.824,4,0.348,397609,France,275KX6vp0wPMj9Ka4SCvAa
336,We're Good,0.0319,0.722,0.588,0.0,0.183,-5.932,1,0.0544,134.01,4,0.59,672748,France,3iMSFjiiFxnoDUpBvaW5wP
337,Roses - Imanbek Remix,0.0143,0.769,0.719,0.00777,0.359,-5.472,1,0.0474,121.955,4,0.863,1056515,France,1diS6nkxMQc3wwC4G1j0bh
338,WITHOUT YOU,0.213,0.662,0.413,0.0,0.134,-7.357,1,0.0299,93.005,4,0.467,383817,France,3k6B0Z0FYvgrogYUnANAZb
339,Prisoner (feat. Dua Lipa),0.0103,0.781,0.67,0.0,0.0761,-3.912,0,0.0452,127.99,4,0.595,372885,France,56qzgNJArC0lDmWrDDmrcD
340,you broke me first,0.785,0.667,0.373,0.0,0.0906,-9.389,1,0.05,124.148,4,0.0823,365962,France,7kwvizClpPaqpuhc3fPCmJ
341,Mele?im,0.188,0.682,0.697,0.0,0.334,-4.276,0,0.0757,95.012,4,0.57,357012,France,2GAkYKMHIyU39CbcF2T1Ll
342,6.3,0.688,0.875,0.613,0.0,0.114,-7.229,0,0.21,119.964,4,0.752,2925551,France,5Kskr9LcNYa0tpt5f0ZEJx
343,Breaking Me,0.223,0.789,0.72,0.0,0.129,-5.652,0,0.218,122.031,4,0.664,7591049,France,3VT8hOC5vuDXBsHrR53WFh
344,Si tu m'aimes 2,0.215,0.42,0.641,0.0,0.12,-4.833,0,0.0766,82.359,4,0.312,923716,France,0EY9GiQbYlPVs35MpecYSO
345,Can't Hold Us - feat. Ray Dalton,0.0291,0.641,0.922,0.0,0.0862,-4.457,1,0.0786,146.078,4,0.847,5401547,France,3iw6V4LH7yPj1ESORX9RIN
346,Maman ne le sait pas (feat. Niska),0.399,0.755,0.875,0.0,0.115,-5.944,0,0.193,145.008,4,0.393,3962663,France,5SFXOMJJ334Wn2PwBHeRZN
347,Moulaga,0.327,0.71,0.699,4.64e-06,0.0975,-4.664,0,0.1,125.051,4,0.484,285953,France,5a7SbbDQMBeJoFhptn0srt
348,Goosebumps,0.325,0.767,0.659,0.0,0.13,-7.429,1,0.0444,124.946,4,0.439,3289577,France,3eGnvpFOpf2CEffcKjbC5m
349,Onizuka,0.392,0.688,0.569,0.000175,0.12,-7.007,0,0.0375,109.041,4,0.359,4194632,France,1J14CdDAvBTE1AJYUOwl6C
350,WAP (feat. Megan Thee Stallion),0.0194,0.935,0.454,0.0,0.0824,-7.509,1,0.375,133.073,4,0.357,549228,France,3yndKI4zWEyC36BQYrdKBA
351,I Was Made,0.0823,0.609,0.85,0.0,0.0999,-3.471,1,0.0268,128.006,4,0.314,2068991,France,1M4OcYkxAtu3ErzSgDEfoi
352,SAD!,0.258,0.74,0.613,0.00372,0.123,-4.88,1,0.145,75.023,4,0.473,265251,France,0ieEZjHQO5eq9Uad7opItK
353,Whoopty,0.2,0.719,0.648,0.0,0.127,-7.6,0,0.125,140.201,4,0.66,5533193,France,1t9WgS8FN0534tLBRwbaxO
354,? la f?te,0.334,0.884,0.656,0.0,0.135,-6.707,0,0.169,100.381,3,0.431,4485881,France,5TyBXMmVCtAxpOMTCILl8C
355,Coeur ab?m?,0.0416,0.723,0.53,0.0,0.192,-6.308,1,0.0554,99.057,3,0.341,4328160,France,21SfDIzLqA9PltXot9U5Wc
356,Fils 2,0.226,0.798,0.703,1.4e-05,0.396,-8.007,1,0.254,116.964,4,0.687,4009494,France,3IHyLOqJ4WPGRHWB7UjXmg
357,R?fl?chir,0.51,0.9,0.577,0.0,0.092,-4.692,0,0.0546,107.033,4,0.602,5534394,France,0G4puQDFyihFfN8h6PpVDo
358,The Business,0.414,0.798,0.62,0.0192,0.112,-7.079,0,0.232,120.031,4,0.235,2264871,France,1HPSiGYqd6cSsMcXE1ouSy
359,Mais je t'aime,0.796,0.476,0.412,9.04e-06,0.112,-10.529,0,0.131,179.783,3,0.209,1936571,France,6eNp7Fx34k8Wh5GUvkbBHq
360,Astronaut In The Ocean,0.175,0.778,0.695,0.0,0.15,-6.865,0,0.0913,149.996,4,0.472,733104,France,3eBP8HIUQKz9pDtduRf2ky
361,"Benzo - feat. Hamza, Leto",0.2,0.826,0.526,0.0,0.115,-8.799,0,0.0456,119.98,4,0.641,682299,France,6jd1shV4ez7BGPqmXISPUf
362,TCHIN 2X,0.221,0.755,0.681,0.0066,0.314,-7.994,0,0.053,146.002,4,0.266,382599,France,1HEY3Bi6QQHUYNI13OfdDX
363,Unit? (feat. Soolking & Imen Es),0.469,0.644,0.648,0.0,0.369,-6.317,0,0.0391,149.953,4,0.608,376192,France,4KOwQFpgsydDGZ0CJTk8y8
364,Mele?im,0.188,0.682,0.697,0.0,0.334,-4.276,0,0.0757,95.012,4,0.57,365933,France,0OWYUSB7AWxO1Ddp0CHGqH
365,6.3,0.688,0.875,0.613,0.0,0.114,-7.229,0,0.21,119.964,4,0.752,361392,France,2wEF7DMp3rPaNG1xCXuOye
366,Trop beau,0.295,0.748,0.66,5.56e-06,0.0883,-6.034,0,0.0404,123.902,4,0.324,349544,France,4ZKEPjdQaCe0JZFnQQXrRB
367,Nous,0.504,0.811,0.567,0.518,0.099,-9.366,1,0.0601,111.028,4,0.629,344824,France,2NrcSGwImmoF7DzSmgxSPw
368,One More Time,0.0194,0.613,0.697,0.0,0.332,-8.618,1,0.133,122.746,4,0.476,640607,France,2cGxRwrMyEAp8dEbuZaVv6
369,Jerusalema (feat. Nomcebo Zikode),0.0185,0.88,0.483,8.68e-06,0.0607,-7.012,1,0.0505,124.009,4,0.827,695093,France,0DiWol3AO6WpXZgp0goxAV
370,Heat Waves,0.44,0.761,0.525,6.7e-06,0.0921,-6.9,1,0.0944,80.87,4,0.531,330359,France,62liGArsgPtee1Xj2alM7b
371,Au DD,0.293,0.777,0.698,2.32e-05,0.0908,-7.706,0,0.0704,119.963,4,0.119,324781,France,3qks4u46FNUzgaJv3fWqdl
372,?a va aller,0.164,0.707,0.698,0.000283,0.199,-4.274,1,0.0312,103.035,4,0.551,318428,France,0gyzVEfjCV09QvX7iCMrnb
373,Cl?sico,0.397,0.762,0.519,0.0,0.102,-6.663,0,0.361,179.904,3,0.391,317764,France,3a1zfFGc5DLBvc98DascHA
374,N'y pense plus,0.448,0.589,0.632,0.0,0.0744,-7.382,0,0.266,93.696,4,0.44,317259,France,7gLjK6QO75JJJDoOpe9vAa
375,Let's Love,0.00882,0.662,0.868,0.00244,0.584,-4.025,1,0.0341,92.998,4,0.353,301477,France,3Nnm2VNqTGOtMz2eCDPHF7
376,Streets,0.208,0.749,0.463,0.0371,0.337,-8.433,1,0.0828,90.028,4,0.19,298775,France,0SIgISyFePcqPWmiTDjSIi
377,Ride It,0.177,0.88,0.751,6.43e-05,0.106,-4.258,0,0.0874,117.948,4,0.884,3867774,France,6Hnkjbkaez3Dk8vTEdMakZ
378,Mexicaine (feat. Jul),0.413,0.738,0.537,0.0,0.0934,-9.191,1,0.144,87.562,4,0.724,296272,France,7btLDhKJGsEnNRInQYG5Ad
379,Maman ne le sait pas (feat. Niska),0.399,0.755,0.875,0.0,0.115,-5.944,0,0.193,145.008,4,0.393,1433805,France,2oT2g4vkjRaFOcUtdOf9eg
380,Goosebumps,0.325,0.767,0.659,0.0,0.13,-7.429,1,0.0444,124.946,4,0.439,284689,France,5W3cjX2J3tjhG8zb6u0qHn
381,Wow,0.376,0.837,0.581,0.000119,0.111,-6.304,0,0.401,144.035,4,0.539,273777,France,5GXAXm5YOmYT0kL5jHvYBt
382,Le temps,0.105,0.594,0.597,0.000103,0.0748,-6.084,1,0.165,201.906,4,0.639,17021425,France,360oH1CqXe9XXzbbi6hvyr
383,KASSAV (feat. Tiakola),0.649,0.759,0.523,1.33e-05,0.269,-9.886,0,0.321,144.109,4,0.766,7259614,France,25PVU9aowaP69bSYRBe3sj
384,La kiffance,0.232,0.806,0.637,0.0,0.071,-6.515,1,0.0881,140.053,4,0.674,6214307,France,4CWcaGtaOyAqBDKIeZMUe0
385,Carr? d'as,0.115,0.857,0.764,0.0,0.114,-6.964,0,0.44,97.487,4,0.713,3124267,France,63KceD5KbISyfgeV4zedIm
386,All We Got (feat. KIDDO),0.286,0.504,0.76,0.0,0.151,-4.246,1,0.0426,183.933,4,0.64,5177893,France,1iAyJBksvAI6DQEnzv8l1E
387,Ph?nom?ne,0.585,0.743,0.452,0.0,0.108,-9.73,1,0.397,123.79,4,0.531,1106722,France,1lkKMvEs3Bm1xyuc7KEn5Y
388,Pilote (feat. Hamza),0.217,0.844,0.562,0.000636,0.114,-7.744,0,0.137,94.976,4,0.574,1425806,France,2mRUpmZ3WbaG8Se7x7uPgt
389,?a me guintch,0.438,0.878,0.709,0.000119,0.102,-6.581,0,0.28,117.073,4,0.6,3342226,France,10nCB4Iq9BI3aW2iEldiR9
390,Coeur ab?m?,0.0416,0.723,0.53,0.0,0.192,-6.308,1,0.0554,99.057,3,0.341,1512368,France,0cjCj1QCmqxFINXHfnFaBi
391,La Costa,0.442,0.874,0.717,3.48e-06,0.143,-7.396,0,0.197,119.979,4,0.775,3661389,France,3K8Iec6qaIpcVgyWs0hOYq
392,Rather Be You,0.164,0.74,0.706,0.0,0.163,-4.5,0,0.0378,89.016,4,0.636,1570686,France,3pFjLqo6SFBAegYmmNO60n
393,La vie qu'on m?ne,0.687,0.8,0.756,2.06e-06,0.111,-4.4,0,0.0367,113.204,3,0.456,908902,France,1oe4pVhPYhN7oFUNqqSQS1
394,En chair et en or,0.296,0.839,0.622,0.0,0.0948,-4.941,0,0.16,86.663,5,0.85,7556395,France,7moGDROshDKDpuQxtQ3q4m
395,JUSQU'ICI TOUT VA BIEN,0.408,0.753,0.506,0.0,0.0827,-6.905,0,0.0428,122.991,4,0.451,848543,France,1jxdncLd9qR3sjzf47Otcs
396,Levitating (feat. DaBaby),0.00883,0.702,0.825,0.0,0.0674,-3.787,0,0.0601,102.977,4,0.915,8254642,France,6Vcxzw4ifKqYxVrp3ckpVF
397,Calling My Phone,0.451,0.907,0.393,1.35e-06,0.135,-7.636,0,0.0539,104.949,4,0.202,761796,France,1g3lm2P2vR9sUSRLwiigPo
398,Head Shoulders Knees & Toes (feat. Norma Jean Martine),0.0247,0.798,0.828,2.55e-06,0.121,-5.36,1,0.193,124.962,4,0.6,2151629,France,26xheWSJ6cJf1oF5ooC4ZC
399,My Head & My Heart,0.0697,0.614,0.934,0.0,0.121,-3.709,0,0.07,116.001,4,0.436,764528,France,1efyvoQUlh1PYAOeiGgCeC
400,Floating Through Space,0.00172,0.575,0.844,0.0,0.114,-4.89,0,0.072,104.914,4,0.277,445097,France,5i5tSkYYWD6wTRn4XwLrH1
401,DRILL FR 5 (feat. Hamza),0.134,0.775,0.682,2.7e-05,0.113,-6.216,0,0.227,141.069,4,0.693,3732220,France,0XwSUpdrF7nR7hVxbDs7mb
402,Nouveaux parrains,0.312,0.692,0.789,2.28e-06,0.138,-4.376,1,0.127,95.231,4,0.689,436530,France,44DmnZDl6ZZ0lPtgZansqV
403,La meilleure,0.652,0.757,0.517,0.00527,0.173,-8.499,0,0.0672,102.008,4,0.218,411779,France,5cU2NaAdu4y94w8tCYEmaW
404,N'y pense plus,0.448,0.589,0.632,0.0,0.0744,-7.382,0,0.266,93.696,4,0.44,404719,France,3tMXX4oUCaxD6cyljJmMaa
405,Bella,0.175,0.555,0.711,0.0,0.123,-5.467,0,0.0723,110.659,3,0.531,3603592,France,41mbANHqOIULPmYi5Hp4ey
406,Paradise (feat. Dermot Kennedy),0.0689,0.632,0.595,0.0,0.209,-7.644,0,0.0401,124.114,4,0.435,377363,France,17vGPZ5EsdvtgAOCD4FLWI
407,Moins un,0.19,0.918,0.399,0.0,0.0751,-8.795,1,0.37,109.031,4,0.483,366194,France,04jBJdCILbRfCTdcLJXc0f
408,Quatre secondes,0.427,0.789,0.587,3.2e-06,0.135,-6.308,0,0.198,167.016,4,0.88,780124,France,7DD8LUlVJtUy2hnWb9ef3t
409,Double Bang 10,0.158,0.889,0.647,1.23e-05,0.0768,-5.923,0,0.288,137.989,4,0.638,972364,France,4on8pxur6Uz6RCOvTeWXoX
410,In My Bones,0.302,0.636,0.699,0.0,0.263,-4.432,0,0.0396,96.962,4,0.709,1239435,France,6GaFoh05V08nMUonOTOzEK
411,Dynamite,0.0112,0.746,0.765,0.0,0.0936,-4.41,0,0.0993,114.044,4,0.737,309493,France,1vtUKEnIApCu76CZhxf2kM
412,Dybala,0.256,0.729,0.721,0.0,0.111,-5.83,0,0.0761,132.304,4,0.537,306940,France,6LV6JRzuPnF0RKXAC255YD
413,Bonnie & Clyde,0.211,0.583,0.491,0.000165,0.0998,-9.535,0,0.116,101.851,4,0.595,2822606,France,7fu7J4k1mdnmpfVXFuEShk
414,Jusqu'au bout,0.192,0.701,0.696,1.35e-06,0.0942,-5.795,0,0.0953,117.977,4,0.68,288061,France,0nZbHS4DVdAJCDo3GQCBO3
415,JAUN?,0.137,0.793,0.57,0.0,0.101,-8.852,1,0.15,140.003,4,0.655,1095486,France,5RBc2SUllAJG4gUZdXTBIj
416,Control,0.643,0.599,0.465,1.57e-06,0.149,-4.95,1,0.0314,113.82,4,0.0678,272636,France,4QoqUg0sfdosvR0Ht6CZPb
417,Mona Lisa,0.683,0.784,0.529,0.0,0.118,-7.681,0,0.0742,134.041,4,0.246,14509889,France,5LYRIyhmlrDAQsYdHEvP0f
418,GP,0.445,0.803,0.539,0.0,0.218,-7.452,1,0.354,135.937,4,0.208,5900522,France,1COYNecOxmnapvty8PVR4s
419,Ultra,0.192,0.799,0.655,3.78e-05,0.0762,-7.629,0,0.312,138.031,4,0.361,5049731,France,0jKtpN3rsW1831n2w6OfH9
420,VVV,0.31,0.534,0.787,0.0,0.183,-6.129,0,0.358,79.206,4,0.224,5971751,France,0Q1ZthgaRH9sLIHHDrzX4X
421,Vue sur la mer,0.141,0.779,0.716,0.000541,0.0788,-7.644,0,0.193,75.015,4,0.439,3945511,France,6cXNliTOTb6IrU4YhyH10J
422,RST,0.583,0.766,0.697,0.0,0.0971,-6.041,1,0.0938,139.894,4,0.547,3935699,France,4aiIh5wCetSjn6IuU9QX1F
423,Bonne journ?e,0.192,0.857,0.771,0.000106,0.115,-6.41,0,0.158,136.063,4,0.898,3831830,France,3jRTJfW2nvUM4eoZoihnfW
424,Je sais,0.846,0.522,0.509,2.07e-05,0.148,-8.75,1,0.0363,118.786,4,0.309,3645982,France,352ZjWTgxP3OOjsZYpv0kz
425,Derni?re fois,0.789,0.677,0.427,1.49e-06,0.108,-8.187,0,0.0314,136.138,4,0.379,4235276,France,6wO9axcjFhcQqJHuhai40h
426,Azerty,0.292,0.739,0.592,4.77e-06,0.0883,-7.849,1,0.11,124.956,4,0.112,3516737,France,4uqh1AFQaNojpqgtQFgUPE
427,L'olivier,0.385,0.644,0.638,0.000309,0.473,-6.865,0,0.0358,129.989,4,0.274,3260824,France,1fpoNJItHwMjTYlD8eJ9Wd
428,31,0.781,0.833,0.734,1.17e-05,0.108,-4.635,0,0.12,139.935,4,0.836,2792196,France,0vxkghkV5IMJOfUbZ7Ksul
429,5G,0.182,0.899,0.581,0.0,0.0666,-6.652,0,0.384,126.948,4,0.548,3115166,France,5HHdKznp8Dqp7nNNd5gEW0
430,Grain de sable,0.867,0.607,0.296,0.0,0.119,-10.564,0,0.0467,130.023,4,0.437,3101071,France,1wq6CLiywo8ewiOLB9CYCe
431,TCHIN 2X,0.208,0.761,0.679,0.00443,0.304,-7.983,0,0.0539,145.997,4,0.266,3739412,France,3XoflnowYPFRPOh3uFvHcm
432,wa?,0.0674,0.812,0.603,0.000275,0.101,-6.643,0,0.259,160.248,4,0.347,1074954,France,3aQem4jVGdhtg116TmJnHz
433,Dior,0.212,0.548,0.805,0.000389,0.408,-5.732,1,0.351,142.094,4,0.648,452027,France,23If4hOIzOcDvkE6ZLlSWx
434,Si on disait,0.857,0.512,0.426,0.0,0.133,-7.529,1,0.0601,92.755,4,0.289,425720,France,5iOjXFP4ftguCGItz24FbG
435,Watermelon Sugar,0.122,0.548,0.816,0.0,0.335,-4.209,1,0.0465,95.39,4,0.557,3884554,France,7MAibcTli4IisCtbHKrGMh
436,For The Night (feat. Lil Baby & DaBaby),0.114,0.823,0.586,0.0,0.193,-6.606,0,0.2,125.971,4,0.347,685008,France,4u4NyuceXP7Uzh7XFJKCr1
437,Roses - Imanbek Remix,0.0143,0.769,0.719,0.00777,0.359,-5.472,1,0.0474,121.955,4,0.863,2721633,France,6tDDoYIxWvMLTdKpjFkc1B
438,Le cr?meux,0.0455,0.943,0.783,0.0,0.0937,-7.09,0,0.0412,129.03,4,0.979,348939,France,26VcJ1utIRmeIB0NtXLLR4
439,Blanche,0.525,0.776,0.713,0.0,0.306,-6.121,0,0.143,127.987,4,0.551,341437,France,65OVbaJR5O1RmwOQx0875b
440,Distant,0.545,0.786,0.732,0.0,0.0643,-6.254,0,0.176,105.031,4,0.447,306646,France,4FRW5Nza1Ym91BGV4nFWXI
441,Avant toi,0.875,0.63,0.396,0.0,0.1,-9.162,1,0.0334,142.046,4,0.246,301164,France,4Ld2RlTm98r44XmuwhYM7I
442,Head & Heart (feat. MNEK),0.168,0.734,0.874,1.14e-05,0.0489,-3.158,1,0.0662,122.953,4,0.905,297444,France,01DaiVsT1zqhmzogYEbEN8
443,Bandit,0.39,0.93,0.823,1.42e-06,0.115,-4.686,0,0.0418,128.933,4,0.875,1146675,France,0Cnb8XdGDMHAmIRBUJMkIS
444,Jolie nana,0.269,0.813,0.64,0.0,0.131,-5.908,1,0.272,92.989,4,0.488,285187,France,393Z6ei5Gp2GEKycaXm2Gj
445,A coup de crick,0.43,0.86,0.497,3.57e-05,0.374,-7.212,0,0.305,109.979,4,0.625,3313274,France,2bXRmU7X5Te9FCBEjlwUEx
446,Jerusalema (feat. Nomcebo Zikode),0.0185,0.88,0.483,8.68e-06,0.0607,-7.012,1,0.0505,124.009,4,0.827,282506,France,2Ioup075GoZdTgaVEOGomg
447,On sait jamais (feat. Niska),0.202,0.764,0.812,0.0,0.126,-4.946,1,0.179,139.961,4,0.742,273219,France,78UMhbpEdGKXSc9nk25ow0
448,Mesdames,0.82,0.444,0.542,0.0021,0.111,-10.866,1,0.0786,144.925,4,0.374,1664068,France,4rPkN1FMzQyFNP9cLUGIIB
449,10K,0.388,0.789,0.702,0.00872,0.11,-6.555,0,0.0382,126.016,4,0.572,565021,France,509AITjdQYNihHOLBWBCg3
450,Mon poto - Extrait de la BO de ? En Passant P?cho ?,0.904,0.743,0.622,1.66e-05,0.143,-5.332,0,0.136,140.054,4,0.317,8414899,France,1SelxYHPb04GjUy0oYV1Jw
451,Loup noir,0.105,0.649,0.626,0.0,0.0893,-8.39,0,0.415,65.342,4,0.104,1216787,France,2m7Bcs4ZJcwhZB9l75sem5
452,Ch?teau noir,0.234,0.828,0.79,0.0,0.103,-7.094,0,0.226,140.039,4,0.727,1851815,France,7CAZp2oaUNJ47vtAZDfKn6
453,C?ur noir,0.679,0.59,0.539,0.0,0.0896,-6.229,0,0.0585,87.922,4,0.457,4798364,France,0Z8DRG0HgZJ1bIhCQqyzPo
454,Mango - Extrait de la BO de ? En Passant P?cho ?,0.144,0.8,0.866,6.4e-06,0.188,-5.146,1,0.111,140.003,4,0.753,2838263,France,05N9UV9Nyl8jlo2twhksDj
455,mer,0.134,0.731,0.585,0.00039,0.114,-7.672,0,0.107,95.919,4,0.182,969970,France,6Ps4Uz9vmoPMy6PIXjfISu
456,Fils 2,0.226,0.798,0.703,1.4e-05,0.396,-8.007,1,0.254,116.964,4,0.687,1635655,France,3CS468kM81QXLMKybk0NKy
457,Joli b?b?,0.586,0.689,0.623,0.0,0.103,-7.206,0,0.129,154.95,4,0.26,529588,France,4lYrjBCCanMT2a7cKugQ8v
458,What You Know Bout Love,0.65,0.709,0.548,1.59e-06,0.133,-8.493,1,0.353,83.995,4,0.543,463990,France,3pfdL1ngo23CkdZy2CLfA1
459,beau-papa,0.364,0.746,0.506,0.0,0.123,-6.016,0,0.0367,122.044,4,0.486,3030584,France,6fRxMU4LWwyaSSowV441IU
460,My Head & My Heart,0.0697,0.614,0.934,0.0,0.121,-3.709,0,0.07,116.001,4,0.436,690617,France,0ylDtCxTi4xZ8fJrDUzPke
461,Certifi? Toxic,0.27,0.517,0.711,0.0,0.117,-5.695,0,0.33,193.434,3,0.556,3104297,France,7FdUvDkaE24o3FPIWTvzv2
462,De l'or,0.149,0.561,0.598,0.0,0.0689,-6.158,1,0.0571,104.764,4,0.538,367158,France,17554wkntkTn8DSqUGhWha
463,Slide,0.213,0.906,0.588,0.0,0.0573,-7.404,0,0.215,124.01,4,0.785,712034,France,3YEN8aI4mF6XLWrkltzmIU
464,Gucci Versace - Extrait de la BO de ? En Passant P?cho ?,0.105,0.911,0.59,1.65e-06,0.309,-5.621,0,0.226,124.008,4,0.708,1453679,France,5FIm6nxZHSATCCeRSYier0
465,Tu vois comment ?,0.22,0.854,0.664,0.0,0.0868,-7.386,0,0.117,122.052,4,0.553,351435,France,3fXGLJs5VxZEQN83b50JP1
466,Hold On,0.0106,0.658,0.634,0.0,0.132,-5.797,0,0.0413,139.98,4,0.29,1952062,France,6Tio0ZoDeSQnI7EBAqWer2
467,Mesdames,0.82,0.444,0.542,0.0021,0.111,-10.866,1,0.0786,144.925,4,0.374,294148,France,4vl2TfGmfZlBClFqeXFdO4
468,Heartbreak Anniversary,0.524,0.449,0.465,1.02e-06,0.303,-8.964,1,0.0791,89.087,3,0.543,289194,France,7iSEs4lppLZQEPOG4e6BbF
469,Dybala,0.256,0.729,0.721,0.0,0.111,-5.83,0,0.0761,132.304,4,0.537,2010903,France,3FAJ6O0NOHQV8Mc5Ri6ENp
470,Head & Heart (feat. MNEK),0.168,0.734,0.874,1.14e-05,0.0489,-3.158,1,0.0662,122.953,4,0.905,283978,France,6QmrrqK0Fk1nKoTKx5KIdH
471,Pesetas,0.0785,0.772,0.659,0.0,0.0834,-5.218,0,0.335,147.149,4,0.536,524238,France,57I5KhEpQFC9XBgKt6nklL
472,Dynamite,0.0112,0.746,0.765,0.0,0.0936,-4.41,0,0.0993,114.044,4,0.737,266981,France,0Ei1aBiIELwXmUcIZDETOi
473,Dans l'univers,0.326,0.64,0.419,0.000271,0.137,-9.962,1,0.168,131.936,4,0.202,263915,France,2pn8dNVSpYnAtlKFC8Q0DJ
474,Mannschaft (feat. Freeze Corleone),0.195,0.833,0.574,0.0,0.142,-8.74,0,0.321,130.003,4,0.514,8683823,France,03cOUvF1fyW60AuUfUNiDc
475,Crack,0.0566,0.642,0.794,2.66e-05,0.133,-6.001,1,0.194,195.034,3,0.352,7030812,France,52yZydTRNmxinmjt5hjk95
476,Mode Akimbo (feat. Jul),0.0717,0.875,0.848,0.000613,0.0828,-5.859,0,0.158,122.983,4,0.577,8613648,France,7qezIDRM0E3WTW1lWxItug
477,Loup noir,0.105,0.649,0.626,0.0,0.0893,-8.39,0,0.415,65.342,4,0.104,5789333,France,0qPcwdfndSahEBm4pPGZYq
478,March? noir,0.406,0.42,0.553,0.00197,0.541,-8.588,0,0.466,80.118,4,0.198,6788054,France,3BDHFeYIrqGpL8HNkuI6zv
479,Grand bain,0.16,0.595,0.59,0.0226,0.116,-8.738,0,0.27,135.08,4,0.336,4967264,France,7n2IirOomwTTGdGZVZ3vCD
480,Fournaise,0.158,0.787,0.506,0.00032,0.0892,-9.126,0,0.154,119.952,4,0.203,4607534,France,0RJn54iW71JQg9g2ZJVAPF
481,Zone ? danger,0.182,0.742,0.627,0.0,0.0891,-7.447,1,0.102,143.993,4,0.409,4602543,France,4QAgUdcBSPz0TkqFCJmoRp
482,Parano,0.0944,0.523,0.577,0.0,0.15,-10.587,0,0.434,173.485,4,0.536,4682882,France,2pj0SNwkwxVWeFrAYtUAhB
483,Euro,0.0553,0.877,0.585,4.86e-05,0.0523,-8.068,0,0.164,121.014,4,0.499,4185967,France,1zPefdsgeLBNZjkxKstBrh
484,Aluminium,0.198,0.911,0.493,0.00211,0.102,-9.145,1,0.0729,124.999,4,0.342,4090536,France,4h1XaZGJm0skvKAzjc8CtJ
485,Corrida,0.0926,0.789,0.616,0.0,0.0975,-7.518,1,0.147,120.011,4,0.574,4480461,France,0h5loK7awcpjgerjVSKHCg
486,Assoces,0.243,0.644,0.755,7.03e-06,0.092,-5.884,0,0.13,195.177,4,0.693,4227055,France,65qLZYZ9jtjC4oHJlNz3RF
487,Raisons,0.00474,0.516,0.586,6.08e-05,0.294,-8.88,0,0.0618,92.802,4,0.338,3342852,France,5psKag7FkSEQuoHBBCTIIt
488,Mafia,0.0877,0.654,0.549,0.0,0.115,-8.515,0,0.287,136.0,4,0.104,3364301,France,1rCUcUnzMbnvf7cLOl2EkJ
489,Plus rien ? se dire,0.177,0.866,0.443,6.66e-06,0.127,-10.212,0,0.304,124.957,4,0.162,3276178,France,7HRCfrGnfLDyLmeV3dWnN6
490,La battue,0.114,0.411,0.543,0.0,0.0328,-13.305,0,0.184,104.861,3,0.276,1886816,France,4hlrY5fxxzKRYb193YP5Cu
491,Le coup dfavance,0.0182,0.308,0.578,0.0,0.433,-14.946,0,0.424,171.808,1,0.376,1680172,France,6YqWoncdvGUY4pfuLiuyRb
492,Gibraltar,0.335,0.472,0.572,0.000129,0.136,-15.195,0,0.351,118.173,5,0.533,1498596,France,185uGUwqhl34oc973DJMnZ
493,Allo,0.204,0.746,0.699,0.0,0.148,-6.307,0,0.247,144.921,4,0.221,4326036,France,3IWsDAFAwPNVnnTeQyUj7w
494,Mother Fuck,0.448,0.807,0.87,0.000278,0.0964,-5.109,1,0.0812,139.994,4,0.566,5352055,France,4iJyoBOLtHqaGxP12qzhQI
495,? la f?te,0.334,0.884,0.656,0.0,0.135,-6.707,0,0.169,100.381,3,0.431,1302095,France,1nahzW3kfMuwReTka28tH5
496,"Lemonade (feat. Gunna, Don Toliver & NAV)",0.25,0.8,0.658,0.0,0.111,-6.142,0,0.079,140.042,4,0.462,791103,France,3U1hc7hizEsfu7cFtYW0o1
497,Enfants terribles,0.534,0.846,0.559,0.0,0.131,-7.725,0,0.365,129.956,4,0.668,665681,France,3oI0TV5oIDrgKmYnI908uW
498,Anyone,0.185,0.685,0.521,3.59e-06,0.111,-8.285,1,0.0345,115.885,4,0.578,341040,France,5z1bwtWDJ0uKKxxjNdoilT
499,Blanche,0.525,0.776,0.713,0.0,0.306,-6.121,0,0.143,127.987,4,0.551,337575,France,2WnAKZefdRHxtBEkRjFOHC
500,Love Again,0.00173,0.659,0.667,2.85e-05,0.1,-4.668,0,0.0339,115.982,4,0.468,327210,France,6F2r4HgpJnvKDmkN6JEN6J
501,Streets,0.208,0.749,0.463,0.0371,0.337,-8.433,1,0.0828,90.028,4,0.19,288189,France,3S8jK1mGzQi24ilFb45DAZ
502,Perdu,0.0694,0.784,0.525,0.0,0.073,-8.278,0,0.1,129.932,4,0.47,275199,France,7FNf2WOOaJ1Bx6wrjqhCba
503,Vroum Vroum,0.556,0.758,0.591,0.0,0.0847,-7.749,0,0.0444,116.992,4,0.55,7923217,France,6sRPU30pj9A6G1pBXqzQkM
504,MONTERO (Call Me By Your Name),0.297,0.61,0.508,0.0,0.384,-6.682,0,0.152,178.818,4,0.758,3990380,France,3BZEcbdtXQSo7OrvKRJ6mb
505,La Sele?ao,0.128,0.825,0.878,8.94e-05,0.0963,-5.485,0,0.186,126.994,4,0.847,4078275,France,2vd2HEhrkafOi2uveHjzzh
506,? c?ur ouvert,0.416,0.782,0.549,3.25e-05,0.087,-7.527,0,0.114,139.021,4,0.717,3460849,France,1j9kCQ1R2mh2AAieXmZOZ5
507,Plein les poches,0.159,0.94,0.597,3.39e-05,0.0954,-7.785,0,0.105,132.044,4,0.866,2658637,France,6uAL5MbQ6bOBOrgqf05FK6
508,Moi-m?me,0.515,0.816,0.629,0.0,0.114,-8.457,0,0.264,139.977,4,0.635,1982389,France,78JV0Tgit8pAKUiAW7vhsn
509,La cage et la clef,0.552,0.411,0.745,5.73e-05,0.0604,-7.399,0,0.465,187.424,3,0.352,1607338,France,5adBd6nubkd4fUeRDAL8VP
510,BB,0.171,0.788,0.67,0.0,0.107,-7.009,0,0.254,169.923,4,0.565,1969899,France,42iot95IIzvmHIjgas4y2R
511,Essayez,0.328,0.594,0.545,3.49e-06,0.189,-7.397,0,0.0364,152.155,4,0.335,1899741,France,5buwti8KR41CbKSv3nnqzu
512,Demain sera meilleur,0.772,0.466,0.479,2.08e-05,0.121,-6.417,0,0.0927,166.309,3,0.609,1504802,France,59bwGxBnTACwkxEbKCbwjs
513,Perdu,0.0718,0.791,0.533,0.0,0.0698,-7.793,0,0.103,129.857,4,0.42,1845338,France,5xjcnpvUMe0rXiDKNZT5Wf
514,Mailler,0.231,0.74,0.687,0.000109,0.0978,-5.098,0,0.0531,137.967,4,0.39,1113533,France,4h68HcP6GqMU2ZTNe2DFZD
515,Certitude,0.739,0.538,0.466,2.79e-06,0.111,-5.801,0,0.258,83.287,5,0.446,1432253,France,0sWt2jdSv0oClkoxuXWlsj
516,Ch?teau noir,0.234,0.828,0.79,0.0,0.103,-7.094,0,0.226,140.039,4,0.727,1914642,France,5L09CdaER796cCJOhik0D8
517,Mood (feat. iann dior),0.174,0.701,0.716,0.0,0.324,-3.671,0,0.0361,91.007,4,0.732,2565495,France,4jPy3l0RUwlUI9T5XHBW2m
518,Ancolie,0.269,0.672,0.627,0.0,0.291,-7.748,0,0.0435,147.113,4,0.692,1082000,France,4QZ8biWCuhYgQTkRgJF9vo
519,Par?,0.47,0.78,0.607,1.59e-05,0.0961,-6.142,0,0.284,114.953,4,0.343,713564,France,4Lv2ux8hCX7Besyr7ieXIc
520,Loyal,0.474,0.859,0.595,0.0,0.125,-7.51,1,0.116,135.029,4,0.859,1009267,France,4rQo9XZQXP7n9VaXRKQVU7
521,Loup,0.574,0.766,0.706,0.0,0.116,-4.808,0,0.0441,130.085,4,0.732,1037521,France,665XULRUnV9lonxbakqwMo
522,Spleen,0.394,0.82,0.624,0.0,0.317,-5.727,1,0.217,109.567,4,0.489,1024631,France,4iQhDVN9LfrPJXNIvmynsn
523,All We Got (feat. KIDDO),0.286,0.504,0.76,0.0,0.151,-4.246,1,0.0426,183.933,4,0.64,998195,France,55ySliodSHOGRG8hSz40a7
524,Pilote (feat. Hamza),0.217,0.844,0.562,0.000636,0.114,-7.744,0,0.137,94.976,4,0.574,1842171,France,1w4JFPONvpiZs1VZ9oSBsA
525,Mother Fuck,0.448,0.807,0.87,0.000278,0.0964,-5.109,1,0.0812,139.994,4,0.566,563247,France,1qNOfvUAVx521BQn0fuGUW
526,La vie qu'on m?ne,0.687,0.8,0.756,2.06e-06,0.111,-4.4,0,0.0367,113.204,3,0.456,549903,France,2GJM3nRv8ihs52OsCjjV6j
527,"La vie du binks (feat. Hornet La Frappe, Leto, Sadek, Soprano)",0.227,0.794,0.845,0.0,0.843,-4.646,1,0.265,138.325,4,0.627,2126877,France,0b18g3G5spr4ZCkz7Y6Q0Q
528,Macaroni (feat. Ninho),0.272,0.592,0.492,0.0,0.0785,-8.462,1,0.169,128.067,4,0.384,1757672,France,0Vnmr0cgh7iJbjtKITDJ9S
529,Cosmos - feat. PLK,0.281,0.912,0.506,0.000253,0.163,-9.284,1,0.229,135.016,4,0.628,1389201,France,0siYMEsGrzzzlWLXK5zJfS
530,Roses - Imanbek Remix,0.0143,0.769,0.719,0.00777,0.359,-5.472,1,0.0474,121.955,4,0.863,366936,France,3ewuun9VE4C2RPDqZrQL4X
531,HOLIDAY,0.12,0.81,0.511,0.0,0.0832,-6.924,0,0.164,151.947,4,0.837,354315,France,7HMnPs9DpvervKtiSUsBkY
532,Bonne journ?e,0.192,0.857,0.771,0.000106,0.115,-6.41,0,0.158,136.063,4,0.898,338787,France,1pm7Es5lFILYkFtc2eSsT1
533,Slide,0.213,0.906,0.588,0.0,0.0573,-7.404,0,0.215,124.01,4,0.785,332278,France,6tkrfn70xsEAm6Hq0AuUWN
534,Je sais,0.846,0.522,0.509,2.07e-05,0.148,-8.75,1,0.0363,118.786,4,0.309,1330539,France,2nYPVp7BJuoaJ4rQmg5FM5
535,DEUX TOILES DE MER,0.582,0.521,0.39,7.43e-05,0.112,-9.726,0,0.128,104.106,4,0.157,288159,France,0z8biyQAjhuKnNprwYD5O8
536,La kiffance,0.228,0.805,0.637,0.0,0.071,-6.515,1,0.0869,140.045,4,0.678,6180102,France,1bwhDrXcAtqePp8mNJ0pTe
537,Je tfaime de ouf,0.896,0.623,0.346,0.0,0.116,-9.881,0,0.0682,84.621,5,0.185,4493122,France,5BUl0EBl4tOmPtT9IN0UUP
538,La danse des bandits,0.185,0.83,0.676,1.28e-05,0.105,-5.275,0,0.0681,135.023,4,0.576,3383065,France,3bGGvbwbhq9kIMhHaXBdYL
539,Dans l'dos,0.329,0.829,0.708,0.0,0.093,-5.05,1,0.102,139.961,4,0.723,1023474,France,3fNwPIjTE0rOO9chAavgQG
540,Mother Fuck,0.448,0.807,0.87,0.000278,0.0964,-5.109,1,0.0812,139.994,4,0.566,805709,France,7gi31ULI4vzNFUw8pokrfm
541,Assoces,0.243,0.644,0.755,7.03e-06,0.092,-5.884,0,0.13,195.177,4,0.693,1138225,France,2p7V1QEwmNpJS4Cr7KGGWo
542,Perdu,0.0718,0.791,0.533,0.0,0.0698,-7.793,0,0.103,129.857,4,0.42,471350,France,51V8bp8ni9xKKwOmwRfAks
543,Rasputin,0.00364,0.758,0.913,6.92e-05,0.193,-2.926,0,0.113,128.04,4,0.658,1542020,France,4kfjlrD1hs7VE1dXVM091S
544,Num?ro 9,0.326,0.807,0.611,0.0,0.366,-8.163,1,0.123,141.036,4,0.83,1271815,France,3J8EOeKLTLXORtWPpOU5bE
545,Watermelon Sugar,0.122,0.548,0.816,0.0,0.335,-4.209,1,0.0465,95.39,4,0.557,456424,France,60lP1bVGsS0XytKQU4AnLa
546,Rather Be You,0.164,0.74,0.706,0.0,0.163,-4.5,0,0.0378,89.016,4,0.636,440389,France,4YEpm5zIxSYrfGNb06dO7R
547,? la f?te,0.334,0.884,0.656,0.0,0.135,-6.707,0,0.169,100.381,3,0.431,1154316,France,79aL0u0Ll6BdI4YrrIXY5y
548,Dior,0.212,0.548,0.805,0.000389,0.408,-5.732,1,0.351,142.094,4,0.648,407456,France,66ks5ll4gswiaE7lfb2QMz
549,BELEK,0.268,0.665,0.73,0.0,0.379,-7.386,0,0.185,142.953,4,0.642,405368,France,1t7SDHtgFHUrhjHhP3Z7er
550,telepat?a,0.112,0.653,0.524,0.0,0.203,-9.016,0,0.0502,83.97,4,0.553,402380,France,2FIpOpyU48V6vob7RO8kQU
551,6.3,0.688,0.875,0.613,0.0,0.114,-7.229,0,0.21,119.964,4,0.752,381906,France,6NUbSSE5l4jho95rVngNkI
552,Cosmos - feat. PLK,0.281,0.912,0.506,0.000253,0.163,-9.284,1,0.229,135.016,4,0.628,372829,France,46q47fNFlw92EzX6xdJHg1
553,Spleen,0.394,0.82,0.624,0.0,0.317,-5.727,1,0.217,109.567,4,0.489,348299,France,2nSHzaUCVw94Uxy2yhV5mE
554,Zumba Cafew,0.384,0.808,0.791,0.0,0.113,-3.995,1,0.263,86.033,4,0.476,342191,France,12qCFmXwu62Vj0k7JGLAR4
555,Par?,0.47,0.78,0.607,1.59e-05,0.0961,-6.142,0,0.284,114.953,4,0.343,340877,France,0jhM7SIDRnIudInM73qyD0
556,Levitating (feat. DaBaby),0.00883,0.702,0.825,0.0,0.0674,-3.787,0,0.0601,102.977,4,0.915,340203,France,42wBJTHX9xZvLdVdOImBZH
557,Au DD,0.293,0.777,0.698,2.32e-05,0.0908,-7.706,0,0.0704,119.963,4,0.119,337304,France,2cQmTZu1GAd89HtnXduE5o
558,Up,0.0012,0.868,0.795,0.0193,0.0461,-6.044,1,0.269,166.0,4,0.819,333657,France,1EtJcJ5OdJSoKa9QIkF3RN
559,Blanche,0.525,0.776,0.713,0.0,0.306,-6.121,0,0.143,127.987,4,0.551,606068,France,0lnA9sMTbLqSPk0ItE0b8u
560,Carr? d'as,0.115,0.857,0.764,0.0,0.114,-6.964,0,0.44,97.487,4,0.713,323893,France,1K7gOzp3ztwIezyjftTMgy
561,Head Shoulders Knees & Toes (feat. Norma Jean Martine),0.0247,0.798,0.828,2.55e-06,0.121,-5.36,1,0.193,124.962,4,0.6,322290,France,7Khbx8MgVTwIJe8YBi8tci
562,Cruel,0.312,0.729,0.491,0.0,0.101,-8.871,0,0.168,141.886,4,0.594,310197,France,7EDGCThk3iJo6T7Yu5YS7r
563,deja vu,0.593,0.439,0.61,1.07e-05,0.341,-7.236,1,0.116,181.088,4,0.172,307797,France,41zbeJdRNGtr5P43vvcWOh
564,Babyphone,0.0224,0.734,0.768,0.000416,0.349,-6.762,0,0.12,137.007,4,0.462,564897,France,61KpQadow081I2AsbeLcsb
565,Mele?im,0.188,0.682,0.697,0.0,0.334,-4.276,0,0.0757,95.012,4,0.57,306398,France,51sc3SnbCtIzrAdpKtz9Q7
566,Dangerous,0.0659,0.786,0.759,0.0,0.136,-5.531,1,0.231,90.982,4,0.628,299763,France,53xldsIx9yLdQbsw9EG2c7
567,Ne reviens pas,0.212,0.932,0.778,0.0,0.168,-3.384,0,0.0638,124.996,4,0.933,296300,France,13GOPWR3l7ZPsfugMLUOFH
568,My Salsa,0.276,0.841,0.574,0.0,0.0752,-6.183,0,0.0834,98.999,4,0.548,292501,France,1VOn2rRxe7JBweoK4SINHe
569,MONTERO (Call Me By Your Name),0.297,0.61,0.508,0.0,0.384,-6.682,0,0.152,178.818,4,0.758,5270034,France,67BtfxlNbhBmCDR2L2l8qd
570,Kimono (feat. SCH et Ninho),0.0992,0.514,0.588,0.0,0.172,-8.259,0,0.322,117.419,4,0.401,1970679,France,54rHJPDt8DUE2RtSg6Bsrf
571,Daddy,0.564,0.773,0.709,0.0,0.116,-6.857,0,0.259,82.019,4,0.521,1472343,France,2iPFEYnitXLl4lSxvqZI3m
572,Loup noir,0.105,0.649,0.626,0.0,0.0893,-8.39,0,0.415,65.342,4,0.104,1121231,France,6MHUYde9edp2cjzwYgIjiw
573,Blinding Lights,0.00146,0.514,0.73,9.54e-05,0.0897,-5.934,1,0.0598,171.005,4,0.334,955573,France,2BLJJmV6hj5nJ5mkEj2LoJ
574,Love Not War (The Tampa Beat),0.105,0.738,0.85,0.0,0.23,-3.049,1,0.0642,98.013,4,0.865,855955,France,02uSh14aUckmfTVj5MEhmg
575,R?fl?chir,0.51,0.9,0.577,0.0,0.092,-4.692,0,0.0546,107.033,4,0.602,1058679,France,1v1oIWf2Xgh54kIWuKsDf6
576,LOPSA STORY,0.816,0.793,0.421,0.0,0.121,-8.559,0,0.308,99.806,4,0.419,788017,France,1IPDbkUOROrSUzWzojcfAg
577,Plein les poches,0.159,0.94,0.597,3.39e-05,0.0954,-7.785,0,0.105,132.044,4,0.866,929440,France,748mdHapucXQri7IAO8yFK
578,"La vie du binks (feat. Hornet La Frappe, Leto, Sadek, Soprano)",0.227,0.794,0.845,0.0,0.843,-4.646,1,0.265,138.325,4,0.627,753088,France,3bD9Zh2r81FCSrHLWmOmix
579,Van Damme,0.133,0.745,0.795,0.0,0.084,-5.563,0,0.22,122.295,4,0.499,765287,France,66ekL2hBXsDLZcC8on0hvX
580,Angela,0.702,0.65,0.469,0.249,0.106,-8.676,0,0.184,191.853,4,0.378,704121,France,0F9nbagjqsn6nM8d1IxR3q
581,"Lemonade (feat. Gunna, Don Toliver & NAV)",0.25,0.8,0.658,0.0,0.111,-6.142,0,0.079,140.042,4,0.462,739591,France,41xAUseykaaSdmry5hVOkV
582,HOLIDAY,0.12,0.81,0.511,0.0,0.0832,-6.924,0,0.164,151.947,4,0.837,993074,France,2uj7OACDZUQIvAfKAwtHES
583,9 1 1 3 (feat. SCH),0.174,0.907,0.63,0.000293,0.376,-6.669,0,0.243,100.941,4,0.388,388215,France,22fnwJ1SX4pQaOf6ZzlsCy
584,Rather Be You,0.164,0.74,0.706,0.0,0.163,-4.5,0,0.0378,89.016,4,0.636,360323,France,73RQVlMExXaeOi6mnlz3Bb
585,Evidemment,0.543,0.369,0.578,1.41e-06,0.115,-6.813,1,0.059,77.797,4,0.314,648271,France,3ijQFCjoldvRJjOn4AK4iS
586,Yakalelo,0.416,0.938,0.53,3.87e-05,0.121,-5.561,0,0.158,126.983,4,0.641,687483,France,2W4pIy8ThH4ib8fOGxcLjX
587,Freeze Ra?l,0.375,0.645,0.545,2.32e-05,0.106,-10.675,0,0.0511,137.09,4,0.0379,350994,France,1IeB4ax90dBPu7aM1aqEVA
588,X3 (feat. Gazo),0.281,0.781,0.477,8.03e-05,0.106,-13.029,1,0.427,144.041,4,0.261,348488,France,1jKmEVqK5djSF2hEi9K7rS
589,WITHOUT YOU,0.213,0.662,0.413,0.0,0.134,-7.357,1,0.0299,93.005,4,0.467,348270,France,7Ex3sg0R2KkMypyxHeKKqZ
590,Appelez les Pim-Pom,0.407,0.788,0.843,0.0,0.194,-6.898,0,0.126,102.03,3,0.627,334492,France,43BD5pw5DyuXjlkKcsQ9Nu
591,ROCKSTAR (feat. Roddy Ricch),0.247,0.746,0.69,0.0,0.101,-7.956,1,0.164,89.977,4,0.497,334365,France,6ssbbigLyLpNqzCkHhdmFt
592,Aluminium,0.198,0.911,0.493,0.00211,0.102,-9.145,1,0.0729,124.999,4,0.342,328462,France,5xjaGRUx4TMcFoLNcPuWHr
593,Cover Me In Sunshine,0.0599,0.476,0.594,0.0,0.0785,-6.879,1,0.135,159.702,4,0.314,613126,France,1kTlT3phtU2yqTJYT1x6hb
594,Mafia,0.0877,0.654,0.549,0.0,0.115,-8.515,0,0.287,136.0,4,0.104,307702,France,6DjuDcreFKYmHAbldvMzLU
595,Blanche,0.525,0.776,0.713,0.0,0.306,-6.121,0,0.143,127.987,4,0.551,303790,France,0sKRmUTETdKHlC209B4An3
596,For The Night (feat. Lil Baby & DaBaby),0.114,0.823,0.586,0.0,0.193,-6.606,0,0.2,125.971,4,0.347,565712,France,6Y7ASgqMynK2IYYYVWnnGo
597,Djomb - Bien ou quoi,0.172,0.945,0.676,0.00036,0.322,-6.6,1,0.207,123.109,4,0.631,285628,France,6aKNeabjZyZdAeSFxcLIkR
598,Scottie Pippen,0.323,0.854,0.471,1.35e-06,0.0664,-8.488,1,0.129,120.0,4,0.357,282216,France,3DNVcnfWgIsXENdDcaetDn
599,Someone You Loved,0.751,0.501,0.405,0.0,0.105,-5.679,1,0.0319,109.891,4,0.446,281616,France,5oq11qIGLGFpP3LbJ5d26b
600,Cruel,0.312,0.729,0.491,0.0,0.101,-8.871,0,0.168,141.886,4,0.594,273645,France,1I3gJwfSiKhryfPtrLqnMv
601,Mon poto - Extrait de la BO de ? En Passant P?cho ?,0.904,0.743,0.622,1.66e-05,0.143,-5.332,0,0.136,140.054,4,0.317,1421251,France,5qFOdxS3v8Dny9T4p2CUIy
602,Coffre plein,0.093,0.758,0.56,0.0,0.104,-6.69,0,0.0639,149.893,4,0.606,536570,France,5dZ9YFidvSqVK44PfxhJmB
603,Ghini Ghini (feat. Zola),0.0588,0.963,0.494,0.0,0.0912,-6.982,1,0.352,123.047,4,0.479,396528,France,1mKg1S2CE0plkFkKRnZCwl
604,My Head & My Heart,0.0697,0.614,0.934,0.0,0.121,-3.709,0,0.07,116.001,4,0.436,396101,France,3qDICBGWYjvp3G7vdDXu2Q
605,Zone ? danger,0.182,0.742,0.627,0.0,0.0891,-7.447,1,0.102,143.993,4,0.409,355205,France,3Mxx5gTDRjUF5u7q5NRChG
606,Titans (feat. Sia & Labrinth),0.0999,0.722,0.858,0.00017,0.143,-4.891,1,0.0463,93.992,4,0.591,323542,France,2hdZU4XpOp3pzE8F2nztYO
607,Blanche,0.525,0.776,0.713,0.0,0.306,-6.121,0,0.143,127.987,4,0.551,298883,France,5Dbta2wS3lQs4CT8f0Oc9t
608,Coeur ab?m?,0.0416,0.723,0.53,0.0,0.192,-6.308,1,0.0554,99.057,3,0.341,287452,France,58rllnv82jFItEjHTjEYqM
609,Sans limites,0.126,0.762,0.861,0.0,0.0985,-5.03,0,0.0417,139.971,4,0.446,279734,France,3VvA1wSxukMLsvXoXtlwWx
610,For The Night (feat. Lil Baby & DaBaby),0.114,0.823,0.586,0.0,0.193,-6.606,0,0.2,125.971,4,0.347,277759,France,7jtQIBanIiJOMS6RyCx6jZ
611,Elle pleut,0.724,0.62,0.375,2.86e-06,0.125,-11.064,1,0.455,92.641,4,0.226,258472,France,43PGPuHIlVOc04jrZVh9L6
