,name,acousticness,danceability,energy,instrumentalness,liveness,loudness,mode,speechiness,tempo,time_signature,valence,streams,country,id
0,7,0.0147,0.828,0.697,0.0264,0.106,-7.962,1,0.252,167.997,4,0.629,15748388,Germany,3ipliatTDndCmnYGaNiAbI
1,Lost (feat. TOPIC42),0.0475,0.658,0.843,1.87e-05,0.136,-2.912,0,0.13,93.23,4,0.339,22169242,Germany,19LqJBBfd73oeBc3CPgDdl
2,Mood (feat. iann dior),0.221,0.7,0.722,0.0,0.272,-3.558,0,0.0369,90.989,4,0.756,17480571,Germany,3tjFYV6RSFtuktYl3ZtYcq
3,The Business,0.414,0.798,0.62,0.0192,0.112,-7.079,0,0.232,120.031,4,0.235,31300043,Germany,6f3Slt0GbA2bPZlz0aIFXN
4,Head & Heart (feat. MNEK),0.168,0.734,0.874,1.14e-05,0.0489,-3.158,1,0.0662,122.953,4,0.905,21203734,Germany,6cx06DFPPHchuUAcTxznu9
5,Whoopty,0.2,0.719,0.648,0.0,0.127,-7.6,0,0.125,140.201,4,0.66,10788900,Germany,5vGLcdRuSbUhD8ScwsGSdA
6,All We Got (feat. KIDDO),0.286,0.504,0.76,0.0,0.151,-4.246,1,0.0426,183.933,4,0.64,12117468,Germany,1FP9s72rDYty6mfoOEYKnE
7,Goosebumps,0.325,0.767,0.659,0.0,0.13,-7.429,1,0.0444,124.946,4,0.439,18855370,Germany,20McUFi8KCIVdNDLrkTDuZ
8,Head Shoulders Knees & Toes (feat. Norma Jean Martine),0.0247,0.798,0.828,2.55e-06,0.121,-5.36,1,0.193,124.962,4,0.6,19161380,Germany,6i7zAdNhzUN2k1HcrBxPHG
9,Blinding Lights,0.00146,0.514,0.73,9.54e-05,0.0897,-5.934,1,0.0598,171.005,4,0.334,19352579,Germany,0VjIjW4GlUZAMYd2vXMi3b
10,Verlierer,0.652,0.643,0.521,0.0,0.111,-6.065,0,0.195,78.105,4,0.332,14874117,Germany,6ZklqpekeC0KFGzyFVjQuj
11,HOLIDAY,0.12,0.81,0.511,0.0,0.0832,-6.924,0,0.164,151.947,4,0.837,12577404,Germany,6zFMeegAMYQo0mt8rXtrli
12,"Lemonade (feat. Gunna, Don Toliver & NAV)",0.25,0.8,0.658,0.0,0.111,-6.142,0,0.079,140.042,4,0.462,15297695,Germany,7hxHWCCAIIxFLCzvDgnQHX
13,WITHOUT YOU,0.213,0.662,0.413,0.0,0.134,-7.357,1,0.0299,93.005,4,0.467,23958098,Germany,27OeeYzk6klgBh83TSvGMA
14,SHAWTY,0.145,0.963,0.439,0.000571,0.0877,-6.791,0,0.107,125.996,4,0.628,8575628,Germany,2zeWbdSyAcN0O0r7em4j3B
15,gebe auf.,0.273,0.806,0.475,0.000603,0.13,-8.235,0,0.0489,99.995,4,0.56,11921034,Germany,1upzszB5JxMfNUEBmkcgaO
16,Europol,0.166,0.765,0.867,0.0,0.0788,-5.362,1,0.4,142.133,3,0.791,2883698,Germany,25UeoyPPgMgvmQVhUBhlow
17,Angeklagt,0.171,0.658,0.624,0.00588,0.116,-9.155,0,0.0915,181.942,4,0.314,10753738,Germany,5eu4Lxm5TlI0tKSTTDWJAT
18,istanbul freestyle,0.0278,0.82,0.664,0.598,0.226,-8.492,1,0.0725,106.977,4,0.387,2363880,Germany,2ZiltmlAPVrh2ZSDlrxwsE
19,Paradise (feat. Dermot Kennedy),0.0689,0.632,0.595,0.0,0.209,-7.644,0,0.0401,124.114,4,0.435,19705107,Germany,6ft4hAq6yde8jPZY2i5zLr
20,Afterglow,0.698,0.641,0.324,0.0,0.328,-5.851,1,0.0299,110.184,4,0.273,13308872,Germany,0E4Y1XIbs8GrAT1YqVy6dq
21,Centre Court,0.137,0.566,0.701,0.107,0.0924,-5.815,0,0.058,74.998,4,0.154,2763944,Germany,6Xlske5nAmkPb123IfyZ5S
22,Jerusalema (feat. Nomcebo Zikode),0.0185,0.88,0.483,8.68e-06,0.0607,-7.012,1,0.0505,124.009,4,0.827,12141802,Germany,2MlOUXmcofMackX3bxfSwi
23,junge ceos,0.0458,0.711,0.743,0.254,0.0525,-7.108,1,0.0429,158.019,4,0.269,1639949,Germany,7BBmK5XPK2nKfWMFtxgOJJ
24,you broke me first,0.785,0.667,0.373,0.0,0.0906,-9.389,1,0.05,124.148,4,0.0823,14609027,Germany,45bE4HXI0AwGZXfZtMp8JR
25,Roller,0.0256,0.941,0.758,0.00258,0.193,-6.47,0,0.17,128.017,4,0.683,15746785,Germany,6hw1Sy9wZ8UCxYGdpKrU6M
26,Love Not War (The Tampa Beat),0.105,0.738,0.85,0.0,0.23,-3.049,1,0.0642,98.013,4,0.865,18165399,Germany,4Lt6GXGzYsa1tgkv3nGSTm
27,Paradise,0.0655,0.885,0.725,0.0,0.0389,-4.048,1,0.0456,129.993,4,0.905,10969492,Germany,2qpZjutAe3pstQsjwSXQb4
28,Anyone,0.181,0.686,0.538,3.13e-06,0.113,-8.026,1,0.0345,115.884,4,0.584,8399938,Germany,31qCy5ZaophVA81wtlwLc4
29,What You Know Bout Love,0.65,0.709,0.548,1.59e-06,0.133,-8.493,1,0.353,83.995,4,0.543,10740894,Germany,1tkg4EHVoqnhR6iFEXb60y
30,Roses - Imanbek Remix,0.0143,0.769,0.719,0.00777,0.359,-5.472,1,0.0474,121.955,4,0.863,11642918,Germany,0zLCBJZSiELJf02ucPP9wb
31,Hypnotized,0.0968,0.69,0.813,0.000324,0.109,-5.084,0,0.0997,108.078,4,0.704,12428157,Germany,0vWUhCPxpJOJR5urYbZypB
32,ROCKSTAR (feat. Roddy Ricch),0.247,0.746,0.69,0.0,0.101,-7.956,1,0.164,89.977,4,0.497,11196249,Germany,7ytR5pFWmSjzHJIeQkgog4
33,Prisoner (feat. Dua Lipa),0.0103,0.781,0.67,0.0,0.0761,-3.912,0,0.0452,127.99,4,0.595,12793671,Germany,2Oycxb8QbPkpHTo8ZrmG0B
34,Therefore I Am,0.218,0.889,0.34,0.13,0.055,-7.773,0,0.0697,94.009,4,0.716,6992858,Germany,54bFM56PmE4YLRnqpW6Tha
35,Breaking Me,0.223,0.789,0.72,0.0,0.129,-5.652,0,0.218,122.031,4,0.664,10334463,Germany,3H7ihDc1dqLriiWXwsc2po
36,ka je,0.0445,0.777,0.479,2.26e-06,0.0959,-8.27,1,0.0727,128.026,4,0.335,3309243,Germany,0IhTszc48NK2EBCvvc1KKU
37,Monster (Shawn Mendes & Justin Bieber),0.0593,0.64,0.392,0.0,0.0839,-7.246,0,0.0574,145.838,4,0.502,5386216,Germany,1HbA4N1MiOsPthALesGFR1
38,Bläulich,0.069,0.79,0.704,0.000658,0.113,-7.935,0,0.417,154.007,4,0.212,10252522,Germany,2WRTnY0slmFgWcrmEr8dPj
39,Lovefool,0.0219,0.677,0.766,6.81e-06,0.129,-6.896,1,0.0568,123.062,4,0.198,10373063,Germany,51Of5p3lKZeOg6itfs4og4
40,Unterwegs,0.195,0.88,0.607,0.0537,0.15,-7.067,1,0.0777,126.039,4,0.823,10432175,Germany,7mrWTjhYctgEQb0lJKrVWy
41,Airwaves,0.0739,0.885,0.578,0.0903,0.102,-7.416,0,0.0783,131.999,4,0.388,10093326,Germany,5CqkgDH8QZjSqqI3HmYxDD
42,"1,50",0.0538,0.783,0.807,0.0,0.141,-4.576,0,0.393,92.539,4,0.781,2371767,Germany,0FUDSjFuqeVwGFVsZMByZp
43,Elbe,0.108,0.736,0.559,1.89e-05,0.145,-6.738,0,0.0605,94.996,4,0.131,9245412,Germany,2kvJnNMqnimkCZUUWjOINy
44,FN21 (feat. Olexesh),0.129,0.714,0.622,0.0,0.109,-7.767,0,0.311,100.088,4,0.615,782148,Germany,4iPElkkIU4A0QZQOntwNlA
45,Monet,0.154,0.852,0.795,0.0,0.192,-4.142,1,0.0862,97.029,4,0.931,9686381,Germany,2vS1HmVoOpvWeFKf7HnWdJ
46,Savage Love (Laxed - Siren Beat),0.234,0.767,0.481,0.0,0.269,-8.52,0,0.0803,150.076,4,0.761,9750733,Germany,1xQ6trAsedVPCdbtDAmk0c
47,Never Let Me Down,0.207,0.758,0.848,0.0,0.114,-3.84,1,0.0456,127.948,4,0.706,9429736,Germany,5TGcyccg8Hkgn9jB7gUpMN
48,Habibi,0.138,0.887,0.679,0.00667,0.175,-6.206,1,0.0741,140.034,4,0.845,7962634,Germany,5wvuvSerLcNK5Xc8v2duWn
49,positions,0.468,0.737,0.802,0.0,0.0931,-4.771,1,0.0878,144.015,4,0.682,6652462,Germany,35mvY5S1H3J2QZyna3TFe0
50,Blutige Tränen X Rockstar,0.115,0.614,0.423,0.00166,0.0988,-8.492,0,0.483,89.984,4,0.097,1184544,Germany,3dX5xqgjvDCtwth8zyso6n
51,Dance Monkey,0.688,0.825,0.593,0.000161,0.17,-6.401,0,0.0988,98.078,4,0.54,9525793,Germany,1rgnBhdG2JDFTbYkYRZAku
52,Take You Dancing,0.0332,0.789,0.711,0.0,0.0876,-4.248,1,0.041,112.985,4,0.753,8533052,Germany,59qrUpoplZxbIZxk6X0Bm3
53,Lonely (with benny blanco),0.864,0.631,0.239,0.0,0.116,-7.071,0,0.0398,79.859,4,0.0927,5223910,Germany,4y4spB9m0Q6026KfkAvy9Q
54,Bist du Okay,0.0164,0.872,0.576,0.0,0.0642,-7.076,1,0.149,124.998,4,0.305,7965756,Germany,1O2gOblgfyostGPbLzqghY
55,Kein Hunger,0.101,0.84,0.648,6.34e-05,0.0996,-5.544,0,0.0489,103.016,4,0.431,1777797,Germany,09neQCQwBgcu9r2QHE6YpP
56,Bayrisch Drip,0.0976,0.861,0.575,0.0,0.174,-10.024,1,0.154,113.013,4,0.613,9385952,Germany,3ECbHfRSFMjfm99YFvAD4x
57,No Therapy,0.278,0.773,0.608,0.0,0.381,-6.942,0,0.121,125.078,4,0.589,7324872,Germany,7tUTCcqkMCnC9qLqbQeI0T
58,DOWN,0.142,0.625,0.784,0.0,0.119,-5.029,0,0.24,181.851,4,0.413,3208727,Germany,0eu0G2tueICibVWy0sHaRb
59,Bitte geh,0.299,0.81,0.75,4.76e-05,0.13,-4.421,0,0.0546,110.044,4,0.246,2878386,Germany,1zvr6BNcHaRkBDMNjgFQI4
60,For The Night (feat. Lil Baby & DaBaby),0.114,0.823,0.586,0.0,0.193,-6.606,0,0.2,125.971,4,0.347,7692809,Germany,0PvFJmanyNQMseIFrU708S
61,Outta Control,0.113,0.831,0.65,0.0,0.113,-8.157,0,0.252,104.916,4,0.667,1996549,Germany,5nAh9bg0x1KVdVoYKrNspx
62,Fame,0.185,0.813,0.659,0.0,0.0981,-7.993,0,0.0967,129.965,4,0.507,8183567,Germany,0QjjaCaXE45mvhCnV3C0TA
63,Der letzte Tanz,0.0329,0.641,0.885,0.000165,0.21,-4.066,0,0.0316,130.087,4,0.818,10222020,Germany,3JtIS5WNPJokeMeEVnWWEM
64,Fly Away,0.217,0.806,0.513,0.0,0.217,-6.208,1,0.0685,124.988,4,0.503,11264633,Germany,5ri4zqtWhG07hIuNNDWP76
65,Alien,0.00813,0.71,0.768,3.66e-05,0.0791,-4.772,1,0.0457,118.085,4,0.419,5677120,Germany,1Tqshmc0rnQPaIGJfRp2Da
66,Astronaut In The Ocean,0.175,0.778,0.695,0.0,0.15,-6.865,0,0.0913,149.996,4,0.472,6740567,Germany,3Ofmpyhv5UAQ70mENzB277
67,Dynamite,0.0112,0.746,0.765,0.0,0.0936,-4.41,0,0.0993,114.044,4,0.737,7344982,Germany,4saklk6nie3yiGePpBwUoc
68,Giants,0.014,0.572,0.833,5.77e-05,0.129,-5.291,0,0.0754,158.104,4,0.588,3434695,Germany,43CHdbHYdcbUWP10UFKyZ7
69,Rise Up (feat. Vamero),0.011,0.648,0.927,0.0,0.162,-3.633,1,0.049,126.037,4,0.361,15237304,Germany,46lyJh9GYmWsHez3EsvmAx
70,Snowman,0.483,0.716,0.512,0.0,0.0928,-6.257,1,0.0331,104.957,3,0.326,2070152,Germany,7uoFMmxln0GPXQ0AcCBXRq
71,Some Say - Felix Jaehn Remix,0.406,0.682,0.7,0.0,0.174,-5.591,1,0.0397,120.03,4,0.637,7061275,Germany,7C1trmcQQ5n5RNy4l6ziCv
72,In meinem Benz,0.158,0.784,0.668,0.0,0.252,-5.237,1,0.551,154.911,4,0.737,8010644,Germany,3dy7SaVShdnjwtx9IXhtzg
73,Watermelon Sugar,0.122,0.548,0.816,0.0,0.335,-4.209,1,0.0465,95.39,4,0.557,7766541,Germany,6UelLqGlWMcVH1E5c4H7lY
74,Close Your Eyes,0.0663,0.818,0.823,1.17e-05,0.133,-3.563,0,0.2,128.136,4,0.52,7504585,Germany,7N06jo3EnV792VFaG8vuW6
75,Übermorgen,0.0218,0.583,0.829,0.0,0.137,-4.715,1,0.103,183.975,4,0.393,7814673,Germany,1NP7bzm8UksJUWXsuFoOwE
76,Kings & Queens,0.00786,0.637,0.69,0.0,0.124,-4.057,0,0.0405,129.857,4,0.457,7175557,Germany,7a53HqqArd4b9NF4XAmlbI
77,Someone You Loved,0.751,0.501,0.405,0.0,0.105,-5.679,1,0.0319,109.891,4,0.446,8505084,Germany,7qEHsqek33rTcFNT9PFqLf
78,willow,0.835,0.392,0.579,0.00179,0.145,-9.195,1,0.164,80.961,4,0.549,2131627,Germany,3Uo7WG0vmLQ07WB4BDwy7D
79,Memories (feat. Kid Cudi),0.00192,0.547,0.92,7.63e-06,0.257,-3.939,1,0.259,129.994,4,0.372,7143657,Germany,0Xh6R6XLoTDRBYriQRgkHj
80,34+35,0.237,0.83,0.585,0.0,0.248,-6.476,1,0.094,109.978,4,0.485,3282921,Germany,6Im9k8u9iIzKMrmV7BWtlF
81,Someone Better - From The Voice Of Germany,0.203,0.525,0.487,0.0,0.0851,-7.472,1,0.0263,80.078,4,0.158,1468977,Germany,3Ytz5A43UbLUfUunbhjOAq
82,Best of Us,0.192,0.617,0.625,0.0,0.0768,-6.655,1,0.101,79.939,4,0.282,7000238,Germany,5DhcEJWVdkPNkJUVnbiUKo
83,Let's Love,0.00882,0.662,0.868,0.00244,0.584,-4.025,1,0.0341,92.998,4,0.353,2916971,Germany,6lhZLbb0czULpjb2kFryPS
84,Tick Tock (feat. 24kGoldn),0.369,0.779,0.705,7.91e-06,0.124,-3.895,1,0.0344,101.022,4,0.946,3752335,Germany,27u7t9d7ZQoyjsCROHuZJ3
85,Robbery,0.328,0.685,0.692,0.0,0.153,-5.122,1,0.0457,159.966,5,0.578,7668036,Germany,6Hj9jySrnFppAI0sEMCZpJ
86,Hello (feat. A Boogie Wit da Hoodie),0.0187,0.905,0.647,0.0,0.282,-5.065,0,0.107,130.97,4,0.367,6684577,Germany,2r6OAV3WsYtXuXjvJ1lIDi
87,Hollywood,0.00851,0.744,0.793,0.000231,0.363,-6.02,0,0.0291,116.0,4,0.325,4506185,Germany,1XdMp6v9Q3N80WnKSbGfl4
88,For a Second,0.335,0.681,0.871,0.0,0.0929,-2.345,1,0.105,145.984,4,0.447,7520948,Germany,5qYf19BLOheApfe6NqhDPg
89,Come & Go (with Marshmello),0.0172,0.625,0.814,0.0,0.158,-5.181,1,0.0657,144.991,4,0.535,6737465,Germany,2Y0wPrPQBrGhoLn14xRYCG
90,i miss u (with Au/Ra),0.0387,0.668,0.726,0.0,0.134,-7.512,1,0.0468,124.075,4,0.453,4956517,Germany,7CH8J4ulT49UfZwSDSkSZA
91,Alane,0.0419,0.581,0.799,9.43e-06,0.11,-6.66,1,0.164,124.002,4,0.662,3498066,Germany,2u6Jm2klS4yvAlbSHlxUwI
92,2012,0.218,0.805,0.619,0.0,0.114,-7.907,0,0.0771,98.995,4,0.476,3687431,Germany,6bM4daGlfZHtKMQp8tEqVz
93,Cooler Than Me,0.0595,0.889,0.716,0.0409,0.168,-6.146,1,0.0708,128.022,4,0.296,6045326,Germany,525GY0mXYnxajolwgS8Eaz
94,I Need You To Hate Me,0.0298,0.637,0.589,0.0,0.11,-5.618,0,0.0352,148.925,4,0.376,7179725,Germany,1zY6ekSJ8VI6tZ6nBqoo7g
95,Midnight Sky,0.00161,0.699,0.805,0.00177,0.249,-5.535,0,0.0345,109.976,4,0.232,4232873,Germany,4i2qxFEVVUi8yOYoxB8TCX
96,Deep End,0.758,0.711,0.592,0.0,0.156,-7.136,0,0.23,124.749,4,0.535,1827117,Germany,6HlE9t71z9DjGi7KqSyEpA
97,Lucid Dreams,0.349,0.511,0.566,0.0,0.34,-7.23,0,0.2,83.903,4,0.218,7516108,Germany,285pBltuF7vW8TeWk8hdRR
98,DÁKITI,0.401,0.731,0.573,5.22e-05,0.113,-10.059,0,0.0544,109.928,4,0.145,5646658,Germany,4MzXwWMhyBbmu6hOcLVD49
99,Wonder,0.136,0.442,0.631,2.29e-05,0.133,-5.096,0,0.05,139.774,4,0.129,1771693,Germany,6ZuahEctZD6w75peme58hm
100,110,0.533,0.48,0.749,0.0,0.0997,-5.057,0,0.432,179.056,4,0.419,7122252,Germany,67ojvEGRPAUCOohuMPqoRC
101,Lonely,0.0607,0.667,0.823,0.0,0.0771,-3.797,1,0.0673,127.903,4,0.35,2217598,Germany,5LOJdJPzuevskkoAtLj8hb
102,Wenn du da bist,0.288,0.648,0.649,0.0,0.106,-8.036,1,0.112,88.856,4,0.348,2815426,Germany,7JF6f8uYdGkfsUoCjBtJSF
103,Star Shopping,0.0967,0.585,0.471,0.0184,0.115,-9.934,0,0.0616,93.099,4,0.323,7357320,Germany,30bqVoKjX479ab90a8Pafp
104,AMG,0.18,0.736,0.623,0.0,0.328,-4.688,0,0.163,85.952,4,0.368,3185148,Germany,4EmiHs5KnkApKW8pkfWdWW
105,Can't Hold Us - feat. Ray Dalton,0.0291,0.641,0.922,0.0,0.0862,-4.457,1,0.0786,146.078,4,0.847,7484610,Germany,3bidbhpOYeV4knp8AIu8Xn
106,Dirndl Weed,0.0763,0.699,0.536,0.0,0.184,-9.558,1,0.124,140.006,4,0.433,2257655,Germany,0OZwvUys1bMDTiEHPoBviV
107,WAP (feat. Megan Thee Stallion),0.0194,0.935,0.454,0.0,0.0824,-7.509,1,0.375,133.073,4,0.357,3525586,Germany,4Oun2ylbjFKMPTiaSbbCih
108,In Your Eyes (feat. Alida),0.172,0.57,0.672,1.04e-06,0.0768,-5.888,0,0.0716,120.018,4,0.461,1728446,Germany,61ZM92T2zaXIVsqncThQzC
109,Ohne Dich,0.127,0.852,0.641,4.99e-05,0.085,-5.853,1,0.167,100.042,4,0.323,2153348,Germany,0AqrJySgoQIVVRK5ENFfyF
110,Woher (feat. Sido),0.0432,0.779,0.577,2.84e-06,0.408,-6.627,0,0.16,111.0,4,0.264,1862730,Germany,3cvoH3kesfV7VlAC9YXbiu
111,Dior,0.212,0.548,0.805,0.000389,0.408,-5.732,1,0.351,142.094,4,0.648,6847377,Germany,79s5XnCN4TJKTVMSmOx8Ep
112,Fuckst mich nur ab,0.233,0.817,0.468,0.0894,0.0905,-10.945,1,0.287,104.875,4,0.237,4736029,Germany,0y8mJFmm4ogCHnfe0oTuT6
113,WEISSER RAUCH,0.0623,0.633,0.781,9.01e-05,0.124,-5.778,0,0.126,127.751,4,0.749,6296944,Germany,6bRR9tU3WUBsC4aywSgHEO
114,2002,0.213,0.657,0.691,0.0,0.099,-7.907,0,0.236,160.106,4,0.493,6646454,Germany,2u8AXJyk8pICzj2wyPBL0b
115,Bad boy,0.431,0.796,0.496,5.51e-06,0.0781,-8.165,0,0.0388,97.988,4,0.716,1310148,Germany,0RE4crnT3jRms1xxVlEZx2
116,Hauseingang,0.168,0.549,0.396,0.0777,0.147,-8.435,0,0.437,79.494,4,0.284,2483201,Germany,3aLZ0s5ulFLcFCtIZQblpo
117,Luzifer,0.114,0.77,0.616,0.000133,0.306,-7.449,0,0.0412,127.076,4,0.611,445542,Germany,6Q0QECTvXl0vRY06dQx0yi
118,Wishing Well,0.00336,0.65,0.613,0.0,0.267,-6.13,0,0.128,149.972,4,0.0804,4785597,Germany,2U5WueTLIK5WJLD7mvDODv
119,200 km/h,0.269,0.899,0.67,1.38e-05,0.105,-6.455,0,0.163,148.065,4,0.413,6078926,Germany,2PGA1AsJal6cyMNmKyE56q
120,Levitating (feat. DaBaby),0.00883,0.702,0.825,0.0,0.0674,-3.787,0,0.0601,102.977,4,0.915,7142083,Germany,5nujrmhLynf4yMoMtj8AQF
121,Vermissen (feat. Henning May),0.169,0.717,0.668,0.0,0.0673,-5.003,0,0.0554,89.045,4,0.464,6870306,Germany,07f2b3CTdgKKlhv0mqUksz
122,Sweater Weather,0.0495,0.612,0.807,0.0177,0.101,-2.81,1,0.0336,124.053,4,0.398,6908693,Germany,2QjOHCTQ1Jl3zawyYOpxh6
123,Ride It,0.177,0.88,0.751,6.43e-05,0.106,-4.258,0,0.0874,117.948,4,0.884,6781989,Germany,2tnVG71enUj33Ic2nFN6kZ
124,MOMENT,0.00743,0.701,0.7,4.77e-05,0.0798,-7.968,0,0.0317,137.008,4,0.554,438185,Germany,2Bldl0JpI7LSrT0iRSfIBG
125,1 Stunde,0.154,0.765,0.716,4.81e-05,0.166,-6.93,1,0.461,97.7,4,0.25,832684,Germany,3SODlaDR9GuXeTuFGfKoF8
126,XXL,0.227,0.798,0.527,3.82e-06,0.108,-7.671,0,0.0447,114.008,4,0.548,2969853,Germany,0p3euGPg5LgFeQGC7bBFuR
127,Holy (feat. Chance The Rapper),0.196,0.673,0.704,0.0,0.0898,-8.056,1,0.36,86.919,4,0.372,433845,Germany,5u1n1kITHCxxp8twBcZxWy
128,Du tust es immer wieder,0.347,0.69,0.78,0.0,0.0907,-6.398,0,0.0925,125.895,4,0.363,2941416,Germany,2mrH3iI956l3pColT6oEZn
129,Don't Start Now,0.0123,0.793,0.793,0.0,0.0951,-4.521,0,0.083,123.95,4,0.679,803673,Germany,3PfIrDoz19wz7qK7tYeu62
130,Weekend,0.0612,0.684,0.916,0.000341,0.172,-5.519,1,0.167,123.937,4,0.265,6574222,Germany,4KPYXZUCKYLEEcGmKN4Exs
131,Put Your Records On,0.0563,0.399,0.491,0.00089,0.11,-10.778,0,0.0538,91.066,4,0.151,821061,Germany,6AGOKlMZWLCaEJGnaROtF9
132,Arcade,0.827,0.453,0.35,0.00122,0.144,-11.639,0,0.0425,72.017,3,0.279,12485970,Germany,1J14CdDAvBTE1AJYUOwl6C
133,Frühstück in Paris,0.229,0.744,0.644,0.0,0.204,-5.562,0,0.0641,96.852,4,0.577,4211079,Germany,1ddbNJwDjjmCYz1GFGYnsw
134,HIGHEST IN THE ROOM,0.0546,0.598,0.427,5.83e-06,0.21,-8.764,0,0.0317,76.469,4,0.0605,5974970,Germany,3eekarcy7kvN4yt5ZFzltW
135,Ich würd' lügen,0.0337,0.772,0.599,0.0,0.0729,-7.259,0,0.194,92.018,4,0.459,5478019,Germany,5T2RHnuyK2sa9R0pleO9yP
136,The Passenger (LaLaLa) [feat. MOKABY],0.0609,0.673,0.771,0.000277,0.209,-6.178,0,0.137,125.061,4,0.687,1213192,Germany,2A0CxheiQGQdCiKtOR7jMP
137,Mood Swings (feat. Lil Tjay),0.487,0.48,0.602,0.0,0.0848,-6.335,0,0.368,179.798,4,0.269,1628150,Germany,5rZlwNFl01HqLWBQGryKSm
138,Heat Waves,0.44,0.761,0.525,6.7e-06,0.0921,-6.9,1,0.0944,80.87,4,0.531,8508726,Germany,02MWAaffLxlfxAUY7c5dvx
139,Mars,0.0563,0.766,0.662,0.0,0.321,-6.074,1,0.19,127.027,4,0.669,6308752,Germany,5iUveERei5JgBhqWlu3JIN
140,Train Wreck,0.701,0.311,0.485,0.0,0.0726,-5.726,0,0.0365,77.355,4,0.225,2499254,Germany,55Am8neGJkdj2ADaM3aw5H
141,Roadrunner,0.137,0.804,0.606,0.245,0.111,-9.045,1,0.242,99.024,4,0.247,1640783,Germany,0atjNG0rNW2m6zPaiK4Co7
142,In the End,0.00958,0.556,0.864,0.0,0.209,-5.87,0,0.0584,105.143,4,0.4,7038751,Germany,60a0Rd6pjrkxjPbaKzXjfq
143,Laugh Now Cry Later (feat. Lil Durk),0.244,0.761,0.518,3.47e-05,0.107,-8.871,1,0.134,133.976,4,0.522,795218,Germany,2SAqBLGA283SUiwJ3xOUVI
144,my ex's best friend (with blackbear),0.00473,0.731,0.675,0.0,0.141,-5.134,0,0.0434,124.939,4,0.298,2952248,Germany,7kDUspsoYfLkWnZR7qwHZl
145,Toosie Slide,0.289,0.83,0.49,3.04e-06,0.113,-8.82,0,0.209,81.604,4,0.845,773059,Germany,466cKvZn1j45IpxDdYZqdA
146,The Box,0.104,0.896,0.586,0.0,0.79,-6.687,0,0.0559,116.971,4,0.642,1193513,Germany,0nbXyq5TXYPCO7pr3N8S4I
147,goosebumps,0.0847,0.841,0.728,0.0,0.149,-3.37,1,0.0484,130.049,4,0.43,4918841,Germany,6gBFPUFcJLzWGx4lenP6h2
148,Skifahren (feat. Joshi Mizu),0.224,0.719,0.706,2.37e-06,0.151,-6.89,0,0.253,133.926,4,0.452,782943,Germany,7qwWwsa6otLM0UOEamls4s
149,Running Back To You,0.0669,0.675,0.73,0.0,0.0686,-5.982,1,0.0909,102.025,4,0.892,2808982,Germany,7feeLzB9KdKJ2ha3OvJ0SZ
150,7 Stunden,0.471,0.767,0.558,0.0,0.0653,-6.638,0,0.22,110.573,5,0.325,2021720,Germany,1EbdQ54jFLGEH94cUif3TI
151,Falling,0.123,0.784,0.43,0.0,0.0887,-8.756,0,0.0364,127.087,4,0.236,1970061,Germany,2rRJrJEo19S2J82BDsQ3F7
152,Gimme! Gimme! Gimme!,0.0151,0.62,0.748,0.016,0.0729,-5.36,0,0.058,125.999,4,0.417,1601331,Germany,4zLSkwZaiMfzzapPCbdG90
153,Leben eines Dealer,0.34,0.719,0.753,0.0,0.14,-7.238,0,0.306,94.993,4,0.757,388395,Germany,18AlZq1ylnj2vgsFmSwpT2
154,lovely (with Khalid),0.934,0.351,0.296,0.0,0.095,-10.109,0,0.0333,115.284,4,0.12,5728243,Germany,0u2P5u6lvoDfwTYjAADbn4
155,Monster,0.0253,0.83,0.794,0.0248,0.106,-6.279,0,0.432,128.16,4,0.607,5308464,Germany,0YU17F0BlVXvmx5ytsR43w
156,Flugmodus,0.608,0.723,0.535,0.0,0.346,-6.273,0,0.0753,140.013,3,0.707,1978308,Germany,2iNzRQE0MlCaSHbHGzmbN2
157,Reminds Me Of You,0.0663,0.613,0.631,0.0,0.169,-6.965,1,0.12,149.992,4,0.33,757969,Germany,5YSHygGN9D0mID1NsVd5my
158,Godzilla (feat. Juice WRLD),0.145,0.808,0.745,0.0,0.292,-5.26,0,0.342,165.995,4,0.829,750097,Germany,7FIWs0pqAYbP91WWM0vlTQ
159,Salt,0.131,0.693,0.835,0.0,0.073,-3.242,1,0.0624,128.052,4,0.744,378910,Germany,5iyZwawawLjHYpX4MxUKVF
160,Emotions 2.0,0.386,0.788,0.491,0.00088,0.107,-9.884,1,0.109,98.543,4,0.271,765774,Germany,3yZCjDTxzZxx1kll1sRjGc
161,Baby,0.166,0.771,0.921,0.000211,0.119,-4.228,0,0.109,128.021,4,0.56,763947,Germany,1V7JaMp11LKGwKiVmSetf0
162,Boot,0.0627,0.534,0.565,0.00222,0.112,-7.546,0,0.307,194.034,4,0.529,745678,Germany,12KENAKQY5JvAsRURN7TzB
163,Control,0.643,0.599,0.465,1.57e-06,0.149,-4.95,1,0.0314,113.82,4,0.0678,6498279,Germany,50Td3qilgs8BLtv8mHyT1t
164,Emotions,0.351,0.814,0.459,0.0165,0.107,-10.859,1,0.282,131.518,5,0.211,746973,Germany,6lU4BQWZomCWRfKSowfezE
165,death bed (coffee for your head),0.731,0.726,0.431,0.0,0.696,-8.765,0,0.135,144.026,4,0.348,374982,Germany,7eJMfftS33KTjuF7lTsMCx
166,Life Is Good (feat. Drake),0.067,0.795,0.574,0.0,0.15,-6.903,0,0.487,142.053,4,0.537,751817,Germany,1K5KBOgreBi5fkEHvg5ap3
167,Like I Love You,0.115,0.727,0.877,9.49e-06,0.316,-2.411,0,0.0414,126.056,4,0.699,738614,Germany,7hr6WRm7HUlVdkfnhSTm0G
168,Before You Go,0.604,0.459,0.575,0.0,0.0885,-4.858,1,0.0573,111.881,4,0.183,2365677,Germany,2gMXnyrvIjhVBUZwvLZDMP
169,Andere Welt,0.603,0.608,0.759,0.0,0.103,-5.272,0,0.169,83.887,4,0.55,757151,Germany,5FNhlq7JSnm1kisNKeuVAP
170,Bibi und Tina Lied,0.518,0.837,0.422,0.0,0.768,-17.497,1,0.0394,115.189,4,0.808,1984465,Germany,6Obb1FCQLZrVRvzXWdgDma
171,I Gotta Feeling,0.0873,0.743,0.766,0.0,0.509,-6.375,1,0.0265,127.96,4,0.61,4361855,Germany,4kLLWz7srcuLKA7Et40PQR
172,Bye Bye,0.209,0.538,0.696,0.0,0.0923,-6.474,1,0.137,163.867,4,0.534,1589624,Germany,0VpfrZqELaWqbGemlf0tTd
173,Devam (feat. Luciano & Ezhel),0.284,0.763,0.515,0.0,0.219,-5.859,0,0.213,134.837,4,0.537,746435,Germany,0kjKKPlUlB4q54k0e7HoF8
174,TRANCE,0.234,0.808,0.463,5.16e-05,0.116,-10.653,0,0.156,98.02,4,0.692,367277,Germany,4ImCq9zxImWzZijKlMyppJ
175,Unterwegs,0.376,0.706,0.772,8.76e-06,0.0884,-6.765,0,0.189,99.186,4,0.304,366758,Germany,7oJW8vNkosiWuKJtsq3mZs
176,500 PS,0.391,0.805,0.924,0.00448,0.0902,-5.883,0,0.0439,139.976,4,0.836,5986218,Germany,4UOXo3xWnxYdTf3sFyRaUG
177,GREECE (feat. Drake),0.0743,0.695,0.343,1.04e-06,0.107,-10.798,1,0.0432,85.84,4,0.229,363787,Germany,35RJhm1pEovTBwnNR0zWad
178,Ohne mein Team,0.16,0.766,0.8,1.6e-05,0.0744,-6.062,0,0.0938,129.999,4,0.635,6244603,Germany,05Mp2UJulSttxQ4E6hQPH3
179,2 Uhr nachts,0.351,0.816,0.696,0.000131,0.0999,-8.362,1,0.058,155.035,4,0.648,5131105,Germany,0jNR7y6nWhEf2gjy8pT8oG
180,Turn Me On (feat. Vula),0.0149,0.737,0.828,0.000588,0.0862,-4.711,1,0.0396,124.051,4,0.517,359939,Germany,0qaWEvPkts34WF68r8Dzx9
181,Yeah! (feat. Lil Jon & Ludacris),0.0183,0.894,0.791,0.0,0.0388,-4.699,1,0.112,105.018,4,0.583,1606081,Germany,5rb9QrpfcKFHM1EUbSIurX
182,Blueberry Faygo,0.207,0.774,0.554,0.0,0.132,-7.909,1,0.0383,99.034,4,0.349,359226,Germany,22LAwLoDA5b4AaGSkg6bKW
183,bad guy,0.328,0.701,0.425,0.13,0.1,-10.965,1,0.375,135.128,4,0.562,357222,Germany,2Fxmhks0bxGSBdJ92vM42m
184,Alien,0.298,0.835,0.601,0.0,0.111,-6.411,1,0.0562,137.998,4,0.853,731263,Germany,2RaKlveGCllSaXloN8kmzV
185,hot girl bummer,0.125,0.782,0.559,0.0,0.385,-7.106,0,0.0767,129.992,1,0.685,354945,Germany,2mt1IqcFyY1zmYZT8Q3xw9
186,Someone To You,0.00517,0.52,0.903,0.0,0.254,-5.497,1,0.042,74.988,4,0.652,6369987,Germany,2f0pn9DkEJwAzXApnFh5cr
187,Kennst du das ?!,0.119,0.607,0.835,0.0,0.138,-3.839,1,0.114,86.955,4,0.519,354583,Germany,6ReuhBWXeOzgOQIXiPqW0y
188,Thank You [Not So Bad],0.201,0.656,0.89,1.99e-06,0.101,-4.981,0,0.187,100.037,4,0.268,353973,Germany,4AqN8IdKCfItCSbuaFch81
189,Low (feat. T-Pain),0.0928,0.918,0.609,0.0,0.139,-5.64,0,0.0791,128.008,4,0.304,353716,Germany,0CAfXk7DXMnon4gLudAp7J
190,sportback,0.119,0.765,0.872,0.00197,0.093,-7.194,1,0.0984,140.022,4,0.802,353237,Germany,1QQSY49KKATkK00zCnn7bs
191,Superstar,0.0624,0.727,0.725,0.0,0.1,-6.198,1,0.203,119.965,4,0.468,353225,Germany,5gFCFZnV0QTt1YfjY7dJBY
192,Tränen aus Kajal,0.292,0.559,0.468,0.0,0.362,-8.53,0,0.244,169.921,4,0.353,2875983,Germany,1dy0JB5g1AW1W30zbPknZZ
193,Shallow,0.371,0.572,0.385,0.0,0.231,-6.362,1,0.0308,95.799,4,0.323,4817577,Germany,2VxeLyX666F8uXCJ0dZF8B
194,Checka,0.194,0.814,0.673,4.55e-05,0.0786,-6.802,0,0.0738,156.005,4,0.599,348811,Germany,5ChtVY22XWHIpSgPtZZ6wB
195,Lose Control,0.129,0.598,0.526,0.0,0.14,-8.659,0,0.0415,123.935,4,0.529,347061,Germany,7CHi4DtfK4heMlQaudCuHK
196,Kollektiv,0.196,0.872,0.689,5.12e-06,0.108,-6.801,1,0.318,75.982,4,0.812,729756,Germany,1WGegaPI5cRivxk7Rv3Uw8
197,Ma Bae,0.404,0.826,0.787,2.81e-05,0.0933,-4.884,0,0.0339,126.057,4,0.555,339733,Germany,3G67H7EzEhwITQn1gPuPwA
198,Tyler Herro,0.0872,0.792,0.793,0.0,0.22,-6.185,0,0.0841,123.031,4,0.775,339229,Germany,3w1WjD2zJqjBjDz5fwqQPJ
199,Angst,0.0213,0.599,0.79,5.87e-05,0.0778,-4.352,0,0.386,100.119,5,0.528,20678602,Germany,5yUzqd3H7cmJ1no6B4uTzu
200,Lonely,0.416,0.931,0.45,0.00119,0.0953,-7.598,0,0.184,98.004,4,0.966,16386796,Germany,2YjkalYiseRDPYjpzLu8Vl
201,Auf mein Fahrrad,0.19,0.825,0.637,5.11e-05,0.119,-6.885,1,0.263,92.131,4,0.556,2264670,Germany,4TdjhEG1dmDNtOaPxvbBQ1
202,SUICIDE DOORS,0.543,0.835,0.42,3.52e-06,0.126,-8.508,1,0.495,139.997,4,0.344,5033664,Germany,2m7m1EMhMP02OhBZOWkdUV
203,drivers license,0.721,0.585,0.436,1.31e-05,0.105,-8.761,1,0.0601,143.874,4,0.132,29839245,Germany,7lPN2DXiMsVn7XUKtOW1CS
204,HIGHWAY (feat. ELIF),0.51,0.618,0.48,5.94e-05,0.111,-10.135,0,0.0353,144.97,4,0.386,5342616,Germany,2UD1csihq8aPrpM69C2XrW
205,Du hast recht,0.215,0.582,0.693,0.001,0.104,-5.827,1,0.15,88.475,4,0.395,1350956,Germany,0n7SMysK4IlalcBVw0ELa4
206,Spotlight (feat. Lune),0.0169,0.436,0.68,0.0,0.13,-6.616,1,0.301,173.68,4,0.219,2950603,Germany,4oPoCZVDcew8drynMh9j6x
207,Habibi,0.499,0.479,0.609,0.0,0.144,-8.5,0,0.133,75.113,3,0.74,2525886,Germany,6G0503JielRvasifhBznrX
208,KEINE FANTASIE (feat. Nimo),0.132,0.687,0.671,6.05e-06,0.189,-6.907,1,0.267,92.007,4,0.48,947532,Germany,71LgAA6z8AOl6ZK56GarQS
209,Beinchen,0.0888,0.829,0.841,2.13e-06,0.0598,-4.941,1,0.357,140.062,4,0.814,857381,Germany,0VvM6tpinapBQNPXk2vEzN
210,Wie es mal war,0.37,0.635,0.643,0.0,0.104,-7.235,0,0.0666,139.924,4,0.571,1859688,Germany,5iXOx6eqEtyuFLS6WeepSU
211,Save Your Tears,0.0212,0.68,0.826,1.24e-05,0.543,-5.487,1,0.0309,118.051,4,0.644,20940128,Germany,5QO79kh1waicV47BqGRL3g
212,Tanz,0.0536,0.906,0.637,1.17e-05,0.0788,-6.916,0,0.167,112.97,4,0.359,497287,Germany,4Y6z61YUJFMM96e6HXA8W5
213,Good Days,0.499,0.436,0.655,8.1e-06,0.688,-8.37,0,0.0583,121.002,4,0.412,4287404,Germany,3YJJjQPAbDT7mGpX3WtQ9A
214,Renn,0.302,0.751,0.562,0.0059,0.154,-7.485,1,0.065,89.989,4,0.415,469056,Germany,0wRwqg0ezwvDWu1NaekiCf
215,The One,0.0248,0.83,0.796,5.68e-05,0.0622,-4.578,1,0.12,128.021,4,0.422,9740040,Germany,6j0l7Hjt6qeDCQnYBZuJXY
216,Drück auf's Pedal,0.0519,0.631,0.632,3.15e-05,0.103,-7.316,0,0.417,136.345,4,0.543,435653,Germany,7wyulTKKCPSmeArPq9xEvH
217,Raus,0.235,0.745,0.507,0.0346,0.125,-8.693,1,0.184,93.175,4,0.334,426256,Germany,0cGOrxDL8Q1hrcjSXGeCxo
218,SCARFACE,0.156,0.744,0.688,0.0,0.0693,-6.343,0,0.506,100.3,4,0.495,422644,Germany,2u1JlI9iYk9Ns5ara7PBRF
219,Paparazzi,0.0739,0.677,0.685,0.0,0.107,-5.643,0,0.0505,91.008,4,0.177,2724518,Germany,3rchFjeKZ0bJxO7EEdM3S5
220,Seele brennt,0.551,0.609,0.53,2.17e-06,0.122,-8.31,0,0.0679,110.073,4,0.127,400442,Germany,1B4RRw9z25jR7mEcdXQy6j
221,I'm not Pretty,0.0802,0.783,0.526,0.0,0.066,-6.478,1,0.261,75.002,4,0.902,790687,Germany,4pBhTGnL5N5KqsyqU58jee
222,Best Friend (feat. Doja Cat),0.00302,0.84,0.766,3.61e-06,0.0684,-4.12,1,0.136,94.018,4,0.402,2404199,Germany,2etHQJxIbV0soyPhelVs9Y
223,I Got Bitches,0.464,0.968,0.785,4.7e-06,0.272,-8.084,0,0.32,119.953,4,0.803,4686785,Germany,6gPqBegU4aDWoSYXeCyURA
224,AUGEN ZU (feat. Samra),0.125,0.685,0.693,1.81e-06,0.275,-6.741,0,0.217,167.957,4,0.493,374732,Germany,6ikiAn9th3TUfS3bYS7gDX
225,Wasted Love (feat. Lagique),0.0821,0.734,0.855,4.73e-06,0.0901,-4.578,0,0.135,121.955,4,0.54,12390674,Germany,2pPO9YecZimmuVQfIzfV6U
226,Ohne Dich,0.191,0.807,0.535,0.0,0.125,-6.519,0,0.349,156.013,4,0.925,44870122,Germany,4hSJUp6k7QeHLxU32MrLIU
227,vija vija,0.475,0.73,0.479,0.0,0.125,-10.202,1,0.0428,115.007,4,0.116,4178010,Germany,5Hplvh1ZoVp6SNPvLIpcgS
228,Dirty South,0.103,0.866,0.858,0.0,0.0681,-3.048,1,0.263,164.01,4,0.818,3253048,Germany,51Gj7QV1S482b5g9jRU4zc
229,Warum,0.391,0.725,0.499,0.0,0.104,-7.164,0,0.114,99.984,4,0.364,3481051,Germany,426VLlB1Zlhm5utUE3lO2l
230,"Birkin Bag (feat. Luciano, reezy & KALIM)",0.00155,0.937,0.513,4.39e-06,0.122,-5.843,1,0.261,137.953,4,0.237,2117531,Germany,6DYhtpfCTasCnkDJAFMqGJ
231,Auf mein Fahrrad,0.19,0.825,0.637,5.11e-05,0.119,-6.885,1,0.263,92.131,4,0.556,3176498,Germany,45e6Qb3cu7z96jPdyIzugR
232,Goldjunge,0.129,0.676,0.766,0.0,0.303,-3.167,1,0.419,95.236,4,0.571,1975235,Germany,7wgkebUBtfN1dY3UikcYpm
233,Rap über Hass,0.00367,0.717,0.623,4.16e-06,0.506,-5.724,1,0.327,92.626,4,0.219,2149347,Germany,1parCywpMDF9i6sO13kyvc
234,Tag und Nacht,0.323,0.801,0.624,0.000298,0.0771,-7.085,0,0.0583,119.974,4,0.522,1310781,Germany,0Piato0t4F36fA4unaMVww
235,DON,0.396,0.799,0.44,1.28e-05,0.11,-7.93,0,0.146,131.991,4,0.327,790863,Germany,1Ul3rST5CUjBzEOrdCxigG
236,SIE WEISS WIE,0.238,0.662,0.654,0.0,0.162,-6.203,0,0.0492,169.944,4,0.507,1157929,Germany,2GJAmJLpWQrAIoGkAn6GXp
237,Your Love (9PM),0.194,0.669,0.784,6.28e-06,0.115,-5.603,1,0.112,125.993,4,0.517,22349828,Germany,5YaskwnGDZFDRipaqzbwQx
238,Out Of Order,0.0426,0.638,0.717,0.000411,0.109,-7.108,0,0.165,104.909,4,0.346,1146213,Germany,15F6SCYBuZ3hHBAoPkHKRy
239,Du hast recht,0.219,0.528,0.689,0.00128,0.102,-5.828,1,0.12,92.179,4,0.408,1172295,Germany,3QOFj9i357RVMMATyQ5mQ7
240,Horay,0.029,0.674,0.794,0.000894,0.106,-4.018,1,0.275,147.788,4,0.398,691214,Germany,39iRIqhuZocEK7FQCEeFq0
241,Bad Boy (with Young Thug),0.00215,0.697,0.674,0.0,0.138,-6.326,1,0.0533,81.535,4,0.198,1528022,Germany,43CIWpJaJHRcI4mUSjqgc2
242,Subwoofer,0.074,0.879,0.69,0.0,0.106,-8.788,0,0.347,83.016,4,0.823,10160319,Germany,5zPT86unoFaNP2J348n1p0
243,Therapie,0.103,0.54,0.747,0.0,0.111,-6.401,1,0.466,163.708,4,0.555,625964,Germany,1PoUePQzaFX7eLLbrLJPUl
244,White Lies,0.177,0.839,0.751,0.0,0.067,-5.208,0,0.0924,127.996,4,0.525,16354122,Germany,2QuQkdLLzgktXwruPAz6f4
245,Kollektiv,0.196,0.872,0.689,5.12e-06,0.108,-6.801,1,0.318,75.982,4,0.812,612824,Germany,0XRYBtmf2jQ7yp34wfGWKP
246,Guck Mama 2,0.0191,0.634,0.67,8.07e-05,0.207,-4.756,0,0.281,113.48,5,0.27,601082,Germany,38nRLMc4yj22APow2rdmTH
247,Girls Like Us,0.288,0.444,0.648,0.0,0.059,-4.955,1,0.0476,125.706,5,0.171,17950480,Germany,5SFXOMJJ334Wn2PwBHeRZN
248,Bout that Time,0.0247,0.832,0.599,2.97e-05,0.102,-6.664,1,0.335,89.526,4,0.374,538631,Germany,2ZLqg5gtd8k5dPCdyqrQTM
249,Unendlich,0.577,0.648,0.758,4.86e-06,0.109,-4.947,1,0.29,87.61,4,0.46,489287,Germany,598uA72nV5xTMPnSTjzgj8
250,"34+35 Remix (feat. Doja Cat, Megan Thee Stallion) - Remix",0.205,0.88,0.662,0.0,0.227,-5.766,1,0.304,109.988,4,0.726,451314,Germany,3jjBPF4NDMCU51psU8JPpR
251,Haifisch,0.0654,0.751,0.717,0.0,0.0942,-5.924,1,0.42,105.477,5,0.393,441119,Germany,4pvIxOagKQz2B98OJESaXE
252,KK,0.302,0.722,0.836,0.0,0.318,-5.444,0,0.4,88.678,4,0.817,851654,Germany,6IwbgA2lca6IZZvo2wCL6Q
253,Maestro's Grand Finale (Outro),0.076,0.545,0.657,0.0,0.233,-9.311,0,0.414,88.294,4,0.291,425278,Germany,3jPv73pjMTq0F9r0HL9GOm
254,Boyz n the Hood,0.0476,0.635,0.683,2.4e-05,0.144,-6.438,1,0.323,90.748,4,0.56,425109,Germany,42LQsf61DjoSI69mlDCpAc
255,Staub,0.214,0.767,0.681,0.0,0.138,-4.34,1,0.339,93.552,4,0.307,420696,Germany,1JFJLy0bBFnKkkxlDlybAe
256,Can You Feel My Heart,0.00201,0.15,0.859,0.194,0.387,-2.827,0,0.0595,170.527,5,0.354,2126922,Germany,0WSa1sucoNRcEeULlZVQXj
257,Jocelyn Flores,0.469,0.872,0.391,4.13e-06,0.297,-9.144,0,0.242,134.021,4,0.437,1973827,Germany,7m9OqQk4RVRkw9JJdeAw96
258,WACH,0.19,0.691,0.51,6.92e-06,0.115,-9.299,0,0.249,79.448,4,0.298,385103,Germany,3Xrr0iul4YsZefSJeGikGT
259,My Head & My Heart,0.0697,0.614,0.934,0.0,0.121,-3.709,0,0.07,116.001,4,0.436,11474272,Germany,1KixkQVDUHggZMU9dUobgm
260,Paradies,0.197,0.769,0.605,5.36e-06,0.164,-7.874,1,0.335,159.933,4,0.3,10785710,Germany,6qNLO4HzHeVvHxTaCFMXrf
261,Hell,0.119,0.456,0.773,0.00189,0.149,-6.221,1,0.307,81.67,4,0.403,8078709,Germany,1CFBjAXDYaKLyxGMrijeo1
262,WO DU,0.309,0.799,0.472,0.000714,0.0778,-8.503,0,0.076,136.928,4,0.7,4416563,Germany,27jutMh8QmJfaJrMFEnTDN
263,Regen,0.13,0.759,0.792,0.0,0.106,-4.684,0,0.0719,76.032,4,0.862,1952770,Germany,02y8kYqCkzAxVqLEsnIXNS
264,Habibi,0.499,0.479,0.609,0.0,0.144,-8.5,0,0.133,75.113,3,0.74,6013670,Germany,5lrq8sHObtY0xMmF7Ukzl7
265,PELICAN FLY,0.109,0.914,0.636,0.0,0.195,-5.355,1,0.221,90.007,4,0.178,3979042,Germany,5VTiVfXyhYTy8HIJxU4BIm
266,Bands,0.289,0.921,0.574,0.000123,0.12,-9.125,1,0.315,140.1,4,0.325,1508798,Germany,6VLo6i4v0pr9wyaYUxRfW3
267,Wer wenn nicht wir,0.118,0.721,0.656,0.0,0.231,-5.861,1,0.0338,109.024,4,0.772,12087755,Germany,5jYDCxuSx1mfApeWA4SlqX
268,Lo Vas A Olvidar (with ROSALÍA),0.721,0.343,0.243,0.00198,0.0668,-14.66,0,0.0777,135.154,4,0.032,1283738,Germany,0psS4i5YooJrXfDnGvWRLi
269,Suicide,0.581,0.859,0.709,4.54e-05,0.123,-9.786,1,0.22,134.996,4,0.438,696162,Germany,0fVfCFTGrBfcPt3q1K19j9
270,LETZTER ATEMZUG,0.242,0.731,0.62,7.97e-06,0.145,-7.685,1,0.0431,120.955,4,0.0521,686994,Germany,3zidOR3YOPaN0Vb7AdhB8O
271,Mom&Dad,0.608,0.6,0.438,0.0,0.419,-8.912,0,0.462,121.137,4,0.365,609274,Germany,7nk2rwASLMnPTGMTrW0tqa
272,Skin,0.428,0.557,0.457,0.0,0.0567,-5.372,1,0.0335,105.918,4,0.328,1993361,Germany,03B2SfXuvDh1m9F4tqrX07
273,Lifestyle (feat. Adam Levine),0.0209,0.749,0.674,0.0,0.169,-5.128,0,0.0366,123.055,4,0.711,3911321,Germany,0osvOdeD3YXZiWkT8MKolJ
274,Streets,0.208,0.749,0.463,0.0371,0.337,-8.433,1,0.0828,90.028,4,0.19,6874531,Germany,60ynsPSSKe6O3sfwRnIBRf
275,Where The Lights Are Low,0.448,0.759,0.807,0.0,0.105,-5.812,0,0.122,123.904,4,0.62,11910608,Germany,0Cnb8XdGDMHAmIRBUJMkIS
276,Violent,0.331,0.797,0.755,2.26e-06,0.124,-5.393,1,0.0293,129.955,4,0.411,3284828,Germany,7CFfqRW50ffULvBv7lfIIg
277,Autobahn,0.0337,0.736,0.607,0.000241,0.105,-7.569,1,0.226,76.023,4,0.231,457183,Germany,0h7dRi0pKBj7NnKoSNrnhY
278,Fuck Love,0.101,0.778,0.471,0.0,0.0991,-9.768,1,0.147,80.029,4,0.214,7226745,Germany,0HhifV2v8vcNC4I3gpnwf3
279,Goodbye,0.0225,0.741,0.931,0.000102,0.191,-3.447,0,0.0563,125.011,4,0.517,1217863,Germany,4crczEC1PpoD8TsDsmoWNI
280,NO HUGS,0.0431,0.619,0.508,0.159,0.359,-8.676,0,0.102,158.015,4,0.211,6617757,Germany,6lWncv0txvt3Qwf5jY3ogH
281,ALLES DOPE,0.136,0.762,0.721,0.00338,0.102,-9.254,1,0.138,107.064,4,0.451,5294559,Germany,7HZMdCSq7oUYmn6OHU6kSB
282,HIGHWAY (feat. ELIF),0.51,0.618,0.48,5.94e-05,0.111,-10.135,0,0.0353,144.97,4,0.386,6394591,Germany,6QVxJg8q95hEuPgNRb56jK
283,Rapkiller,0.171,0.701,0.659,0.0,0.316,-7.796,0,0.254,89.867,4,0.58,3037133,Germany,1lcmuqFzLwI595hs4uOrnD
284,Gece Gündüz,0.0209,0.83,0.576,2.32e-06,0.121,-5.005,0,0.157,149.965,4,0.295,5236293,Germany,4jq1WK3fiUU2SOhZ0iaMP1
285,Verdammt ich lieb' Dich,0.00968,0.594,0.722,0.0,0.0905,-5.885,0,0.0991,90.059,4,0.292,10903707,Germany,6PA5kMfB3Hbi7rFFKiRIf4
286,Ich will es Bar,0.0987,0.747,0.642,3.25e-06,0.133,-7.805,1,0.315,96.053,5,0.404,991295,Germany,1mYLYGG6H38V0QdVxqpGCW
287,Salty,0.0454,0.746,0.637,2.46e-05,0.183,-5.87,0,0.0864,100.024,4,0.51,1180406,Germany,5UT5LGvvOwi9LZRXrjuvlu
288,Baila Conmigo (with Rauw Alejandro),0.0221,0.824,0.545,0.00375,0.097,-7.127,1,0.0699,149.912,4,0.683,3710776,Germany,0D75ciM842cdUMKSMfAR9y
289,Nicht Echt,0.314,0.729,0.67,0.0,0.179,-7.974,0,0.043,125.045,4,0.705,2144019,Germany,6CY87bol6DBK6heyCwOiDe
290,Vollmond,0.405,0.593,0.583,1.07e-05,0.101,-7.712,0,0.496,94.898,4,0.526,701456,Germany,4AwmQA7DrV3Y9KbwBFOPM8
291,JUANA,0.0969,0.824,0.501,0.0,0.169,-8.81,1,0.492,100.048,4,0.374,3492328,Germany,4n1aHlA4W31SWNnNiqD4Gf
292,Springfield,0.0429,0.833,0.402,0.000146,0.112,-13.831,1,0.104,92.482,4,0.297,671809,Germany,329iwnkrmSIhug8bHxVU9N
293,S.O.S,0.323,0.78,0.553,2.97e-06,0.0874,-9.086,0,0.373,163.015,4,0.425,669683,Germany,5pJfsdwHXqs2KHnrpYmLDv
294,Smooth Operator,0.0412,0.824,0.647,0.0,0.0864,-6.753,1,0.46,97.982,4,0.813,636716,Germany,2cAcD801bWhcNUIQqtkPOJ
295,FRIENDZONE,0.07,0.923,0.697,0.012,0.12,-5.325,1,0.0856,125.047,4,0.817,631162,Germany,1KGIjZgyQZuf5OOQ87UqaB
296,Fick mich Finch,0.0497,0.89,0.74,3.74e-06,0.0356,-5.662,0,0.134,127.968,4,0.857,532680,Germany,7xG2dnLR5SXf2q4LLRxx9i
297,You (with Marshmello & Vance Joy),0.0493,0.668,0.563,0.0,0.119,-6.433,1,0.0522,103.116,4,0.305,1347287,Germany,1GkHyypTFkUf0QQKwYoXH4
298,Schlagsahne,0.0208,0.93,0.475,0.0,0.16,-9.57,1,0.408,125.969,4,0.41,491841,Germany,2zqRNh2k3NsYwN6AYfh6Zc
299,Wellerman - Sea Shanty / 220 KID x Billen Ted Remix,0.0441,0.722,0.893,0.000937,0.0673,-3.255,0,0.0475,119.932,4,0.439,23154904,Germany,3iw6V4LH7yPj1ESORX9RIN
300,100k,0.0878,0.705,0.664,1.22e-06,0.0606,-7.685,1,0.0469,76.001,4,0.696,468607,Germany,6DC8Jq4KvdmF5SltDRswNC
301,Goosebumps - Remix,0.418,0.841,0.593,0.0,0.124,-7.846,1,0.0379,124.917,4,0.808,5763395,Germany,5uEYRdEIh9Bo4fpjDd4Na9
302,Laut,0.0525,0.595,0.573,9.49e-06,0.0988,-7.914,0,0.131,104.719,4,0.306,420915,Germany,3CgWQYAAh8Gs6lyrFKzYxi
303,Nichts für Immer (feat. NGEE),0.0344,0.822,0.617,5.34e-06,0.115,-6.172,1,0.186,140.037,4,0.569,409340,Germany,4Q0rRBaX30EmQgjMCOxNam
304,Falling Down - Bonus Track,0.0175,0.669,0.574,0.00294,0.146,-6.442,0,0.0286,120.013,4,0.273,789609,Germany,4jvjzW7Hm0yK4LvvE0Paz9
305,Wellerman - Sea Shanty,0.614,0.675,0.359,0.0,0.137,-5.157,1,0.108,191.903,4,0.792,11719517,Germany,54OBgO0Xwu20Jak9TMXbR7
306,Devil Eyes,0.702,0.391,0.396,0.405,0.315,-8.621,0,0.189,99.112,5,0.199,5413049,Germany,7MiZjKawmXTsTNePyTfPyL
307,GIRL LIKE ME,0.0194,0.964,0.486,0.04,0.0694,-8.891,1,0.188,124.058,4,0.318,3981592,Germany,2vBET2pmrQqafaS6zIaYta
308,2021,0.0141,0.724,0.48,4.32e-06,0.0945,-11.88,0,0.142,130.04,4,0.186,388030,Germany,1KKZxhCP8bWMC4ZQI79sV0
309,Wenn sie ruft,0.234,0.774,0.707,0.0,0.134,-6.902,0,0.367,160.041,4,0.82,11924935,Germany,0O214XAfoQz8VVH83xpAjz
310,coke light,0.321,0.803,0.481,0.0,0.133,-8.831,1,0.055,142.022,4,0.768,6849679,Germany,31M6uFzb0yY2TjqfyuLU89
311,NICHT WACH,0.521,0.715,0.545,0.0,0.0858,-10.563,0,0.459,92.515,4,0.408,3760202,Germany,3s60n518rusOQcNmLRIGZH
312,NBA,0.0696,0.757,0.609,0.00981,0.249,-6.353,1,0.197,162.97,4,0.56,2548024,Germany,0i2H7vm6eVR3JvWXBIYrpO
313,E.G.J.,0.137,0.445,0.724,0.0,0.437,-6.897,1,0.474,186.065,4,0.651,1749933,Germany,08e9NFNJXqJPUKhX5fX5rv
314,GRAFFITI,0.191,0.85,0.656,0.0,0.0997,-7.609,1,0.173,93.954,4,0.508,1229127,Germany,7tIL2ZssXv55xMeDVR7V9z
315,vija vija,0.475,0.73,0.479,0.0,0.125,-10.202,1,0.0428,115.007,4,0.116,2145089,Germany,3a39XsnQ0ALi9AWTGBU3wH
316,Floating Through Space,0.00172,0.575,0.844,0.0,0.114,-4.89,0,0.072,104.914,4,0.277,648871,Germany,2AceGjiX9isUbXmMZa0Dl1
317,V12,0.229,0.67,0.526,2.94e-05,0.132,-9.476,1,0.0769,169.942,4,0.274,553117,Germany,5t2BUjeTDKGQhHDe4L5zxC
318,Up,0.0012,0.868,0.795,0.0193,0.0461,-6.044,1,0.269,166.0,4,0.819,6123635,Germany,1M4OcYkxAtu3ErzSgDEfoi
319,2 Uhr nachts,0.222,0.652,0.783,0.0,0.373,-5.943,0,0.312,88.064,4,0.819,528842,Germany,2M6CW6093pmutJWMRfCfxt
320,Frei sein,0.195,0.751,0.616,2.4e-06,0.117,-7.135,0,0.107,94.018,4,0.297,527519,Germany,3Ac0lwOST8RNzUGksJFj8P
321,ka je,0.0359,0.787,0.481,6.91e-06,0.0916,-8.26,1,0.0651,127.996,4,0.367,873521,Germany,4fH23NuR7nBS37eXoAreNJ
322,Pressure (feat. Tove Lo),0.659,0.859,0.558,0.324,0.124,-8.991,0,0.0902,114.978,4,0.357,480680,Germany,4ga4WvRNhMsIL38pkBbnIN
323,Love Again (feat. Alida),0.0534,0.636,0.822,1.99e-05,0.121,-4.321,0,0.0507,127.225,4,0.338,5644515,Germany,63bWXWGcWnRQvdS8bJWdkB
324,Wieder am Block,0.5,0.569,0.649,0.0,0.22,-8.739,1,0.766,93.009,4,0.613,3796820,Germany,3dPL3n8Q8z8oeCtbPxkE7m
325,The Hills,0.0671,0.585,0.564,0.0,0.135,-7.063,0,0.0515,113.003,4,0.137,829084,Germany,7fBv7CLKzipRk6EC6TWHOB
326,Frisch,0.473,0.83,0.462,0.439,0.126,-8.843,1,0.12,127.992,4,0.564,4707632,Germany,2iKPlIQFubIq7tcK2MUMBp
327,Dangerous,0.00437,0.949,0.79,0.0,0.0816,-5.957,1,0.0756,117.002,4,0.807,816886,Germany,4NOZ35Dhucr6UlVyLOtktd
328,Lemon Tree,0.022,0.66,0.81,1.4e-06,0.0837,-5.938,0,0.058,125.085,4,0.59,4001287,Germany,6sGeBxS4PIEtZdWpgdnitV
329,Zahnräder,0.0228,0.619,0.662,0.0,0.324,-7.958,1,0.553,130.302,5,0.518,410258,Germany,68QL2PXqG81IFz8ie5QoXc
330,Immer wenn du weinst,0.137,0.659,0.845,7.16e-06,0.15,-3.469,0,0.0504,159.933,4,0.675,404229,Germany,6GYGIEVQHFbYV5AvkJD8Mp
331,Glow,0.0593,0.707,0.87,0.0,0.205,-3.617,0,0.0669,125.956,4,0.809,401954,Germany,4icNLSquKZp6e0iEkBn9RP
332,"Rasputin - 7"" Version",0.47,0.694,0.719,0.00121,0.44,-12.734,0,0.048,126.212,4,0.972,779734,Germany,67hbP9PFQZrb4XZc3TzB0s
333,Bruises,0.946,0.736,0.308,0.0,0.186,-7.83,1,0.0677,111.202,4,0.361,383526,Germany,4Of7rzpRpV1mWRbhp5rAqG
334,mailbox (feat. Hava),0.369,0.753,0.65,1.7e-05,0.171,-6.711,0,0.0485,125.121,4,0.428,382891,Germany,7AuMPJMHY3TYeZEZsEy0CF
335,Wellerman,0.275,0.706,0.932,0.00031,0.291,-5.434,0,0.253,124.06,4,0.52,1210840,Germany,1fC0uGs48Sb7GLioUe0tN4
336,No Comprendo,0.176,0.949,0.487,0.000344,0.0959,-8.585,1,0.0717,123.013,4,0.313,11020865,Germany,5ezbc8nalmV7JqLQQfHwTV
337,Astronaut In The Ocean,0.175,0.778,0.695,0.0,0.15,-6.865,0,0.0913,149.996,4,0.472,22865495,Germany,3VT8hOC5vuDXBsHrR53WFh
338,WINGS,0.056,0.771,0.462,0.479,0.122,-9.323,1,0.0909,150.0,4,0.321,2305327,Germany,3uv6J5o0TKCMOrLJ7GvTYC
339,Calling My Phone,0.451,0.907,0.393,1.35e-06,0.135,-7.636,0,0.0539,104.949,4,0.202,7165563,Germany,5Kskr9LcNYa0tpt5f0ZEJx
340,Die Straße lebt,0.107,0.729,0.725,0.0,0.193,-6.665,1,0.425,150.164,4,0.379,2261570,Germany,04QJg9WAFJEECNFVlNbH3b
341,Lauf,0.746,0.718,0.522,1.65e-05,0.105,-9.47,1,0.0959,160.004,4,0.398,1839902,Germany,0jndTxTVIWHswm2Wh2S8is
342,We're Good,0.0319,0.722,0.588,0.0,0.183,-5.932,1,0.0544,134.01,4,0.59,5804165,Germany,1diS6nkxMQc3wwC4G1j0bh
343,POP SMOKE (feat. Fero47),0.155,0.836,0.613,0.0,0.0905,-5.742,0,0.304,132.121,4,0.458,774596,Germany,78LfBrxEieOyQ79Zw5hTlZ
344,Trap Billie Jean,0.0679,0.789,0.587,0.0,0.336,-9.103,1,0.23,138.007,4,0.503,769838,Germany,2S9RewfbTQbkJlwPyV0LbL
345,Kabul Drive By,0.0909,0.729,0.82,0.0,0.117,-5.573,0,0.28,130.128,4,0.325,653610,Germany,1MRY3tGuM0aIdbQmBIkSF5
346,Floating Through Space,0.00172,0.575,0.844,0.0,0.114,-4.89,0,0.072,104.914,4,0.277,5449949,Germany,0XwSUpdrF7nR7hVxbDs7mb
347,MR. IDGAF,0.0771,0.687,0.812,0.0,0.223,-6.991,1,0.351,96.139,4,0.809,594785,Germany,4CoBm4wrhepL1Fu5jnZBJw
348,Big (feat. Gunna),0.0672,0.781,0.843,1.27e-06,0.0637,-3.445,1,0.0349,111.992,4,0.616,2013238,Germany,0BjfodYJYki5xbxHJZe0Cf
349,Friday (feat. Mufasa & Hypeman) - Dopamine Re-Edit,0.0076,0.824,0.862,0.000132,0.303,-3.424,1,0.126,122.98,4,0.801,17842680,Germany,4cG7HUWYHBV6R6tHn1gxrl
350,BABY JESUS,0.0917,0.701,0.891,0.00027,0.199,-5.882,1,0.144,80.016,4,0.438,508352,Germany,4ACfhIzckyCB0zw03t4Inr
351,WINGS 2.0,0.0512,0.79,0.441,0.481,0.123,-9.643,1,0.0874,150.019,4,0.363,1513542,Germany,6aYOUPYfjhOvj9E1wR1QPE
352,Icy,0.0314,0.864,0.531,0.0,0.094,-7.747,0,0.284,92.01,4,0.627,482339,Germany,553StKKcIu3KINE14WPp0E
353,Waage,0.143,0.717,0.605,0.000102,0.114,-5.185,0,0.208,187.835,4,0.262,457841,Germany,2hNzAMqLp5Ck0ijPfHQAZv
354,Kölsche Jung - Party Edit,0.0128,0.599,0.992,0.0,0.383,-3.506,1,0.0969,138.105,4,0.372,457683,Germany,3DQ4U7YOBorXDyaGraMBE7
355,Cover Me In Sunshine,0.0599,0.476,0.594,0.0,0.0785,-6.879,1,0.135,159.702,4,0.314,7434569,Germany,6Tio0ZoDeSQnI7EBAqWer2
356,Nie mehr Fastelovend,0.00658,0.65,0.821,0.0,0.284,-5.171,0,0.0285,139.96,4,0.673,427177,Germany,7AAcQMV6Uw3YXt9TTx4b6r
357,Love Story (Taylor’s Version),0.135,0.626,0.79,3.97e-06,0.0989,-4.302,1,0.0311,119.082,4,0.416,413048,Germany,3CeCwYWvdfXbZLXFhBrbnf
358,Hymne gegen euch,0.134,0.563,0.783,0.0,0.168,-3.375,1,0.0965,169.917,4,0.394,402890,Germany,1imBbINhKJE5BQDkjsaXox
359,Моя голова винтом (My head is spinning like a screw),0.0331,0.833,0.748,1.44e-06,0.0728,-5.963,1,0.229,119.925,4,0.484,380273,Germany,4KrhaZm4JRkNO4HRdLvJIG
360,Madonna,0.47,0.806,0.565,0.0,0.0824,-8.96,0,0.113,116.963,4,0.311,5389966,Germany,0DAQryfUiFZdWFo76RYBc8
361,BAD EYEZ,0.0598,0.873,0.434,0.000534,0.139,-8.62,0,0.209,123.039,4,0.429,13797841,Germany,5dDQDduj3EaWrPIZ9bc8tj
362,SMS,0.111,0.526,0.71,0.0,0.14,-4.105,0,0.277,86.079,4,0.387,6829373,Germany,65WZOMvIcnObuLEEZvlksc
363,Brachland,0.0972,0.835,0.819,0.0,0.122,-6.619,1,0.348,93.042,4,0.688,2827837,Germany,0HZsi7S5hOq6Vqdu5hBttZ
364,Adé,0.132,0.822,0.645,0.0,0.101,-8.006,0,0.137,107.958,4,0.366,3034624,Germany,6ux4jXnopxlCQJM76XJRxf
365,Whoopty,0.2,0.719,0.648,0.0,0.127,-7.6,0,0.125,140.201,4,0.66,8238011,Germany,1t9WgS8FN0534tLBRwbaxO
366,Rapkiller,0.171,0.701,0.659,0.0,0.316,-7.796,0,0.254,89.867,4,0.58,2292555,Germany,04a5jHI3rPlt4r4kNIDc8N
367,Irgendwie egal,0.205,0.782,0.582,9.23e-06,0.0961,-7.21,0,0.221,166.135,4,0.532,1427289,Germany,1fAmxNqcMIv10kxqlJsLyu
368,Lebe Leben,0.0345,0.68,0.69,1.49e-05,0.154,-5.998,0,0.121,132.495,4,0.204,917088,Germany,3mUroDCCTRCOM6H5PulZJA
369,AMG,0.178,0.741,0.626,0.0,0.299,-4.688,0,0.151,85.967,4,0.368,2242549,Germany,4oPnjYqS5YYUpDpdm63pWa
370,Easy Peasy,0.199,0.796,0.808,6.24e-05,0.322,-6.324,1,0.0303,142.884,4,0.519,5408735,Germany,6bW4olKzz8M2BRYNU1ASUi
371,Ordentlich,0.139,0.832,0.609,0.0,0.071,-7.474,1,0.288,160.025,4,0.641,11657822,Germany,4DnHEa1fuf3bn61AwT8Qiv
372,Wohin,0.0154,0.681,0.714,9.6e-06,0.101,-5.934,1,0.043,99.996,4,0.173,1252491,Germany,0KFRdJLIcr3Tozz6bpAHNV
373,Optik 4 Life,0.303,0.612,0.741,6.23e-05,0.113,-7.985,0,0.412,117.811,5,0.467,720800,Germany,3rM4JL6TosTiIqKTWJVB1J
374,Dicka Was,0.254,0.805,0.66,0.0,0.0924,-5.601,0,0.201,93.926,4,0.468,631146,Germany,4yXWWUOZ2TfI5PODkiPkeK
375,Spinjitzu,0.282,0.668,0.725,5.61e-05,0.139,-5.516,0,0.278,92.809,4,0.442,590972,Germany,61hiq7HImgATyeD4YzPSBy
376,DRIMB,0.0245,0.601,0.537,0.00162,0.333,-7.036,1,0.37,124.452,5,0.116,568301,Germany,4KGXt0uZ6hk7sdTzbCEtzX
377,SugarCrash!,0.53,0.745,0.74,7.37e-05,0.0936,-6.558,1,0.097,97.735,4,0.36,1911498,Germany,3FxPbp05KjMBa4HbhAJTH0
378,Brechen Mich Nicht,0.13,0.607,0.734,0.0,0.114,-5.901,0,0.382,120.981,4,0.446,539902,Germany,2JVqeS775ieSyzI2vfIVve
379,Monolith,0.213,0.673,0.763,5.04e-06,0.129,-8.151,1,0.445,112.942,5,0.762,524728,Germany,4l3gYrDfWFUsxZRjbsoar0
380,"AMG (feat. MoTrip, Sierra Kidd, Edo Saiya, Celo & Abdi & Kelvyn Colt) - RMX",0.306,0.562,0.675,0.0,0.142,-6.046,0,0.324,172.13,4,0.555,485754,Germany,4DAQzURdAiugX3m8nEm4hl
381,PIKACHU,0.0171,0.966,0.597,0.0,0.0589,-8.72,0,0.266,125.061,4,0.828,471024,Germany,2GMaUElk3p5Jzu0DCmjtc6
382,CLOUDS,0.371,0.793,0.65,0.0,0.854,-3.944,1,0.397,128.111,4,0.809,468502,Germany,5UMMPHPp6vRP6ghPpSUOzp
383,test drive,0.0251,0.698,0.708,0.0,0.124,-4.943,0,0.0454,115.036,4,0.322,461662,Germany,3eZYOQO4UzKrUDYDghtnFw
384,Wo Wart Ihr?,0.0452,0.665,0.728,0.0,0.151,-7.296,0,0.52,67.514,3,0.428,449539,Germany,10f8VteDPiyjslLMrgddJs
385,Fake A Smile,0.212,0.447,0.553,0.0,0.165,-4.817,1,0.0322,149.877,4,0.252,433107,Germany,6rAGFY9D3ah6Lb7fUgbNNH
386,Aghori (Dunkler Tag),0.203,0.719,0.697,0.0,0.164,-7.35,1,0.426,92.593,4,0.463,432426,Germany,20E9gUmSgH8SBCMevHItbk
387,Irgendwann ist jetzt,0.0784,0.829,0.618,3.38e-06,0.0544,-5.104,1,0.0501,113.01,4,0.887,3226476,Germany,3gMi9DLCVNNAnj9URmWNlD
388,Der Stärkste Mann,0.275,0.674,0.639,9.18e-06,0.116,-7.702,0,0.189,90.384,4,0.347,423156,Germany,2kIpXnADCN9DhEuQyjZImB
389,Ратата,0.172,0.921,0.524,0.0,0.138,-7.074,0,0.0569,129.995,4,0.895,1205746,Germany,14YjOD4J7N1FGZMt5N4eIs
390,Madonna,0.47,0.806,0.565,0.0,0.0824,-8.96,0,0.113,116.963,4,0.311,23729524,Germany,6a3kNt1UlUOapDKmEr3JzZ
391,Keiner kann mich ficken!,0.298,0.734,0.648,0.000729,0.101,-7.947,1,0.252,99.968,4,0.532,5756288,Germany,7M4zWJmzuf8aZ2aEQUnzU3
392,Weisst wie es ist,0.271,0.598,0.487,0.006,0.147,-8.36,0,0.209,89.807,4,0.464,3384149,Germany,2Roj3Kvhy5BCjkSSJ2Q3Nz
393,All We Got (feat. KIDDO),0.286,0.504,0.76,0.0,0.151,-4.246,1,0.0426,183.933,4,0.64,7674835,Germany,1iAyJBksvAI6DQEnzv8l1E
394,Warum?,0.265,0.788,0.83,1.89e-05,0.119,-5.861,0,0.318,126.584,5,0.342,2217044,Germany,6yhEFpIxCz0TXnEpKYoPjZ
395,VIP in der Psychiatrie,0.037,0.887,0.879,0.000144,0.491,-5.789,1,0.875,140.048,4,0.413,1491371,Germany,0Dpng1mlDYSt3X6506kdsT
396,One More Time (feat. Alida),0.0302,0.5,0.701,8.97e-06,0.307,-6.261,0,0.0499,123.985,4,0.159,4137832,Germany,2REu6wX4KKrG6uGlTKVqu6
397,AP - Music from the film Boogie,0.152,0.751,0.744,0.000568,0.252,-6.859,1,0.177,148.014,4,0.634,1180193,Germany,17vGPZ5EsdvtgAOCD4FLWI
398,DOMINO,0.101,0.895,0.676,4.03e-06,0.0884,-5.698,0,0.0618,151.973,4,0.726,603792,Germany,5rTAUy9P5WEXxanw5hAWzD
399,2012,0.218,0.805,0.619,0.0,0.114,-7.907,0,0.0771,98.995,4,0.476,2022536,Germany,21MvQ9CmXf9QlWMSnnsOev
400,Pausenlos,0.418,0.62,0.296,4.21e-06,0.0997,-13.318,1,0.211,87.921,4,0.363,513415,Germany,3FiyISQgwWL8MyOnbFXGBv
401,Alane,0.0419,0.581,0.799,9.43e-06,0.11,-6.66,1,0.164,124.002,4,0.662,489068,Germany,7BQ5aGUuTHfkxPjLupviR4
402,Only Wanna Be With You - Pokémon 25 Version,0.00124,0.47,0.709,0.00121,0.302,-4.563,1,0.0299,98.036,4,0.247,483337,Germany,3SawmGBjjq8EOYZJV11cJm
403,BED,0.0142,0.671,0.782,0.00221,0.333,-4.593,1,0.0341,123.989,4,0.618,5035238,Germany,0siYMEsGrzzzlWLXK5zJfS
404,In Your Eyes (feat. Alida),0.172,0.57,0.672,1.04e-06,0.0768,-5.888,0,0.0716,120.018,4,0.461,476909,Germany,1ME3PNQYZbMGN73NN2Vhlh
405,Champion,0.00722,0.68,0.673,0.00217,0.0839,-5.639,1,0.266,141.871,4,0.315,465103,Germany,0XBf5Cdo1ip3RB5dpFjWMn
406,Faded Love,0.383,0.751,0.751,0.0,0.261,-3.848,1,0.0475,132.103,4,0.414,6555853,Germany,3RcXFW8aiRYHRaDDYBqJ76
407,Centre Court,0.137,0.566,0.701,0.107,0.0924,-5.815,0,0.058,74.998,4,0.154,837562,Germany,2I2oxOQnyGl7X2t4YSS0uK
408,telepatía,0.112,0.653,0.524,0.0,0.203,-9.016,0,0.0502,83.97,4,0.553,3955771,Germany,6tDDoYIxWvMLTdKpjFkc1B
409,Another Love,0.717,0.442,0.538,2.95e-05,0.09,-8.55,0,0.0451,122.758,4,0.139,2779879,Germany,7jtQIBanIiJOMS6RyCx6jZ
410,PEPPERMINT,0.0312,0.901,0.536,0.0,0.0932,-9.075,0,0.467,132.035,4,0.252,12411815,Germany,6V1lWr7s8CO5VkxXe4hBtg
411,Aventador,0.698,0.597,0.632,0.00191,0.129,-5.792,1,0.054,84.915,4,0.42,7567513,Germany,5T7pVU8KMd7hpyqfWt0nhy
412,SYGL (feat. Shindy),0.721,0.558,0.416,0.000494,0.142,-9.667,0,0.453,184.413,4,0.774,5496645,Germany,1tUF7dEhqmV2Z1pTsGAGnD
413,Diese eine Melodie,0.0615,0.622,0.675,0.0,0.132,-8.508,0,0.168,173.038,4,0.416,6228838,Germany,6RvBo8JZUMSvvHnGa2hDrj
414,Meer,0.371,0.597,0.685,4.59e-05,0.148,-5.806,0,0.0353,189.904,4,0.6,4445357,Germany,3rQHGffq4FmBBykPn5YuKc
415,Habibi,0.135,0.772,0.598,0.0,0.183,-8.193,0,0.0835,117.972,4,0.318,5288907,Germany,0PukrHFus6hVBHku8hrS0Z
416,Squad X Showtime,0.0568,0.603,0.411,0.0,0.113,-8.557,1,0.463,98.002,4,0.324,1427006,Germany,3RHHUGP9E1McRXqPVsaW66
417,What’s Next,0.0136,0.781,0.594,0.0,0.162,-6.959,0,0.0485,129.895,4,0.0628,3762715,Germany,3aQem4jVGdhtg116TmJnHz
418,Hold On,0.0106,0.658,0.634,0.0,0.132,-5.797,0,0.0413,139.98,4,0.29,2252971,Germany,4u4NyuceXP7Uzh7XFJKCr1
419,Hood Nights,0.289,0.927,0.515,0.0,0.0908,-10.248,1,0.318,91.958,4,0.729,1547251,Germany,5HxG2PTsxxGu0sfCKJjdc0
420,Hotel,0.415,0.533,0.382,0.0,0.103,-9.669,0,0.0512,98.807,4,0.0824,2619761,Germany,3Ldae7O6YMFE7vxlTNocdQ
421,Wants and Needs (feat. Lil Baby),0.0618,0.578,0.449,2.17e-06,0.119,-6.349,1,0.286,136.006,4,0.1,1849658,Germany,65OVbaJR5O1RmwOQx0875b
422,Lemon Pepper Freestyle (feat. Rick Ross),0.103,0.77,0.637,0.0,0.171,-5.53,1,0.345,94.966,4,0.431,1127674,Germany,4FRW5Nza1Ym91BGV4nFWXI
423,Nesesari (feat. Philkeyz),0.328,0.774,0.802,2.7e-06,0.0666,-5.482,0,0.123,110.793,4,0.95,4013619,Germany,3YzhsBh8BRGxbMThPC3Ibw
424,Leave The Door Open,0.182,0.586,0.616,0.0,0.0927,-7.964,1,0.0324,148.088,4,0.719,3773114,Germany,7MAibcTli4IisCtbHKrGMh
425,Ka Je Bonita,0.205,0.781,0.532,0.033,0.0988,-5.839,0,0.0986,203.993,4,0.83,546739,Germany,5rW2hVyb47XiJcX4rk7kFM
426,Selfish Love (with Selena Gomez),0.0206,0.723,0.646,0.352,0.0994,-7.973,0,0.102,110.971,4,0.443,528734,Germany,3XoflnowYPFRPOh3uFvHcm
427,Paper Loving,0.0859,0.628,0.616,0.0,0.216,-5.315,0,0.309,178.387,4,0.879,911970,Germany,0FBgQ1eevuO0NP8Nm4wjiy
428,Creamy,0.0101,0.77,0.66,0.00966,0.125,-6.648,1,0.083,75.012,4,0.624,476696,Germany,3Q6b1Xws0tfmO3CGF56Caj
429,SAFE (feat. Azad),0.121,0.713,0.692,0.0,0.0998,-5.228,1,0.419,94.121,4,0.648,438332,Germany,6B0dDIx6fCVtodoGpvr64N
430,Latest Trends,0.085,0.716,0.513,0.0,0.12,-10.159,0,0.223,141.894,4,0.8,2979736,Germany,7pnQ23WgZca9jEfMts9qsR
431,Tiefschwarz (feat. Samra),0.0715,0.751,0.783,1.94e-05,0.114,-5.926,1,0.22,94.003,4,0.379,1219672,Germany,7jMMoHhgq6iwVT5ykyxsJt
432,Doublecup,0.174,0.681,0.657,0.00128,0.336,-7.724,0,0.0631,169.895,4,0.39,3615312,Germany,0tcWtn95oGyM1OElWWos4q
433,Niemand bringt Marten um,0.0603,0.772,0.798,6.2e-05,0.13,-5.166,0,0.262,130.023,4,0.53,7375335,Germany,0nYSnbFVX5ghrERjwVZgwZ
434,Augen überall (feat. Ano),0.0568,0.667,0.66,0.0,0.178,-4.413,0,0.105,95.035,4,0.383,3180589,Germany,4XPfAjrZAvkmIGh7MbKXLB
435,Fluch,0.0524,0.901,0.707,4.86e-06,0.085,-6.813,0,0.0416,120.005,4,0.601,4580546,Germany,0MuUSRBlStYNy0IeSrjmEu
436,Offen / Geschlossen - Short Edit,0.0501,0.624,0.589,0.00196,0.21,-7.077,1,0.205,84.938,4,0.263,1469370,Germany,6nlHLcZKeEC1eWab79VX3w
437,LE CRIME PAIE (feat. Ramo),0.0181,0.847,0.688,2.83e-05,0.36,-7.554,1,0.458,158.004,4,0.499,1495929,Germany,3xRdBZlbUOaXbPyVVJhOtu
438,PALE (feat. Dardan),0.214,0.513,0.756,5.26e-06,0.127,-5.781,0,0.328,172.009,4,0.897,1510285,Germany,0KJKz1VuHL8A2JHvGiSGhD
439,Zeit und Geld,0.201,0.714,0.747,0.00021,0.31,-6.109,0,0.0901,103.063,4,0.467,1480206,Germany,1JviAd4kPSHUYZ8RCLNeYV
440,Squad X Showtime,0.0568,0.603,0.411,0.0,0.113,-8.557,1,0.463,98.002,4,0.324,1181840,Germany,7C5SKbJJGqS1AIE1Er3648
441,SugarCrash!,0.524,0.748,0.734,1.15e-05,0.0975,-6.499,1,0.124,97.753,4,0.368,2585525,Germany,2ePtv8MlBO9nuuXABqAfEX
442,Adé,0.132,0.822,0.645,0.0,0.101,-8.006,0,0.137,107.958,4,0.366,1064057,Germany,67j00d0EkhOJ5G4g2o8yr3
443,alles verdient.,0.106,0.678,0.524,1.45e-05,0.0838,-7.399,0,0.0725,91.004,4,0.0838,1038348,Germany,5peMHz2nmhA7ZWjvtHpQse
444,Hell,0.112,0.618,0.775,0.00194,0.124,-6.228,1,0.248,81.976,4,0.434,1065163,Germany,1dhNH8RH5kT4tVKvOgaoDO
445,Follow You,0.00209,0.542,0.732,7.92e-05,0.496,-5.956,1,0.0521,124.912,4,0.489,1762010,Germany,7FdUvDkaE24o3FPIWTvzv2
446,On The Ground,0.0174,0.311,0.607,0.0,0.131,-6.578,1,0.11,188.7,4,0.286,466906,Germany,2pn8dNVSpYnAtlKFC8Q0DJ
447,Baila Conmigo (with Rauw Alejandro),0.0215,0.823,0.544,0.00315,0.0966,-7.132,1,0.0715,149.903,4,0.664,462005,Germany,079Ey5uxL04AKPQgVQwx5h
448,Heartbreak Anniversary,0.524,0.449,0.465,1.02e-06,0.303,-8.964,1,0.0791,89.087,3,0.543,2931532,Germany,3FAJ6O0NOHQV8Mc5Ri6ENp
449,HOROSKOP,0.0356,0.776,0.679,0.0,0.12,-7.399,1,0.375,136.047,5,0.636,432508,Germany,6RdmWo69VJAssUQhBelgnf
450,Shawty,0.0429,0.5,0.749,2.39e-05,0.121,-10.044,1,0.136,170.024,4,0.0778,403693,Germany,7tm4kaIZicul3McFne57hX
451,Klimawandel,0.0187,0.57,0.57,0.000604,0.139,-8.373,1,0.542,178.205,4,0.38,389640,Germany,1GAe3yKAM6PVT4a2CdA1Qm
452,Alles was ich hab,0.405,0.707,0.774,0.0,0.613,-4.28,0,0.0484,140.012,4,0.506,386745,Germany,254AnlO6Fr8ge2hH0nywp7
453,Erfolg ist kein Glück,0.382,0.605,0.716,0.0,0.104,-6.277,1,0.332,79.911,4,0.804,381664,Germany,4xuVfUXkHe1YZZZWNICGcV
454,Last Resort,0.000481,0.589,0.89,0.00082,0.201,-3.719,0,0.0603,90.598,4,0.692,805671,Germany,5W8YXBz9MTIDyrpYaCg2Ky
455,LOW LIFE,0.243,0.829,0.471,2.55e-05,0.201,-8.314,0,0.189,114.011,4,0.401,6896236,Germany,3IjfWBZrBISpcLhIMY44T6
456,Peaches (feat. Daniel Caesar & Giveon),0.321,0.677,0.696,0.0,0.42,-6.181,1,0.119,90.03,4,0.464,11788488,Germany,4iJyoBOLtHqaGxP12qzhQI
457,Wein für mich,0.027,0.688,0.683,0.0,0.368,-7.454,0,0.15,120.01,4,0.817,5327442,Germany,5hCtPGRLgeF05Q902Qdxe2
458,Hold On,0.0104,0.658,0.634,0.0,0.12,-6.068,0,0.0431,140.002,4,0.302,5484564,Germany,1nahzW3kfMuwReTka28tH5
459,Deine Schuld,0.265,0.681,0.612,0.0,0.0868,-6.998,1,0.208,170.179,4,0.396,5143192,Germany,1dXz1boMWgpeiNcTK3jRtU
460,PAIN,0.0974,0.898,0.72,0.00255,0.231,-6.135,0,0.231,130.091,4,0.637,3690240,Germany,5GUV8sDq4o2UnZn4NJJMBq
461,Alles fürs Geschäft,0.275,0.703,0.807,1.12e-05,0.351,-6.429,0,0.473,94.968,4,0.625,2513396,Germany,2v3H9tGWnTcQzA2vgRokyM
462,As I Am (feat. Khalid),0.127,0.595,0.543,0.0,0.0975,-8.149,1,0.038,99.928,4,0.109,3113092,Germany,6F2r4HgpJnvKDmkN6JEN6J
463,Anyone,0.185,0.685,0.521,3.59e-06,0.111,-8.285,1,0.0345,115.885,4,0.578,2328855,Germany,2WnAKZefdRHxtBEkRjFOHC
464,WEG VON DIR (feat. CALO),0.396,0.691,0.77,0.0,0.263,-6.147,0,0.439,96.667,4,0.592,1259887,Germany,2LpFMAlxhyE5xwJjEg8fbk
465,Get Me Out,0.169,0.79,0.75,0.0,0.129,-6.22,0,0.0581,118.991,4,0.39,755566,Germany,6tkcvginJPasquQ2PnDyXq
466,Lonely (with benny blanco),0.9,0.619,0.241,0.0,0.116,-7.102,0,0.046,79.461,4,0.0719,1601582,Germany,3S8jK1mGzQi24ilFb45DAZ
467,Holy (feat. Chance The Rapper),0.2,0.67,0.693,0.0,0.0909,-8.34,1,0.35,87.017,4,0.388,1592572,Germany,6Xgq7MvZiet0hVi3KaDSgJ
468,Unstable (feat. The Kid LAROI),0.737,0.495,0.333,0.0,0.112,-10.109,0,0.0288,99.757,4,0.37,613851,Germany,137mSruegm1u6x9NvwiagR
469,Miserabel,0.634,0.8,0.67,0.000164,0.118,-5.284,0,0.357,147.963,4,0.482,581974,Germany,2tZhjJFdnasrHJop725bzE
470,2 Much,0.593,0.583,0.444,0.0,0.353,-8.601,1,0.0456,119.59,4,0.167,550388,Germany,0oaY19dUwZimIgzn3ZZLZO
471,Ghost,0.185,0.601,0.741,2.91e-05,0.415,-5.569,1,0.0478,153.96,4,0.441,530660,Germany,6I3mqTwhRpn34SLVafSH7G
472,Off My Face,0.92,0.509,0.228,0.0,0.104,-8.68,1,0.0332,90.674,4,0.586,525043,Germany,3T03rPwlL8NVk1yIaxeD8U
473,Deserve You,0.0314,0.677,0.633,0.0,0.112,-7.831,1,0.0771,89.934,4,0.409,517130,Germany,5NU40QTlXrDUJzDBdv79bg
474,Love You Different (feat. BEAM),0.0652,0.759,0.584,1.59e-06,0.16,-6.655,1,0.06,127.138,4,0.374,513219,Germany,27UcQ6dAvQrgH9C880rCM3
475,Loved By You (feat. Burna Boy),0.0696,0.79,0.724,2.33e-06,0.113,-6.972,1,0.0852,101.04,4,0.642,477211,Germany,2tB9OFgAHjAds3cqquLlvp
476,safira,0.136,0.706,0.449,0.0222,0.112,-9.181,0,0.0647,84.984,4,0.344,474437,Germany,22amXT9yQ5RLL1GzRMcgLB
477,EULE,0.104,0.726,0.636,3.27e-05,0.124,-7.71,1,0.107,111.128,4,0.831,473226,Germany,1TIh56jIinh6x6kqaaTDHh
478,Coco,0.133,0.872,0.516,0.0189,0.128,-7.091,0,0.112,127.941,4,0.43,446096,Germany,7CL2kGnsm6MvRkOMkfpGPz
479,Die For You (feat. Dominic Fike),0.00196,0.728,0.629,1.94e-06,0.0847,-6.629,1,0.0318,135.031,4,0.71,431936,Germany,7aely3H8kMj9o0gt6vXHE1
480,Somebody,0.000284,0.551,0.756,9.48e-05,0.118,-7.679,1,0.045,75.991,4,0.359,412810,Germany,3buwFfY33H32wfZ6X9poV3
481,Anytime,0.0407,0.809,0.855,0.000503,0.0729,-5.077,1,0.293,124.011,4,0.527,1848093,Germany,58VgSGe9D9xz3BSvY9Gpua
482,Frag mich nicht,0.384,0.885,0.634,7.78e-06,0.11,-6.467,1,0.0821,99.046,4,0.597,10774828,Germany,46zfTi4Wg6mmkOBPimtg6X
483,Verpennt,0.22,0.727,0.664,0.0,0.127,-7.26,1,0.352,90.32,4,0.558,5124357,Germany,38ymFU7u5XorxpySYJT0FA
484,KUCK KUCK,0.194,0.735,0.795,0.0,0.111,-3.675,1,0.352,94.75,4,0.323,2697338,Germany,4Eona1ug5YMm4EIWkMQvMQ
485,MONTERO (Call Me By Your Name),0.297,0.61,0.508,0.0,0.384,-6.682,0,0.152,178.818,4,0.758,4511009,Germany,3BZEcbdtXQSo7OrvKRJ6mb
486,Mood (feat. iann dior),0.174,0.701,0.716,0.0,0.324,-3.671,0,0.0361,91.007,4,0.732,3289695,Germany,4jPy3l0RUwlUI9T5XHBW2m
487,BLOCK,0.0789,0.838,0.631,0.0,0.842,-6.33,1,0.215,89.963,4,0.314,1672672,Germany,68V4Nqtj7mV5KaWrX041PT
488,Over,0.734,0.687,0.383,0.0156,0.104,-9.953,0,0.197,98.947,4,0.107,1552607,Germany,7gPIhrFlUJa6nPraeucyHi
489,Doublecup,0.174,0.681,0.657,0.00128,0.336,-7.724,0,0.0631,169.895,4,0.39,2348670,Germany,5WBmID2b6tx4pUxDflbxUI
490,SMOOTH,0.272,0.71,0.766,0.0,0.179,-6.376,0,0.0418,110.027,4,0.898,1439063,Germany,3uDFDOXT7dCpmtB1yUvNFk
491,Bis ich tot bin,0.239,0.83,0.503,0.0,0.215,-7.906,0,0.0816,139.012,4,0.388,936598,Germany,7FIkmLlwTJCK3CXrNIwXXX
492,Frisch,0.468,0.831,0.457,0.546,0.126,-8.844,1,0.125,127.99,4,0.559,2023032,Germany,7toCqux0Ln42OttYYyds4k
493,EINES TAGES,0.141,0.779,0.659,0.0,0.118,-6.958,0,0.0496,94.0,4,0.2,765051,Germany,1SHRwsJJKhROaFHDArquDR
494,Das ist alles von der Kunstfreiheit gedeckt,0.912,0.598,0.348,7.31e-05,0.0957,-12.785,0,0.0575,165.04,4,0.479,2501128,Germany,4ioQKdmkdBTkqjhfHeu4YU
495,Du weißt dass es Haft ist,0.246,0.548,0.76,0.0258,0.476,-6.578,0,0.181,105.867,5,0.5,723132,Germany,5tHmJhHFsFEnkdrLWOMdyl
496,"Blut (feat. Massiv, Manuellsen, Sarhad, Azzi Memo, Pietro Lombardi, Ramo, Fard, Mert, Z, King Khalil, Sinan-G, Kay Ay)",0.347,0.545,0.771,0.0,0.188,-5.758,1,0.559,90.496,4,0.356,539959,Germany,6xgKLylsP2vsjdN8bJtVve
497,Einer dieser Tage,0.183,0.724,0.536,0.0,0.099,-5.156,0,0.341,98.582,4,0.49,494952,Germany,1MbSRseKIEi6IrXQ55iDcG
498,Beautiful Mistakes (feat. Megan Thee Stallion),0.0377,0.713,0.676,0.0,0.154,-5.483,1,0.027,99.048,4,0.721,1533444,Germany,6fRxMU4LWwyaSSowV441IU
499,REQUIEM,0.148,0.583,0.742,0.0,0.161,-6.199,0,0.341,91.15,4,0.386,488921,Germany,1Y9YK6H1fopLOZfJdOZMbs
500,Star Shopping,0.125,0.357,0.45,0.00782,0.112,-11.363,1,0.0987,93.107,4,0.3,481260,Germany,0DNv3QYWibdoxgyLykB2l8
501,Over,0.184,0.657,0.584,0.0,0.126,-7.742,1,0.379,110.621,5,0.193,463141,Germany,2YfQWs0hxhOtFW4092OdzH
502,Bubblegum Bitch,0.000219,0.495,0.856,0.0,0.103,-5.123,0,0.0311,158.024,4,0.609,1324276,Germany,1yOL7ZiXGx5ULeLoktAUAg
503,Titans (feat. Sia & Labrinth),0.0999,0.722,0.858,0.00017,0.143,-4.891,1,0.0463,93.992,4,0.591,435799,Germany,2nYPVp7BJuoaJ4rQmg5FM5
504,Dynamite,0.00379,0.751,0.783,0.0,0.036,-3.724,1,0.0859,119.975,4,0.816,810459,Germany,2CEgGE6aESpnmtfiZwYlbV
505,Traum,0.0527,0.706,0.772,0.0,0.0636,-6.312,1,0.0652,119.976,4,0.964,421719,Germany,7s3VxmIizcDgDTRCA4kDzd
506,ON A (feat. Luciano),0.298,0.761,0.678,0.000143,0.176,-5.089,1,0.272,137.172,4,0.403,421552,Germany,6LV6JRzuPnF0RKXAC255YD
507,Großstadt,0.0446,0.676,0.727,0.0,0.0967,-4.035,1,0.06,113.049,4,0.607,421517,Germany,1DMqi5u54embkRDMgqBW4o
508,KEIN WEG ZU WEIT,0.296,0.525,0.703,2.8e-06,0.236,-7.056,0,0.167,82.486,4,0.55,413519,Germany,5xR3GyPpzhArT43cx3ics2
509,Diebe,0.0618,0.69,0.744,0.0,0.0887,-4.941,1,0.271,99.634,4,0.62,3270340,Germany,4allObWlgZ21WeVKbxSIlk
510,Overdose,0.00907,0.845,0.493,0.206,0.105,-5.932,0,0.152,90.048,4,0.431,3432031,Germany,0iSNXzEBlNNJrqRiEIAw1s
511,Big Bad Wolf (feat. BACI),0.0772,0.534,0.744,0.0,0.175,-6.916,0,0.213,114.795,3,0.36,1862671,Germany,453XFFLA4D028MrRuXBl9i
512,Gift,0.141,0.9,0.706,8.27e-06,0.135,-6.156,0,0.372,122.037,4,0.664,1871837,Germany,3cOK7STaGJNeQseiu1ogKn
513,Nicht da,0.181,0.959,0.651,0.000101,0.144,-5.415,0,0.0526,119.967,4,0.472,1631376,Germany,1hmVbvTeSxe8lul1azKFgJ
514,Melodien,0.0288,0.659,0.512,3.89e-05,0.266,-6.322,1,0.221,93.613,4,0.366,1586830,Germany,34qur6ZYY0BKhQodz6X3lh
515,Lustig,0.203,0.785,0.468,1.24e-06,0.0872,-13.588,1,0.365,75.063,4,0.62,1376541,Germany,6Evihn02CIO4xI3YfePAJD
516,Wir sind drin,0.113,0.877,0.549,0.000154,0.115,-10.199,1,0.227,100.01,4,0.381,1507699,Germany,3Jd94fDI4bSfGPIvrU1szz
517,Never Not Try,0.109,0.641,0.602,0.0,0.523,-6.224,0,0.0261,87.082,4,0.529,1596890,Germany,0AKxA0LR1eHNIiyg4KMZGy
518,deja vu,0.593,0.439,0.61,1.07e-05,0.341,-7.236,1,0.116,181.088,4,0.172,1547281,Germany,61KpQadow081I2AsbeLcsb
519,Calling My Phone,0.451,0.907,0.393,1.35e-06,0.135,-7.636,0,0.0539,104.949,4,0.202,1357336,Germany,3J8EOeKLTLXORtWPpOU5bE
520,Enzo,0.086,0.744,0.656,0.0,0.0802,-5.938,1,0.23,94.949,4,0.249,677031,Germany,69xznVMwMjB3w8KdW33EON
521,Met Him Last Night (feat. Ariana Grande),0.22,0.538,0.512,0.0,0.101,-4.548,0,0.0262,144.978,4,0.12,1239006,Germany,4yyX2Iu4xJjW9xMvBZKSBi
522,Geister,0.117,0.751,0.574,0.0,0.144,-8.302,1,0.0991,90.008,4,0.296,518253,Germany,685eauvsI03FrxvpbDZ3aY
523,Runaway,0.629,0.422,0.302,7.83e-05,0.104,-9.214,1,0.0372,114.089,4,0.123,1450624,Germany,1v1oIWf2Xgh54kIWuKsDf6
524,Hold Me,0.718,0.505,0.273,0.0,0.0949,-8.601,1,0.0276,104.966,3,0.329,463167,Germany,6Q4p0DvknO1GseOOFBWkqh
525,Slumber Party (feat. Princess Nokia),0.00151,0.964,0.398,3.95e-05,0.101,-8.981,0,0.0795,105.012,4,0.563,905667,Germany,11ZulcYY4lowvcQm4oe3VJ
526,Daytona Noflex,0.341,0.758,0.593,0.00146,0.0898,-9.161,1,0.164,83.994,4,0.232,790623,Germany,6SjtU3tzFdrVIGP1snGp3K
527,Traum,0.706,0.691,0.769,2.55e-05,0.101,-6.804,0,0.0811,105.946,4,0.36,395695,Germany,0UzjqdO7yzGCk7cJFkwVhG
528,Hurricane,0.116,0.745,0.767,0.0,0.394,-5.643,1,0.0753,114.991,4,0.677,388756,Germany,6tRgtmchKyyGiENZZSMoJO
529,Bayrisch Drip,0.0977,0.861,0.575,0.0,0.174,-10.024,1,0.144,113.005,4,0.616,381268,Germany,4hHcQc5gcQlHVxKCqdliQZ
530,Mr. Brightside,0.00121,0.352,0.911,0.0,0.0995,-5.23,1,0.0747,148.033,4,0.236,379778,Germany,003vvx7Niy0yvhvHt4a68B
531,WEG VON DIR,0.396,0.691,0.77,0.0,0.263,-6.147,0,0.439,96.667,4,0.592,372815,Germany,3wNzC0zYRXZrtpc6Vqnb72
532,Nie gesehen,0.0341,0.678,0.7,0.0,0.316,-7.351,0,0.397,93.48,4,0.845,370975,Germany,0HEYZuTKB1f0fJZM4qPHRv
533,OG's,0.00935,0.808,0.43,0.0,0.154,-8.65,1,0.122,87.965,4,0.438,369449,Germany,5QX54PljOa4RGjKN1GT9nD
534,Leere Hände (feat. Sido & Samra),0.252,0.683,0.699,0.0,0.218,-4.519,0,0.218,160.102,4,0.315,4058764,Germany,5QEqzFV7R8KSSCJa37tfvs
535,KIDS FROM THE BLOCK,0.33,0.841,0.55,0.0,0.0932,-6.534,0,0.262,109.9,4,0.692,3630802,Germany,26hbmLeqiz8loWjFshsegF
536,MONTERO (Call Me By Your Name),0.297,0.61,0.508,0.0,0.384,-6.682,0,0.152,178.818,4,0.758,3525223,Germany,67BtfxlNbhBmCDR2L2l8qd
537,ZART,0.109,0.87,0.544,1.09e-06,0.0878,-6.824,0,0.0646,109.014,4,0.375,1961587,Germany,1WUXlAFlKIu7fixKZvQECX
538,BOBBY,0.129,0.728,0.492,8.81e-06,0.164,-7.701,0,0.0527,173.945,3,0.355,1718253,Germany,5z9GzmGD3bXsSXQHqMCON7
539,badmómz.,0.2,0.829,0.525,0.0,0.0691,-8.17,0,0.351,132.04,4,0.332,1693412,Germany,20IGCreXC8TeuEo3RoQZwh
540,Turtlez,0.119,0.856,0.651,8.67e-05,0.136,-7.832,1,0.364,81.708,4,0.599,1535933,Germany,5KQuQptKeiPuCVRHAEfBHW
541,Drei Uhr Nachts,0.0601,0.663,0.673,1.36e-05,0.191,-7.031,1,0.119,164.817,4,0.759,1368440,Germany,58GxgFEG5uHc9oMhofuuIP
542,Tut mir leid,0.233,0.729,0.68,0.0,0.157,-6.985,0,0.171,149.813,4,0.667,1351108,Germany,46wfWiR8pRgKWcE8KOGbpp
543,RAPSTAR,0.41,0.789,0.536,0.0,0.129,-6.862,1,0.242,81.039,4,0.437,1290607,Germany,43PGPuHIlVOc04jrZVh9L6
544,Kiss Me More (feat. SZA),0.235,0.762,0.701,0.000158,0.123,-3.541,1,0.0286,110.968,4,0.742,940795,Germany,748mdHapucXQri7IAO8yFK
545,KAMPFANSAGE,0.369,0.856,0.737,8.66e-06,0.0956,-6.566,1,0.351,101.036,4,0.463,773960,Germany,7hejfgPn4yMOZv6j8qSmBh
546,X Gon' Give It To Ya,0.0135,0.761,0.899,0.0,0.0719,-3.09,0,0.183,95.027,4,0.673,754351,Germany,1zzxoZVylsna2BQB65Ppcb
547,NKT,0.144,0.693,0.73,1.24e-05,0.323,-6.188,1,0.321,96.313,4,0.623,731745,Germany,7tEIPkxs2PKGQq5Q0OII5Y
548,Keine bösen Wörter,0.487,0.586,0.645,0.0,0.259,-6.988,1,0.139,80.01,4,0.39,719249,Germany,7eH02ODwoSf5jW00VoNihc
549,Crackküche,0.351,0.855,0.426,0.00215,0.134,-6.484,0,0.261,111.964,4,0.284,625718,Germany,20IvMlpi4U5RuDnAlXSRiV
550,Swiss Feelings,0.0974,0.768,0.602,9.36e-06,0.0658,-7.454,1,0.254,160.029,4,0.651,570745,Germany,2QzIk8zUQdrTGB42odSLCr
551,Shy Away,0.000818,0.588,0.856,0.0739,0.238,-5.242,0,0.0316,96.966,4,0.635,562032,Germany,2z0IupRlVRlDN5r2IVqHyN
552,Paradox6n,0.0779,0.607,0.571,1.83e-05,0.116,-11.544,1,0.0556,164.025,4,0.403,538598,Germany,3wsnS93FS9RTgsnDx7qfBD
553,Sailor Moon,0.216,0.766,0.543,0.00198,0.116,-8.784,1,0.132,166.052,4,0.55,496659,Germany,612sk9hxF7pfHSUWS4Cwvm
554,NB5,0.114,0.753,0.673,0.00193,0.113,-5.199,0,0.317,125.74,5,0.779,490034,Germany,0brPkLvtNhOf5q73xb1Syf
555,Affalterbach,0.0126,0.819,0.633,0.0,0.381,-4.893,0,0.328,86.982,4,0.808,458612,Germany,2e3bkN2QCScPUnUQiA9ZA4
556,NIE MEHR,0.223,0.761,0.765,0.0,0.0876,-5.994,1,0.209,101.039,4,0.404,452268,Germany,0eWrHWD25qjYXTAiAVW5kA
557,Otra Noche Sin Ti,0.0751,0.503,0.548,0.000234,0.145,-7.564,0,0.164,94.036,4,0.441,448323,Germany,2CdTLdDjwZdVcm0bresVWx
558,ALÉ ALÉ,0.36,0.864,0.787,0.0,0.101,-4.304,0,0.141,102.009,4,0.742,438636,Germany,3I5lWBjhYQngce5CqcldWX
559,U Know Me,0.322,0.849,0.342,1.07e-06,0.256,-14.358,0,0.374,100.005,4,0.585,430498,Germany,4EarvCNtVfl8giLPmFsq6v
560,Mr. Perfectly Fine (Taylor’s Version) (From The Vault),0.162,0.66,0.817,0.0,0.0667,-6.269,0,0.0521,135.942,4,0.714,421075,Germany,2CYVETnhM9aytqrazYYwrK
561,Ruff Ryders' Anthem,0.0564,0.88,0.577,1.02e-06,0.201,-8.093,0,0.302,90.991,4,0.74,410814,Germany,1BKT2I9x4RGKaKqW4up34s
562,Body,0.389,0.889,0.705,1.04e-05,0.0692,-8.683,0,0.392,141.069,4,0.815,390270,Germany,3CVb6hkMrlF7eHhXi5B3PZ
563,Party Up,0.0738,0.51,0.931,0.0,0.5,-3.302,1,0.347,201.936,4,0.53,384733,Germany,0LWkaEyQRkF0XAms8Bg1fC
564,Where The Hood At,0.151,0.537,0.948,0.0,0.356,-3.063,1,0.355,186.151,4,0.792,380645,Germany,6RUpJeXT6U4SPEafnr9Wr7
