,name,acousticness,danceability,energy,instrumentalness,liveness,loudness,mode,speechiness,tempo,time_signature,valence,streams,country,id
0,Rockabye (feat. Sean Paul & Anne-Marie),0.406,0.72,0.763,0.0,0.18,-4.068,0,0.0523,101.965,4,0.742,3682365,Germany,0d0d2CuQSQDF7Q7vNhwA3i
1,All I Want for Christmas Is You,0.164,0.336,0.627,0.0,0.0708,-7.463,1,0.0384,150.273,4,0.35,3209119,Germany,7ef4DlsgrMEH11cDZd32M6
2,Starboy,0.165,0.681,0.594,3.49e-06,0.134,-7.028,1,0.282,186.054,4,0.535,1487438,Germany,1Jnl8QKwc6NBLNbYahGExG
3,Chöre,0.22,0.773,0.623,0.0,0.389,-6.173,0,0.0377,129.962,4,0.714,2991767,Germany,63SevszngYpZOwf63o61K4
4,Last Christmas,0.189,0.735,0.478,2.48e-06,0.355,-12.472,1,0.0293,107.682,4,0.947,2783778,Germany,5KSNUteuNykJDjYiqguIzk
5,Alone,0.186,0.676,0.929,0.000405,0.121,-3.194,1,0.0458,97.019,4,0.157,2875696,Germany,7dt6x5M1jzdTEt8oCbisTK
6,Closer,0.414,0.748,0.524,0.0,0.111,-5.599,1,0.0338,95.01,4,0.661,2780072,Germany,7amMgNDcObIDkIXv4xcvc2
7,"I Don’t Wanna Live Forever (Fifty Shades Darker) - From ""Fifty Shades Darker (Original Motion Picture Soundtrack)""",0.0631,0.735,0.451,1.3e-05,0.325,-8.374,1,0.0585,117.973,4,0.0862,2675644,Germany,0Ch40WfKG9UfWmyPVEWxow
8,Ohne mein Team,0.16,0.766,0.8,1.6e-05,0.0744,-6.062,0,0.0938,129.999,4,0.635,1314114,Germany,7GDipBTiSyGn8kokmkXUZ8
9,Call On Me - Ryan Riback Extended Remix,0.0604,0.67,0.838,0.000611,0.159,-4.031,1,0.0362,104.998,4,0.717,2450123,Germany,1A5nTDzLS8ckYOLiQMgtmG
10,Say You Won't Let Go,0.695,0.358,0.557,0.0,0.0902,-7.398,1,0.059,85.043,4,0.494,2487383,Germany,4gnuy9VBU2GGrN60UMB79t
11,Let Me Love You,0.0784,0.476,0.718,1.02e-05,0.122,-5.309,1,0.0576,199.864,4,0.142,2298584,Germany,51922FOX7bXrEU4jSoxkY5
12,Now and Later,0.273,0.781,0.57,0.0,0.196,-5.874,0,0.188,107.059,4,0.858,2437212,Germany,4kOlyvj9WiPrI4zpmzKAeA
13,Black Beatles,0.142,0.794,0.632,0.0,0.128,-6.163,1,0.0649,145.926,4,0.355,2282213,Germany,08bNPGLD8AhKpnnERrAc6G
14,Palmen aus Gold,0.149,0.733,0.727,0.00201,0.554,-5.77,0,0.127,96.017,4,0.211,2619157,Germany,5Tz9FKVUOPZ5nMIbuAlRx4
15,Bad Ideas,0.0163,0.749,0.71,0.0237,0.0892,-6.63,1,0.0331,120.005,4,0.678,2197455,Germany,5SxkdsY1ufZzoq9iXceLw9
16,Shed a Light,0.112,0.483,0.787,0.0,0.257,-5.244,1,0.102,122.058,4,0.58,2121500,Germany,5QONeRJGHsyLwloZIUYyUE
17,Hallelujah,0.454,0.322,0.377,0.0,0.338,-7.385,0,0.0356,118.669,4,0.366,2126532,Germany,39N9RPD9MRb5WmoLzNzPeA
18,Would I Lie to You - Radio Edit,0.00718,0.671,0.826,0.0,0.631,-5.766,0,0.309,123.986,4,0.774,1983881,Germany,6xTU6B6nFwKKTSZ9ySXS80
19,Mercy,0.137,0.469,0.68,0.0,0.11,-4.921,0,0.117,147.734,4,0.374,2263334,Germany,0LH2h4pwiX1iY3KDuONOb6
20,Love Me Now,0.591,0.495,0.762,0.0,0.0763,-3.842,1,0.0862,123.893,4,0.708,2048818,Germany,33IOhptvC2Qoy2UhjiHXLV
21,My Way,0.093,0.818,0.913,3.69e-05,0.161,-3.06,0,0.0426,119.986,4,0.536,1856680,Germany,10Igtw8bSDyyFs7KIsKngZ
22,The Greatest,0.0174,0.639,0.785,0.00107,0.0512,-6.167,0,0.174,191.95,4,0.686,1825548,Germany,1cTZMwcBJT0Ka3UJPXOeeN
23,Driving Home For Christmas,0.454,0.517,0.589,7.22e-05,0.195,-10.396,1,0.0394,179.897,4,0.83,1615599,Germany,07qlsG6DYRLBbovwca9Vbr
24,Palmen aus Plastik,0.0107,0.643,0.67,0.00162,0.292,-7.074,0,0.0538,104.906,4,0.321,967297,Germany,7g7aSJiEcQP8s3PTzqM4Fj
25,Just Hold On,0.00383,0.647,0.932,1.5e-06,0.0574,-3.515,1,0.0824,114.991,4,0.374,1548725,Germany,5CLGzJsGqhCEECcpnFQA8x
26,Merry Christmas Everyone - Remastered,0.128,0.541,0.909,0.0,0.128,-3.101,1,0.0358,203.862,4,0.962,1780041,Germany,2XW4DbS6NddZxRPm5rMCeY
27,An ihnen vorbei,0.46,0.675,0.57,0.000945,0.0881,-8.199,0,0.392,192.127,4,0.588,1658750,Germany,6RnkFd8Fqqgk1Uni8RgqCQ
28,Human,0.393,0.602,0.707,0.0,0.165,-4.097,1,0.302,75.087,4,0.554,1709265,Germany,7kYC5ilFc6kXN6YagFRemB
29,Kokaina,0.0638,0.882,0.506,0.0,0.133,-10.104,1,0.274,132.897,4,0.537,1952966,Germany,514rhnksEwHUh6LxXsQ4Y9
30,No Lie,0.0437,0.741,0.891,0.0,0.256,-2.824,1,0.119,102.002,4,0.449,1749890,Germany,3soOPBuMK8YMdWnV7xpEyf
31,Wonderful Dream (Holidays Are Coming) - Radio Version,0.114,0.578,0.676,0.0,0.255,-5.478,1,0.033,149.965,4,0.524,1566636,Germany,47mf0FjXwyRyx3VxgVt29z
32,Don't Wanna Know,0.338,0.783,0.623,0.0,0.0975,-6.126,1,0.08,100.048,4,0.447,1487456,Germany,5ODK0R10oNrzGrZxRzwHvR
33,Solo Dance,0.0435,0.744,0.836,0.0,0.194,-2.396,0,0.0507,114.965,4,0.36,1536921,Germany,3rvEwBi1mFFHqCnkrGmnWp
34,Lot to Learn,0.0845,0.422,0.852,0.0,0.0687,-3.546,1,0.208,82.914,4,0.666,1470259,Germany,01q4ydDZhk4xdVb0M7uvgu
35,Scars To Your Beautiful,0.0285,0.573,0.739,0.0,0.111,-5.74,1,0.129,97.085,4,0.451,1397854,Germany,0b9oOr2ZgvyQu88wzixux9
36,iPhone 17 (feat. Moé),0.0127,0.622,0.628,0.0,0.0507,-8.285,0,0.117,92.839,4,0.541,1500789,Germany,2hIY4sjfMeKwXXh2LvhrMo
37,Thank God It's Christmas - Non-Album Single,0.214,0.296,0.421,0.0,0.232,-8.891,1,0.0285,83.425,5,0.335,1612292,Germany,58q2HKrzhC3ozto2nDdN4z
38,Dye My Hair,0.428,0.821,0.564,3.5e-06,0.0563,-5.448,1,0.088,115.465,4,0.635,1374844,Germany,45Egmo7icyopuzJN0oMEdk
39,Happy Xmas (War Is Over) - Remastered 2010,0.318,0.328,0.607,0.0,0.765,-11.076,1,0.0315,146.537,3,0.395,1381536,Germany,0e7ipj03S05BNilyu5bRzt
40,Feliz Navidad,0.534,0.485,0.857,0.0,0.347,-7.059,1,0.0442,148.749,4,0.963,1351724,Germany,2ARqIya5NAuvFVHSN3bL0m
41,By Your Side,0.0778,0.696,0.743,0.0,0.0581,-3.838,1,0.0331,122.978,4,0.644,1529831,Germany,35Ma4j9sPWhUAJ471naHV3
42,Cold Water (feat. Justin Bieber & MØ),0.0736,0.608,0.798,0.0,0.156,-5.092,0,0.0432,92.943,4,0.501,1273087,Germany,3nEfpEGlsuoUF2JijlcIvx
43,One Dance,0.00784,0.791,0.619,0.00423,0.351,-5.886,1,0.0532,103.989,4,0.371,1269071,Germany,3swc6WTsr7rl9DqQKQA55C
44,In the Name of Love,0.0592,0.49,0.485,0.0,0.337,-6.237,0,0.0406,133.889,4,0.196,765527,Germany,79jX8RM5CgPqDKdGEKNW9K
45,The Mack,0.0707,0.707,0.883,0.0,0.23,-4.281,1,0.0602,106.031,4,0.541,1220632,Germany,2LwTLppGvaQUiTs28Yq4H3
46,Wonderful Christmastime - Remastered 2011 / Edited Version,0.322,0.774,0.511,0.0,0.0672,-8.914,1,0.0319,94.736,4,0.771,1180500,Germany,6Ey4u2VsUbBz52l2cPvuxa
47,Heathens,0.0841,0.732,0.396,3.58e-05,0.105,-9.348,0,0.0286,90.024,4,0.548,1278412,Germany,1zsG4eaZmkA1dvjDDsAGLK
48,Christmas Time,0.453,0.505,0.443,0.0,0.0647,-8.649,1,0.0249,76.874,4,0.38,1154142,Germany,2pakc4DqdwsBsCk7mDLfW8
49,What Is Love 2016,0.122,0.788,0.563,0.000196,0.0946,-7.093,0,0.0447,124.995,4,0.349,1124264,Germany,4ImrjN1Xacm6O727yEgllS
50,Cocoon,0.0998,0.743,0.659,0.00028,0.0622,-6.755,1,0.0343,114.033,4,0.804,1175331,Germany,3vwVxnq3vQ6NxGVxaiuteR
51,Bonfire,0.064,0.771,0.785,1.27e-05,0.085,-3.915,0,0.0832,111.065,4,0.334,1154054,Germany,1OI4HLyupGICkltDWopeBF
52,Sexual,0.0623,0.803,0.569,0.0,0.083,-7.392,1,0.0739,107.986,4,0.809,1562789,Germany,2dQzfKRaMKUCQgMpOtpLTh
53,Do They Know It's Christmas? - 1984 Version,0.164,0.599,0.642,3.33e-05,0.0992,-6.936,1,0.0363,115.412,4,0.349,1525193,Germany,19MBk3PbNFE36wqIqkMq9H
54,Safari,0.243,0.834,0.768,5.18e-06,0.142,-7.767,0,0.205,129.996,4,0.738,1095533,Germany,7g469UXMGKeEBuxSXVbthJ
55,It's Beginning to Look a Lot like Christmas,0.908,0.339,0.214,7.47e-06,0.341,-11.714,1,0.0375,94.775,3,0.363,1645435,Germany,1tvLm3VWxauQ1q8po39Io9
56,10 Jahre,0.0734,0.599,0.825,0.0,0.288,-6.484,1,0.373,121.115,5,0.419,1146228,Germany,38zwkK6TtTjIW9tpYBfZ3D
57,Don't Let Me Down (feat. Daya),0.16,0.542,0.859,0.00466,0.137,-5.651,1,0.197,159.797,4,0.403,978606,Germany,5lIWCyAsVuAqugo4AWIdth
58,I Feel It Coming,0.426,0.773,0.819,0.0,0.0679,-5.946,0,0.118,92.99,4,0.585,1059173,Germany,76cy1WJvNGJTj78UqeA5zr
59,Treat You Better,0.123,0.624,0.803,0.0,0.114,-4.105,0,0.246,166.018,4,0.821,1103563,Germany,2j2fIJGh4PMdXt9ULI5Tlc
60,Chantaje (feat. Maluma),0.187,0.852,0.773,3.05e-05,0.159,-2.921,0,0.0776,102.034,4,0.907,997151,Germany,6zBdVVksaTQeAzwfszbovz
61,Starving,0.371,0.636,0.633,0.0,0.102,-4.23,1,0.126,99.721,4,0.512,976134,Germany,08hm0V6cTsWDX62hW42sEv
62,Jingle Bell Rock,0.614,0.741,0.34,0.0,0.0955,-13.421,1,0.0446,119.606,4,0.838,1065340,Germany,55S2PQgSMYAhgoTCcGCDfw
63,Holz - Weihnachtslied,0.597,0.649,0.506,0.0,0.116,-8.239,1,0.0565,88.095,4,0.625,990691,Germany,1rfofaqEpACxVEHIZBJe6W
64,It's the Most Wonderful Time of the Year,0.766,0.24,0.598,0.0,0.117,-8.435,1,0.0369,201.629,3,0.776,1043818,Germany,0Y4hwUppbGc8aIBmiTz30A
65,"Merry Christmas, Happy Holidays",0.104,0.643,0.939,0.0,0.881,-3.967,1,0.0463,104.999,4,0.756,1014600,Germany,32yqEiiVrPjJLqtR1fMWbb
66,"Santa Claus Is Comin' to Town - Live at C.W. Post College, Greenvale, NY - December 1975",0.362,0.357,0.668,1.37e-06,0.727,-8.444,1,0.0479,139.986,4,0.407,550962,Germany,0M6hFbc4iDPLh66BAVtP4N
67,My Only Wish (This Year),0.171,0.665,0.844,0.0,0.225,-3.777,1,0.0273,147.073,4,0.665,893158,Germany,6tvQzeCPwOytDlBYCIOY0n
68,Side To Side,0.0408,0.648,0.738,0.0,0.292,-5.883,0,0.247,159.145,4,0.603,928983,Germany,5mqjWAb4xWdoIr6IZdHpqS
69,Wenn sie tanzt,0.0516,0.646,0.714,0.0,0.146,-6.559,1,0.0387,117.036,4,0.349,1079104,Germany,5IaHrVsrferBYDm0bDyABy
70,Fake Love,0.105,0.928,0.481,0.0,0.176,-9.35,0,0.287,134.007,4,0.613,849085,Germany,6n2eIfLj0wOOUkUfNmYzlh
71,Patte fließt,0.117,0.704,0.685,0.0,0.0647,-6.931,0,0.178,92.851,4,0.556,1098284,Germany,6kPJZM97LwdG9QIsT7khp6
72,24K Magic,0.034,0.818,0.803,0.0,0.153,-4.282,1,0.0797,106.97,4,0.632,528192,Germany,3Wf2YGdYT8xVdNsQSoRKk9
73,Jingle Bell Rock - Daryl's Version,0.613,0.666,0.841,0.0,0.113,-3.592,1,0.0312,128.706,4,0.84,920369,Germany,7y5chiQbuvviOYUfUmOPqo
74,Ahnma,0.246,0.563,0.756,0.0,0.618,-7.112,1,0.402,80.881,4,0.376,786076,Germany,2QUzpzwnNChjaaOlaVSqCH
75,Mörder,0.309,0.683,0.695,0.0,0.107,-7.321,0,0.152,90.006,4,0.486,973858,Germany,4F1yvJfQ7gJkrcgFJQDjOr
76,All We Know,0.097,0.662,0.586,0.00272,0.115,-8.821,1,0.0307,90.0,4,0.296,854359,Germany,1LhMopPAallLeaeNutqbgS
77,Love on Me,0.105,0.562,0.906,0.0,0.145,-2.085,1,0.0758,124.146,4,0.674,792094,Germany,0vti3nT1A5mKi1kgIu0ceg
78,The Ocean (feat. Shy Martin),0.0225,0.632,0.575,1.81e-06,0.104,-6.478,1,0.029,90.037,4,0.188,858613,Germany,4EAV2cKiqKP5UPZmY6dejk
79,Santa Tell Me,0.0464,0.464,0.63,0.0,0.295,-7.337,1,0.182,132.96,5,0.527,758057,Germany,3aW0ds4A4tSQDIp75FqWTo
80,Santa Baby (with Henri René & His Orchestra),0.902,0.7,0.139,0.0,0.185,-12.346,1,0.0607,84.485,4,0.49,826539,Germany,6lOWoTqVnAWXchddtTH31W
81,Christmas Lights,0.131,0.312,0.418,0.000679,0.0836,-9.146,1,0.0296,130.795,4,0.237,905680,Germany,625SfHM2FVyyUj3cT8108G
82,Step Into Christmas,0.112,0.532,0.926,9.84e-06,0.318,-5.536,1,0.0357,140.137,4,0.814,822328,Germany,71bBFbfn2OBK5QwUJSLS44
83,Cheap Thrills,0.0472,0.628,0.698,0.00143,0.0907,-5.608,0,0.105,89.976,4,0.732,805388,Germany,4qKcDkK6siZ7Jp1Jb4m0aL
84,Sleigh Ride,0.601,0.526,0.709,1.37e-05,0.327,-9.882,0,0.0333,91.638,4,0.832,812902,Germany,05Mp2UJulSttxQ4E6hQPH3
85,"Sucker for Pain (with Wiz Khalifa, Imagine Dragons, Logic & Ty Dolla $ign feat. X Ambassadors)",0.255,0.502,0.786,0.0,0.65,-4.378,0,0.317,169.021,4,0.739,693730,Germany,3fpVWegR6YOS1Yk5HSMYIq
86,It's Beginning to Look a Lot Like Christmas (with Mitchell Ayres & His Orchestra),0.76,0.724,0.276,0.0,0.116,-12.25,1,0.0599,112.874,4,0.718,821153,Germany,1qfM92o8OuFfWouqqfUBF8
87,Holz,0.0274,0.88,0.666,0.0,0.0585,-7.668,0,0.237,87.981,4,0.911,773748,Germany,7qiZfU4dY1lWllzX7mPBI3
88,I Took A Pill In Ibiza - Seeb Remix,0.0353,0.663,0.713,7.68e-06,0.0843,-6.647,0,0.112,101.965,4,0.69,765624,Germany,1cDlVA17fnLm50ssTlS1ZQ
89,The Power of Love,0.364,0.466,0.164,1.02e-05,0.232,-17.17,0,0.0332,122.913,4,0.101,798018,Germany,4v4ZuW2tjSyyci2BcE5bTp
90,Stop the Cavalry,0.434,0.687,0.496,0.00144,0.0613,-4.708,1,0.0339,97.575,4,0.746,750994,Germany,7iDa6hUg2VgEL1o1HjmfBn
91,Skandale,0.119,0.719,0.837,7.77e-05,0.0583,-5.109,0,0.222,99.073,4,0.571,739821,Germany,66bsUCJWoy09bpuljIXumf
92,I'll Be Home,0.303,0.514,0.362,9.3e-06,0.104,-7.758,1,0.0263,84.767,4,0.301,716556,Germany,5UEnHoDYpsxlfzWLZIc7LD
93,Faded,0.0291,0.589,0.651,3.2e-06,0.111,-5.097,1,0.0306,90.011,4,0.166,684863,Germany,0CZ8lquoTX2Dkg7Ak2inwA
94,Spielplatz,0.208,0.865,0.742,2.29e-05,0.112,-6.483,1,0.179,124.052,4,0.714,714824,Germany,637yH6Qs3wXdgjPjO7QGdr
95,Don't Be So Shy - Filatov & Karas Remix,0.057,0.773,0.849,0.0103,0.397,-8.345,0,0.0587,119.981,4,0.913,708031,Germany,2z4pcBLQXF2BXKFvd0BuB6
96,Panda,0.028,0.576,0.766,1.68e-06,0.366,-4.943,0,0.449,144.833,4,0.236,686937,Germany,6n4U3TlzUGhdSFbUUhTvLP
97,Stoff und Schnaps,0.0506,0.941,0.807,0.0,0.0833,-4.588,0,0.0564,120.041,4,0.761,852201,Germany,5r49JKf2vWBF0CQjZewJ0O
98,Underneath the Tree,0.0013,0.509,0.812,1.99e-05,0.214,-5.438,1,0.0537,159.876,4,0.689,654302,Germany,1gm616Plq4ScqNi7TVkZ5N
99,Sex,0.00451,0.51,0.692,0.0,0.138,-5.825,1,0.171,102.42,4,0.209,722250,Germany,5OHOykHs3Ct2pgbqod8uMD
100,Alarm,0.0812,0.756,0.589,0.0,0.176,-5.093,1,0.232,146.928,4,0.811,651421,Germany,18yA8SEzQEZkBBTs34gAlK
101,White Christmas (with Shania Twain),0.469,0.628,0.484,1.23e-05,0.126,-7.588,1,0.0319,63.476,4,0.642,684871,Germany,4k5ripwnTRXiOzXUEGhXSz
102,Do They Know It's Christmas? - 2014,0.352,0.626,0.541,0.0,0.119,-7.615,1,0.0308,112.001,4,0.255,727920,Germany,3pWcj8hxj3fsb9TDAcMpEl
103,Großes Kaliber,0.223,0.548,0.741,4.44e-06,0.603,-4.888,1,0.406,127.46,5,0.73,694350,Germany,2axf5shPhjS8qdaGr5MWaS
104,Final Song,0.014,0.695,0.672,7.95e-05,0.0756,-6.109,0,0.0345,104.988,4,0.245,675169,Germany,21qbh6P4bttsbFmlN2Gyu5
105,The Sound of Silence,0.468,0.322,0.28,1.1e-06,0.102,-9.367,0,0.0281,85.794,4,0.175,631431,Germany,1wI6iOlZToktSJQFHHttt6
106,I Wish It Could Be Christmas Everyday,0.00422,0.383,0.914,1.4e-05,0.444,-6.43,1,0.0515,139.955,4,0.528,683277,Germany,7fUWZUNj5qbEuoL6K9947g
107,Let It Snow! Let It Snow! Let It Snow! (with The B. Swanson Quartet),0.881,0.603,0.321,0.0,0.34,-11.489,1,0.0599,143.104,4,0.844,631746,Germany,6IaieqiCVvsNvEt6Y7yOFa
108,Musik sein,0.0963,0.455,0.719,0.0,0.238,-6.138,1,0.0853,156.662,4,0.548,649922,Germany,2hqy4QmpvMeVz6zeolDeLQ
109,Miss You,0.104,0.88,0.605,0.00488,0.106,-7.639,0,0.0531,120.017,4,0.626,657045,Germany,6mrKP2jyIQmM0rw6fQryjr
110,Ride,0.00835,0.645,0.713,0.0,0.113,-5.355,1,0.0393,74.989,4,0.566,644647,Germany,42vM3qSh6CIaZLSlzFTZ7f
111,Mary's Boy Child / Oh My Lord,0.204,0.776,0.703,0.0,0.336,-10.696,1,0.0427,112.534,4,0.939,633067,Germany,3ee8Jmje8o58CHK66QrVC2
112,Christmas (Baby Please Come Home),0.395,0.325,0.759,0.000362,0.0773,-7.146,1,0.053,126.627,4,0.36,598724,Germany,6jOpB4tYT28gIsWQmSpua0
113,Rockin' Around the Christmas Tree,0.568,0.682,0.641,0.0,0.224,-8.915,1,0.0386,141.002,4,0.826,741173,Germany,7wD6iRghe6SnKHkvHqpnC5
114,Ain't My Fault,0.00778,0.576,0.782,0.0,0.285,-4.825,0,0.0296,141.153,4,0.355,641263,Germany,5SBFZEipvLrddLiaDrZp2c
115,The Best Side Of Life,0.568,0.631,0.634,0.0,0.124,-5.202,1,0.0326,90.947,4,0.569,634042,Germany,6mw02h3qbWmuq2bJCRjRAe
116,Atramis,0.484,0.733,0.673,7.28e-05,0.145,-6.946,0,0.202,119.992,4,0.454,607015,Germany,7uzmGiiJyRfuViKKK3lVmR
117,In der Weihnachtsbäckerei,0.488,0.817,0.451,0.0,0.196,-8.671,1,0.0376,146.451,4,0.917,690413,Germany,43V1z6QToNNWNldV4FEG6r
118,Christmas All Over Again,0.0707,0.528,0.816,0.0,0.338,-8.139,1,0.0354,138.783,4,0.666,668058,Germany,6SFStUDQZNaGPKWOx9ZiJB
119,Fresh Eyes,0.562,0.822,0.544,2.4e-05,0.144,-6.797,1,0.0332,122.047,4,0.861,632268,Germany,1VfSu8qtTf5PMi3d8XVZGj
120,Stressed Out,0.0462,0.734,0.637,2.29e-05,0.0602,-5.677,0,0.141,169.977,4,0.648,661435,Germany,6vN77lE9LK6HP2DewaN6HZ
121,Lebenslauf,0.165,0.809,0.688,1.55e-06,0.118,-6.41,0,0.161,123.021,4,0.305,617846,Germany,1uGERQ2DVv7j9WSsWzOHVp
122,Capsize,0.0398,0.683,0.708,0.155,0.686,-6.244,0,0.0305,92.991,4,0.355,598080,Germany,7vGuf3Y35N4wmASOKLUVVU
123,All I Want for Christmas Is New Year's Day,0.764,0.553,0.669,3.2e-05,0.383,-6.157,1,0.0314,129.067,4,0.103,578909,Germany,5hyZUPTzqCOo3YaGjv1QuD
124,"CAN'T STOP THE FEELING! (Original Song from DreamWorks Animation's ""TROLLS"")",0.0123,0.667,0.83,0.0,0.191,-5.715,1,0.0749,113.03,4,0.701,616412,Germany,6WbADFqMvR8N5u0BvtsWQE
125,Merry Xmas Everybody,0.0199,0.367,0.623,0.000731,0.159,-9.436,1,0.0499,128.268,4,0.511,618604,Germany,2ekn2ttSfGqwhhate0LSR0
126,Drei Haselnüsse für Aschenbrödel: Einleitung,0.584,0.456,0.537,0.37,0.173,-6.888,1,0.0284,122.523,3,0.289,582920,Germany,2OALaHcDdKkjYEpAr0Qzab
127,Perfect Strangers,0.35,0.739,0.833,0.0,0.266,-5.012,1,0.0463,117.99,4,0.699,596616,Germany,2RttW7RAu5nOAfq6YFvApB
128,Erkläre mir die Liebe,0.596,0.761,0.614,0.256,0.123,-9.339,1,0.0774,104.016,4,0.546,589509,Germany,6Hgh47WXVKtXN5zGOu0hjI
129,Party Monster,0.189,0.573,0.63,2.31e-05,0.259,-8.389,1,0.105,77.525,4,0.218,548903,Germany,6g1NlCpW7fgqDnWbCCDrHl
130,Meine Sprache,0.266,0.786,0.771,6.89e-05,0.0971,-6.578,0,0.34,123.065,4,0.47,593421,Germany,4zWO4gvuFtw6EJZC5FFGlr
131,White Christmas,0.165,0.61,0.318,0.00227,0.115,-12.26,1,0.0303,62.557,4,0.453,625219,Germany,4QtiVmuA88tPQiCOHZuQ5b
132,Santa Claus Is Comin' to Town,0.663,0.636,0.178,0.0,0.0964,-12.179,0,0.0656,139.997,4,0.643,573490,Germany,7hvxMYq9JW5W0vFwiu1Zdr
133,Under the Stars,0.368,0.567,0.525,1.29e-06,0.063,-6.6,1,0.032,137.932,4,0.365,552244,Germany,7Izh7zLJGw1Nscd62Exxj4
134,Carol of the Bells,0.994,0.418,0.106,0.0292,0.179,-22.507,0,0.0448,46.718,4,0.8,536305,Germany,5k38wzpLb15YgncyWdTZE4
135,Never Give Up,0.00497,0.568,0.936,0.0138,0.12,-2.961,0,0.053,91.009,4,0.605,598649,Germany,3xZAsF5FS5WgT4UDFXYJxx
136,Have Yourself A Merry Little Christmas,0.954,0.426,0.177,0.0,0.317,-9.429,1,0.0436,133.483,1,0.317,560793,Germany,4h6UIDvGWTYZvu4BLf2GpO
137,Sex ohne Grund (feat. Shindy),0.167,0.899,0.6,0.0,0.0469,-7.052,0,0.327,93.982,4,0.685,551821,Germany,18B8O0dI8RANa7Kx9vyemO
138,White Christmas,0.673,0.317,0.158,0.353,0.338,-16.485,1,0.0381,130.503,3,0.247,525944,Germany,1jLlIo8HA1KdhGiaYaC4j9
139,A Holly Jolly Christmas - Single Version,0.579,0.683,0.375,0.0,0.076,-13.056,1,0.0303,140.467,4,0.888,539099,Germany,3B54sVLJ402zGa6Xm4YGNe
140,I Would Like,0.0853,0.486,0.713,0.0,0.0839,-3.949,0,0.0524,121.028,4,0.297,578109,Germany,1PkleKHmpfu9b2YE1Vj5JN
141,Rudolph The Red-Nosed Reindeer,0.919,0.478,0.201,0.0,0.0854,-16.768,1,0.0332,136.471,4,0.857,554106,Germany,39qlqpwVzRkQP6WsILfIB5
142,Please Come Home For Christmas - Bonus Track,0.514,0.609,0.357,0.00034,0.0603,-10.056,1,0.0398,183.055,3,0.468,528005,Germany,6HxFJbQahRd5rWQ752D710
143,No Money,0.0282,0.671,0.916,0.00762,0.24,-4.014,0,0.0397,126.01,4,0.803,510009,Germany,638rZDq4P6MpTF3iQe8EDI
144,"i hate u, i love u (feat. olivia o'brien)",0.687,0.492,0.275,0.0,0.101,-13.4,0,0.3,92.6,4,0.18,544184,Germany,6ZyLo7sln0QFP7YXqgXCU8
145,"Me, Myself & I",0.0184,0.756,0.674,0.0,0.158,-6.518,0,0.0959,111.995,4,0.389,318130,Germany,6mAz8D1TmlTuef90dbNIiZ
146,This Girl (Kungs Vs. Cookin' On 3 Burners),0.08,0.793,0.729,3.1e-05,0.317,-4.77,0,0.0394,121.972,4,0.488,525514,Germany,7EI6Iki24tBHAMxtb4xQN2
147,Work from Home (feat. Ty Dolla $ign),0.103,0.803,0.585,3.94e-06,0.0644,-5.861,1,0.0432,105.017,4,0.593,520288,Germany,1ORfyWYhDPxCAIZ9Ce78A3
148,I Was Wrong - Robin Schulz Remix,0.373,0.654,0.761,0.00711,0.0956,-7.094,1,0.049,117.99,4,0.546,516471,Germany,0tgVpDi06FyKpA1z0VMD4v
149,Light It Up (feat. Nyla & Fuse ODG) - Remix,0.0375,0.746,0.877,0.000833,0.233,-3.782,0,0.0666,107.985,4,0.751,505234,Germany,73F87Sqh6jQWucOOvz1WFx
150,Juju on That Beat (TZ Anthem),0.00381,0.807,0.887,0.0,0.391,-3.892,1,0.275,160.517,4,0.78,642616,Germany,1iBOPEE6fIMsl7GMMcEyCF
151,Mistletoe and Wine,0.688,0.498,0.432,0.0,0.136,-14.386,1,0.0345,135.015,3,0.365,514156,Germany,0mG6upCcUF0Qvq08FnjRDZ
152,Steady 1234 (feat. Jasmine Thompson & Skizzy Mars),0.153,0.779,0.671,1.12e-05,0.115,-5.829,1,0.0814,104.953,4,0.718,528916,Germany,1zt0pQ4YjYP3nD75zIx291
153,All Night,0.0038,0.544,0.809,0.0,0.323,-5.098,1,0.0363,145.017,4,0.448,306434,Germany,5VuxWXbt7XENQCtE9TzpTv
154,#santaclara,0.333,0.634,0.836,0.0,0.101,-4.39,0,0.133,73.989,4,0.662,306136,Germany,3SNFY8aQSsrl7p6LtsxJjT
155,Love Yourself,0.835,0.609,0.378,0.0,0.28,-9.828,1,0.438,100.418,4,0.515,499506,Germany,26gceVsA1ybT8qsX3aYLEn
156,Let Me Hold You (Turn Me On),0.101,0.68,0.774,0.0,0.113,-3.136,0,0.0697,102.949,4,0.331,298438,Germany,5IFskxBT37jatIWH6ahf3v
157,Water Under the Bridge,0.0189,0.596,0.838,1.54e-05,0.108,-6.52,0,0.0704,94.982,4,0.472,510449,Germany,51WUacrCkukxCgym463uNN
158,Bad Things (with Camila Cabello),0.214,0.697,0.691,0.0,0.185,-4.757,1,0.146,137.853,4,0.305,296168,Germany,0JhqpnlZSdsGFuIYCkiYCA
159,Shake up Christmas 2011 (Official Coca-Cola Christmas Song),0.00176,0.614,0.754,0.00625,0.453,-6.83,1,0.0966,82.009,4,0.685,488488,Germany,6ULQ6ZRc7JuVutRMy6gfgc
160,Christmas Time,0.273,0.549,0.712,0.0,0.0349,-4.686,1,0.0242,144.052,4,0.445,615003,Germany,0u2P5u6lvoDfwTYjAADbn4
161,Sunset Lover,0.729,0.783,0.467,0.809,0.109,-9.474,1,0.0503,90.838,4,0.236,491692,Germany,7EmGUiUaOSGDnUUQUDrOXC
162,Fast Car,0.453,0.459,0.587,0.0,0.307,-6.983,1,0.0785,113.901,4,0.581,490059,Germany,1KPE0cgUAsOd4LLf7qyZvq
163,Ruhe nach dem Sturm,0.425,0.59,0.548,0.000216,0.149,-7.155,0,0.267,150.164,4,0.351,288059,Germany,3KfgsB1luDK9XHJ8e4Hx6h
164,Wieder vereint,0.108,0.632,0.789,0.0,0.269,-6.176,1,0.329,84.926,4,0.346,286076,Germany,5muvgRZXDU9DBmKcOolqkw
165,What If,0.0965,0.481,0.359,1.8e-06,0.0963,-8.331,1,0.0279,140.83,4,0.202,283743,Germany,6XlSyYFTU1nodeWwwzVgTV
166,Ain't Your Mama,0.0472,0.757,0.678,9.14e-06,0.0654,-5.529,0,0.233,120.075,4,0.82,476649,Germany,4kWO6O1BUXcZmaxitpVUwp
167,Have Yourself a Merry Little Christmas - Voice,0.874,0.196,0.188,0.00221,0.112,-17.707,1,0.0394,74.377,1,0.151,282030,Germany,1Nj2oBISdFDSF8eDuXcALz
168,American Express (feat. Farid Bang),0.00665,0.464,0.649,0.0,0.0902,-8.367,1,0.143,87.073,4,0.283,494039,Germany,5BEGYrmNkuC6WYpKexwREx
169,Sorry,0.0797,0.654,0.76,0.0,0.299,-3.669,0,0.045,99.945,4,0.41,278699,Germany,3GCdLUSnKSMJhs4Tj6CV3s
170,Hakuna Matata,0.155,0.716,0.833,0.0,0.229,-5.696,0,0.355,120.096,4,0.61,469375,Germany,7sO5G9EABYOXQKNPNiE9NR
171,7 Years,0.29,0.742,0.479,0.0,0.391,-5.83,1,0.0551,119.951,4,0.346,607800,Germany,1YNQscOx6OqBQjxgJVhEeW
172,Here Comes Santa Claus (Right Down Santa Claus Lane) - 1947 Version,0.799,0.834,0.371,0.0,0.275,-11.99,1,0.0358,96.628,4,0.976,275839,Germany,0TCnOEVeLQMXOUrpPlM7uY
173,Hear Me Now,0.537,0.788,0.43,0.00261,0.0936,-7.757,1,0.0419,121.996,4,0.461,274141,Germany,0Zbbxnx4SGGHoIow4PpISP
174,Santa Baby,0.752,0.675,0.384,0.0,0.167,-7.12,1,0.045,86.953,4,0.415,273599,Germany,6wHRm1KR8pzVDPdmR6Qovj
175,Holland,0.0936,0.829,0.877,0.0,0.228,-4.817,0,0.27,121.005,4,0.564,273100,Germany,53SnCRcGrB2UCqNGyYZhJD
176,Real Love - from the John Lewis Christmas Advert 2014,0.916,0.363,0.205,1.6e-06,0.105,-9.301,1,0.0271,82.932,4,0.18,463433,Germany,5fpujciVjGBhnR2XFx06E7
177,Hymn for the Weekend - Seeb Remix,0.00868,0.564,0.849,4.68e-06,0.12,-3.516,0,0.0517,102.028,4,0.427,269164,Germany,29ZRygQGgKGNKfcYwlV3Uh
178,Too Good,0.0573,0.804,0.648,3.49e-05,0.102,-7.805,1,0.117,117.983,4,0.392,551147,Germany,1HagMz5nWk1HmevNCBOxF3
179,Dad - #heimkommen,0.684,0.478,0.357,0.0,0.112,-11.82,1,0.133,131.919,4,0.108,559918,Germany,5mqzhMuUpvnMfwNz6iepmO
180,Joy To The World,0.149,0.538,0.513,0.0,0.147,-10.585,1,0.0372,84.072,4,0.312,267785,Germany,5hM6sP0Gh1jD57drszNueC
181,Kaiseraura,0.584,0.622,0.77,0.0,0.35,-6.938,1,0.312,86.904,4,0.466,456580,Germany,1RcWWgnw5fVm3wcNq11zBu
182,Nero,0.303,0.681,0.63,0.0,0.0418,-8.16,1,0.24,76.991,4,0.595,265802,Germany,3sgGmPQD2J6aQduN36RDBO
183,I'm in Love with the Coco,0.0216,0.614,0.562,0.0157,0.264,-6.958,0,0.0384,151.841,4,0.231,264755,Germany,7F3uo3304R2CTvOseU3H7u
184,This Is What You Came For (feat. Rihanna),0.199,0.631,0.927,0.119,0.148,-2.787,0,0.0332,123.962,4,0.465,260812,Germany,1BuZAIO8WZpavWVbbq3Lci
185,Your Soul (Holding On),0.0113,0.532,0.746,1.23e-06,0.181,-5.825,1,0.0382,116.119,4,0.265,260443,Germany,0tW4YbVJ0z6CeQjYBFd09V
186,I Got You,0.0504,0.609,0.887,4.76e-06,0.09,-4.749,0,0.0507,97.99,4,0.316,260227,Germany,6QgjcU0zLnzq5OrUoSZ3OK
187,Irgendwas (feat. Bengio),0.167,0.43,0.457,2.91e-05,0.202,-8.923,1,0.0616,82.547,4,0.132,259591,Germany,6PGFzy8ZC4rYbx1dyP3dQi
188,Pharao,0.116,0.547,0.667,0.0,0.203,-7.612,1,0.201,95.172,4,0.393,259222,Germany,1wjzFQodRWrPcQ0AnYnvQ9
189,Broccoli (feat. Lil Yachty),0.236,0.886,0.525,0.0,0.057,-7.39,1,0.131,145.99,4,0.708,477404,Germany,5537GkcZu99NDs1gH9iCOY
190,Shake up Christmas,0.00253,0.492,0.828,0.0,0.342,-2.14,1,0.0662,81.409,4,0.567,256784,Germany,5RddxRDhCIcp8u8P5sV6n2
191,Please Tell Rosie,0.024,0.721,0.681,0.0109,0.157,-7.631,0,0.0488,121.978,4,0.768,255268,Germany,2xmrfQpmS2iJExTlklLoAL
192,Dynamite (feat. Pretty Sister),0.0548,0.811,0.801,2.09e-05,0.0742,-6.0,0,0.0802,105.055,4,0.693,253654,Germany,5qqabIl2vWzo9ApSC317sa
193,Vanilla Sky,0.0965,0.577,0.598,0.00128,0.327,-7.039,1,0.328,147.786,4,0.156,251922,Germany,607TgBgbTvP8CTgIHN0R6q
194,Make Me (Cry),0.592,0.588,0.471,0.00146,0.0733,-7.287,1,0.0577,152.881,4,0.209,251734,Germany,6HUnnBwYZqcED1eQztxMBN
195,Stresserblick 2 (feat. Kurdo),0.192,0.621,0.669,0.0,0.23,-7.979,1,0.334,120.354,4,0.266,250225,Germany,7GX5flRQZVHRAGd6B4TmDO
196,Kartell (feat. Azet & Nash),0.152,0.693,0.702,0.0,0.14,-4.428,0,0.281,101.776,4,0.546,248940,Germany,5peJfpkLPMilv44VqUa2AS
197,Dancing On My Own,0.851,0.608,0.174,1.92e-05,0.0855,-8.796,1,0.0332,112.175,4,0.193,247996,Germany,1j4kHkkpqZRBwE0A4CN4Yv
198,Masafaka,0.313,0.627,0.59,4e-05,0.0931,-6.804,1,0.294,90.71,4,0.332,245427,Germany,3BORnh3lPd7UbhdFh9Bcsf
199,"Weihnachtsoratorium, BWV 248: Kantate Nr. 1 (Am ersten Weihnachtsfeiertage): 1. Chorus: Jauchzet, frohlocket",0.95,0.441,0.352,0.335,0.104,-13.663,1,0.0325,130.941,3,0.4,245302,Germany,688QpQAwqsLdBR6lr13wK1
200,Rockabye (feat. Sean Paul & Anne-Marie),0.406,0.72,0.763,0.0,0.18,-4.068,0,0.0523,101.965,4,0.742,2068762,Germany,4gALhhysObk59C3fxeTLwh
201,"I Don’t Wanna Live Forever (Fifty Shades Darker) - From ""Fifty Shades Darker (Original Motion Picture Soundtrack)""",0.0631,0.735,0.451,1.3e-05,0.325,-8.374,1,0.0585,117.973,4,0.0862,1596692,Germany,35lIK2q78MSgv3Abb4qAjk
202,Starboy,0.165,0.681,0.594,3.49e-06,0.134,-7.028,1,0.282,186.054,4,0.535,1589537,Germany,6ciUAqm3B0sJU57CJIAOby
203,Shed a Light,0.112,0.483,0.787,0.0,0.257,-5.244,1,0.102,122.058,4,0.58,1483273,Germany,40ebjDfdkYrysmll4KF5BR
204,Now and Later,0.273,0.781,0.57,0.0,0.196,-5.874,0,0.188,107.059,4,0.858,1435418,Germany,0MCuJk4KeBnweGeMZXc6Br
205,Would I Lie to You - Radio Edit,0.00718,0.671,0.826,0.0,0.631,-5.766,0,0.309,123.986,4,0.774,1186444,Germany,2bCZyD1ObacfnBhYi4t37d
206,Just Hold On,0.00383,0.647,0.932,1.5e-06,0.0574,-3.515,1,0.0824,114.991,4,0.374,1161085,Germany,3Iksy9wPB0Pqazx0WnxBp7
207,iPhone 17 (feat. Moé),0.0127,0.622,0.628,0.0,0.0507,-8.285,0,0.117,92.839,4,0.541,1120380,Germany,5IvYcDXtovuyl1LsHuNYKS
208,Love Me Now,0.591,0.495,0.762,0.0,0.0763,-3.842,1,0.0862,123.893,4,0.708,1080739,Germany,7n3TVLhIYltUm7uzzy6xFK
209,The Mack,0.0707,0.707,0.883,0.0,0.23,-4.281,1,0.0602,106.031,4,0.541,956778,Germany,1N9ZAbqVw5o0m7wccSgRIt
210,Human,0.393,0.602,0.707,0.0,0.165,-4.097,1,0.302,75.087,4,0.554,942254,Germany,5ICupF8z96kC3iuYfmWnEN
211,An ihnen vorbei,0.46,0.675,0.57,0.000945,0.0881,-8.199,0,0.392,192.127,4,0.588,929965,Germany,3PnK3iUPKPFWiEkQ0E5s7S
212,Kokaina,0.0638,0.882,0.506,0.0,0.133,-10.104,1,0.274,132.897,4,0.537,928172,Germany,21YnmkSDhUkmkkni22Svc4
213,Bonfire,0.064,0.771,0.785,1.27e-05,0.085,-3.915,0,0.0832,111.065,4,0.334,848077,Germany,05nsEUAMX28XreUlIjgjre
214,Cheap Thrills,0.0472,0.628,0.698,0.00143,0.0907,-5.608,0,0.105,89.976,4,0.732,685440,Germany,3I2lnJZfBEtKsEobwyWXXN
215,10 Jahre,0.0734,0.599,0.825,0.0,0.288,-6.484,1,0.373,121.115,5,0.419,678067,Germany,7ij8a4cio7x3PsjBQ3S0sM
216,24K Magic,0.034,0.818,0.803,0.0,0.153,-4.282,1,0.0797,106.97,4,0.632,586535,Germany,0Apq23J61mU0kRZGrLxk6p
217,All We Know,0.097,0.662,0.586,0.00272,0.115,-8.821,1,0.0307,90.0,4,0.296,579923,Germany,4jcj9a4adCkcLD8ufRyjgV
218,The Ocean (feat. Shy Martin),0.0225,0.632,0.575,1.81e-06,0.104,-6.478,1,0.029,90.037,4,0.188,525191,Germany,5SwEgzUFDHwpWHKrbnP32Z
219,Love on Me,0.105,0.562,0.906,0.0,0.145,-2.085,1,0.0758,124.146,4,0.674,515397,Germany,7ycWLEP1GsNjVvcjawXz3z
220,Panda,0.028,0.576,0.766,1.68e-06,0.366,-4.943,0,0.449,144.833,4,0.236,433647,Germany,0Dq49j3dELbttQVUJbtn0c
221,Ain't Your Mama,0.0472,0.757,0.678,9.14e-06,0.0654,-5.529,0,0.233,120.075,4,0.82,359651,Germany,0X8DcetL926BYiPJYstJTc
222,"i hate u, i love u (feat. olivia o'brien)",0.687,0.492,0.275,0.0,0.101,-13.4,0,0.3,92.6,4,0.18,317348,Germany,4DnHUy01jEA4b5ydC3HgsT
223,Lush Life,0.132,0.694,0.712,0.0,0.211,-3.923,0,0.046,98.023,4,0.799,285775,Germany,1hLjLWrzO18acdCFcccFWk
224,Fast Life,0.351,0.735,0.638,0.0,0.125,-8.458,0,0.501,97.824,4,0.601,223151,Germany,6wLwtK3mkAq0zWPpV6QVbF
225,Nero,0.303,0.681,0.63,0.0,0.0418,-8.16,1,0.24,76.991,4,0.595,217820,Germany,51wrmElSLxFzc0vSQPeTxs
226,Wir sind groß,0.641,0.624,0.686,0.0,0.112,-6.403,0,0.173,86.045,4,0.41,211641,Germany,3V8UKqhEK5zBkBb6d6ub8i
227,Geiles Leben - Madizin Single Mix,0.175,0.735,0.662,2.04e-06,0.0959,-8.024,1,0.0408,121.925,4,0.687,209631,Germany,4wCqxbh7bkLp3fhb1OnExv
228,Willst du,0.631,0.733,0.751,0.0,0.149,-6.171,1,0.0828,126.018,4,0.701,206451,Germany,1AqemxWsT0iGg5Lvkm16Bt
229,Ich brauch Dich,0.366,0.508,0.588,0.0,0.0747,-7.827,0,0.0966,128.66,4,0.271,206072,Germany,6WBTeFDEfAJbaSUUc1V1xQ
230,'Till I Collapse,0.0748,0.551,0.851,0.0,0.0784,-3.277,1,0.197,171.411,4,0.1,203037,Germany,7COfe3P7KgfwDwIRB8LIDw
231,80 Millionen,0.0686,0.556,0.713,8.65e-05,0.425,-7.232,1,0.0522,114.945,4,0.531,200790,Germany,4E8u5JsVnF3qPXbNiR9m25
232,Spirits,0.169,0.54,0.729,0.0,0.112,-3.709,1,0.0276,80.453,4,0.779,199624,Germany,62McdrVJELUVywVeDk59r0
233,Kaiseraura,0.584,0.622,0.77,0.0,0.35,-6.938,1,0.312,86.904,4,0.466,199585,Germany,54oMZ3blwWwuPN4wEoG5mk
234,Paper,0.0448,0.671,0.694,0.0,0.172,-7.074,1,0.211,147.916,4,0.496,199026,Germany,6kp0inxIexxSiDJfWqq0ZL
235,Sugar (feat. Francesco Yates),0.0185,0.636,0.815,0.0,0.163,-5.098,0,0.0581,123.063,4,0.636,198026,Germany,5I8oEqbk2ZBmQfXCrZbUFb
236,Cake - Challenge Version,0.0729,0.786,0.854,1.63e-06,0.179,-4.247,1,0.0523,105.078,4,0.687,197861,Germany,5QskYLFPX9y7pLU0VEMNbr
237,Only One - Radio Edit,0.0039,0.626,0.938,0.000452,0.599,-3.005,1,0.0944,124.932,4,0.518,192127,Germany,7cwLbWHs42c8JmrW9BJZos
238,Wide Awake - Red Mix,0.00307,0.801,0.78,1.06e-05,0.239,-4.555,0,0.0704,108.992,4,0.535,191743,Germany,0rrfXLr1p1yxsUy7LrKoYT
