,name,acousticness,danceability,energy,instrumentalness,liveness,loudness,mode,speechiness,tempo,time_signature,valence,streams,country,id
0,Mood (feat. iann dior),0.221,0.7,0.722,0.0,0.272,-3.558,0,0.0369,90.989,4,0.756,241561776,Global,3tjFYV6RSFtuktYl3ZtYcq
1,Blinding Lights,0.00146,0.514,0.73,9.54e-05,0.0897,-5.934,1,0.0598,171.005,4,0.334,367445263,Global,0VjIjW4GlUZAMYd2vXMi3b
2,positions,0.468,0.737,0.802,0.0,0.0931,-4.771,1,0.0878,144.015,4,0.682,247925224,Global,35mvY5S1H3J2QZyna3TFe0
3,BICHOTA,0.212,0.863,0.666,0.000493,0.103,-4.158,0,0.152,163.908,4,0.838,207610127,Global,7vrJn5hDSXRmdXoR30KgF1
4,Anyone,0.181,0.686,0.538,3.13e-06,0.113,-8.026,1,0.0345,115.884,4,0.584,169949977,Global,31qCy5ZaophVA81wtlwLc4
5,34+35,0.237,0.83,0.585,0.0,0.248,-6.476,1,0.094,109.978,4,0.485,220627549,Global,6Im9k8u9iIzKMrmV7BWtlF
6,"Lemonade (feat. Gunna, Don Toliver & NAV)",0.25,0.8,0.658,0.0,0.111,-6.142,0,0.079,140.042,4,0.462,219126587,Global,7hxHWCCAIIxFLCzvDgnQHX
7,Dynamite,0.0112,0.746,0.765,0.0,0.0936,-4.41,0,0.0993,114.044,4,0.737,240809749,Global,4saklk6nie3yiGePpBwUoc
8,LA NOCHE DE ANOCHE,0.0303,0.856,0.618,0.0,0.0866,-4.892,1,0.286,81.993,4,0.391,247485262,Global,2XIc1pqjXV3Cr2BQUGNBck
9,Whoopty,0.2,0.719,0.648,0.0,0.127,-7.6,0,0.125,140.201,4,0.66,126000846,Global,5vGLcdRuSbUhD8ScwsGSdA
10,WITHOUT YOU,0.213,0.662,0.413,0.0,0.134,-7.357,1,0.0299,93.005,4,0.467,278042077,Global,27OeeYzk6klgBh83TSvGMA
11,Therefore I Am,0.218,0.889,0.34,0.13,0.055,-7.773,0,0.0697,94.009,4,0.716,185853151,Global,54bFM56PmE4YLRnqpW6Tha
12,Levitating (feat. DaBaby),0.00883,0.702,0.825,0.0,0.0674,-3.787,0,0.0601,102.977,4,0.915,279982441,Global,5nujrmhLynf4yMoMtj8AQF
13,What You Know Bout Love,0.65,0.709,0.548,1.59e-06,0.133,-8.493,1,0.353,83.995,4,0.543,186354579,Global,1tkg4EHVoqnhR6iFEXb60y
14,Monster (Shawn Mendes & Justin Bieber),0.0593,0.64,0.392,0.0,0.0839,-7.246,0,0.0574,145.838,4,0.502,150175400,Global,1HbA4N1MiOsPthALesGFR1
15,Watermelon Sugar,0.122,0.548,0.816,0.0,0.335,-4.209,1,0.0465,95.39,4,0.557,200317707,Global,6UelLqGlWMcVH1E5c4H7lY
16,Afterglow,0.698,0.641,0.324,0.0,0.328,-5.851,1,0.0299,110.184,4,0.273,136442916,Global,0E4Y1XIbs8GrAT1YqVy6dq
17,HOLIDAY,0.12,0.81,0.511,0.0,0.0832,-6.924,0,0.164,151.947,4,0.837,139792262,Global,6zFMeegAMYQo0mt8rXtrli
18,Hawái,0.185,0.783,0.727,2.46e-05,0.0626,-3.454,0,0.389,180.067,4,0.558,165291486,Global,1yoMvmasuxZfqHEipJhRbp
19,willow,0.835,0.392,0.579,0.00179,0.145,-9.195,1,0.164,80.961,4,0.549,137153637,Global,3Uo7WG0vmLQ07WB4BDwy7D
20,you broke me first,0.785,0.667,0.373,0.0,0.0906,-9.389,1,0.05,124.148,4,0.0823,194868945,Global,45bE4HXI0AwGZXfZtMp8JR
21,Head & Heart (feat. MNEK),0.168,0.734,0.874,1.14e-05,0.0489,-3.158,1,0.0662,122.953,4,0.905,181378200,Global,6cx06DFPPHchuUAcTxznu9
22,WAP (feat. Megan Thee Stallion),0.0194,0.935,0.454,0.0,0.0824,-7.509,1,0.375,133.073,4,0.357,166072146,Global,4Oun2ylbjFKMPTiaSbbCih
23,Lonely (with benny blanco),0.864,0.631,0.239,0.0,0.116,-7.071,0,0.0398,79.859,4,0.0927,111385613,Global,4y4spB9m0Q6026KfkAvy9Q
24,Hecha Pa' Mi,0.362,0.725,0.756,0.000685,0.103,-5.013,1,0.0572,100.07,4,0.828,208833203,Global,3VvA1wSxukMLsvXoXtlwWx
25,ROCKSTAR (feat. Roddy Ricch),0.247,0.746,0.69,0.0,0.101,-7.956,1,0.164,89.977,4,0.497,166784643,Global,7ytR5pFWmSjzHJIeQkgog4
26,Good Days,0.499,0.436,0.655,8.1e-06,0.688,-8.37,0,0.0583,121.002,4,0.412,243433544,Global,3YJJjQPAbDT7mGpX3WtQ9A
27,Snowman,0.483,0.716,0.512,0.0,0.0928,-6.257,1,0.0331,104.957,3,0.326,98478750,Global,7uoFMmxln0GPXQ0AcCBXRq
28,Roses - Imanbek Remix,0.0143,0.769,0.719,0.00777,0.359,-5.472,1,0.0474,121.955,4,0.863,155006628,Global,0zLCBJZSiELJf02ucPP9wb
29,Prisoner (feat. Dua Lipa),0.0103,0.781,0.67,0.0,0.0761,-3.912,0,0.0452,127.99,4,0.595,167522466,Global,2Oycxb8QbPkpHTo8ZrmG0B
30,Dance Monkey,0.688,0.825,0.593,0.000161,0.17,-6.401,0,0.0988,98.078,4,0.54,161147893,Global,1rgnBhdG2JDFTbYkYRZAku
31,Someone You Loved,0.751,0.501,0.405,0.0,0.105,-5.679,1,0.0319,109.891,4,0.446,195590312,Global,7qEHsqek33rTcFNT9PFqLf
32,The Business,0.414,0.798,0.62,0.0192,0.112,-7.079,0,0.232,120.031,4,0.235,270745998,Global,6f3Slt0GbA2bPZlz0aIFXN
33,Reloj,0.176,0.823,0.537,3.75e-06,0.124,-2.627,1,0.211,175.965,4,0.608,161752556,Global,4loQgPwJHocL3dFwLfjb1J
34,Bandido,0.122,0.713,0.617,0.0,0.0962,-4.637,1,0.0887,168.021,4,0.682,274637535,Global,1xK1Gg9SxG8fy2Ya373oqb
35,For The Night (feat. Lil Baby & DaBaby),0.114,0.823,0.586,0.0,0.193,-6.606,0,0.2,125.971,4,0.347,146449668,Global,0PvFJmanyNQMseIFrU708S
36,La Nota,0.18,0.736,0.632,0.0,0.349,-4.939,0,0.0648,92.03,4,0.503,132646951,Global,7ndTONDDRFGiPnnhOzOXxq
37,Don't Start Now,0.0123,0.793,0.793,0.0,0.0951,-4.521,0,0.083,123.95,4,0.679,168333020,Global,3PfIrDoz19wz7qK7tYeu62
38,Chica Ideal,0.0847,0.574,0.891,0.0,0.16,-3.665,0,0.157,100.978,4,0.707,116339903,Global,21N4Buj4xsyLb218lYle61
39,Goosebumps,0.325,0.767,0.659,0.0,0.13,-7.429,1,0.0444,124.946,4,0.439,132316837,Global,20McUFi8KCIVdNDLrkTDuZ
40,Relación - Remix,0.0337,0.793,0.771,1.51e-06,0.284,-3.417,1,0.0959,171.943,4,0.835,114153729,Global,35UUpTmrcFXNIVIN26ujXl
41,Sweater Weather,0.0495,0.612,0.807,0.0177,0.101,-2.81,1,0.0336,124.053,4,0.398,161412087,Global,2QjOHCTQ1Jl3zawyYOpxh6
42,Heather,0.584,0.357,0.425,0.0,0.322,-7.301,1,0.0333,102.078,3,0.27,145738830,Global,4xqrdfXkTW4T0RauPLv3WA
43,BEBÉ,0.487,0.862,0.72,1.19e-06,0.0604,-4.048,1,0.0379,129.972,4,0.965,78059588,Global,7D7EH7MGyNHWSkqrszerI1
44,Vida de Rico,0.167,0.824,0.457,0.0,0.041,-5.428,1,0.0543,87.977,4,0.95,70347078,Global,73nAK3HgQK8dak83Y2WQ8F
45,La Tóxica,0.0882,0.659,0.701,0.0,0.0866,-4.107,1,0.164,91.97,4,0.623,87974306,Global,15OjBeqNX3bShsGYQbteRv
46,Paradise (feat. Dermot Kennedy),0.0689,0.632,0.595,0.0,0.209,-7.644,0,0.0401,124.114,4,0.435,185075277,Global,6ft4hAq6yde8jPZY2i5zLr
47,Before You Go,0.604,0.459,0.575,0.0,0.0885,-4.858,1,0.0573,111.881,4,0.183,143568378,Global,2gMXnyrvIjhVBUZwvLZDMP
48,TE MUDASTE,0.234,0.811,0.637,0.000572,0.118,-4.835,0,0.0591,92.025,4,0.471,125617573,Global,5RubKOuDoPn5Kj5TLVxSxY
49,Holy (feat. Chance The Rapper),0.196,0.673,0.704,0.0,0.0898,-8.056,1,0.36,86.919,4,0.372,90268983,Global,5u1n1kITHCxxp8twBcZxWy
50,Laugh Now Cry Later (feat. Lil Durk),0.244,0.761,0.518,3.47e-05,0.107,-8.871,1,0.134,133.976,4,0.522,121018605,Global,2SAqBLGA283SUiwJ3xOUVI
51,Wonder,0.136,0.442,0.631,2.29e-05,0.133,-5.096,0,0.05,139.774,4,0.129,57075742,Global,6ZuahEctZD6w75peme58hm
52,Savage Love (Laxed - Siren Beat),0.234,0.767,0.481,0.0,0.269,-8.52,0,0.0803,150.076,4,0.761,117537310,Global,1xQ6trAsedVPCdbtDAmk0c
53,Put Your Records On,0.0563,0.399,0.491,0.00089,0.11,-10.778,0,0.0538,91.066,4,0.151,102387118,Global,6AGOKlMZWLCaEJGnaROtF9
54,Circles,0.192,0.695,0.762,0.00244,0.0863,-3.497,1,0.0395,120.042,4,0.553,126439043,Global,21jGcNKet2qwijlDFuPiPb
55,Life Goes On,0.00691,0.566,0.716,0.0,0.37,-5.733,1,0.0424,81.068,4,0.45,110241656,Global,249gnXrbfmV8NG6jTEMSwD
56,Mi Niña,0.31,0.823,0.821,4.28e-06,0.143,-3.402,0,0.166,99.999,4,0.791,109523713,Global,2bgcUk2A3jjKbCJ7KPquTi
57,Take You Dancing,0.0332,0.789,0.711,0.0,0.0876,-4.248,1,0.041,112.985,4,0.753,94571611,Global,59qrUpoplZxbIZxk6X0Bm3
58,Una Locura,0.139,0.714,0.761,0.00035,0.241,-4.596,0,0.0427,168.022,4,0.906,88558198,Global,5y7DaS3jAc9eZzcSOoUIwU
59,death bed (coffee for your head),0.731,0.726,0.431,0.0,0.696,-8.765,0,0.135,144.026,4,0.348,122033826,Global,7eJMfftS33KTjuF7lTsMCx
60,GIRL LIKE ME,0.0194,0.964,0.486,0.04,0.0694,-8.891,1,0.188,124.058,4,0.318,157472098,Global,2vBET2pmrQqafaS6zIaYta
61,Breaking Me,0.223,0.789,0.72,0.0,0.129,-5.652,0,0.218,122.031,4,0.664,114944959,Global,3H7ihDc1dqLriiWXwsc2po
62,The Box,0.104,0.896,0.586,0.0,0.79,-6.687,0,0.0559,116.971,4,0.642,113661443,Global,0nbXyq5TXYPCO7pr3N8S4I
63,SO DONE,0.232,0.719,0.598,0.0,0.115,-6.254,1,0.077,142.592,4,0.303,16466007,Global,3qgPpwtuRu5oP8EtFSj8HE
64,Se Te Nota (with Guaynaa),0.0907,0.905,0.686,0.0,0.266,-3.152,1,0.0664,103.013,4,0.963,64891367,Global,11EnQRgRMJwMAesfkB5pnu
65,UN DIA (ONE DAY) (Feat. Tainy),0.00536,0.571,0.693,0.0,0.173,-8.234,0,0.0545,168.169,4,0.393,112913117,Global,0EhpEsp4L0oRGM0vmeaN5e
66,La Curiosidad,0.269,0.845,0.677,0.000917,0.108,-4.798,0,0.136,90.013,4,0.68,71180696,Global,4HYDUMY0xSpeBr0AMY9cUz
67,Blueberry Faygo,0.207,0.774,0.554,0.0,0.132,-7.909,1,0.0383,99.034,4,0.349,108414627,Global,22LAwLoDA5b4AaGSkg6bKW
68,Golden,0.21,0.448,0.838,0.000131,0.131,-5.257,0,0.0557,139.863,4,0.254,118448358,Global,45S5WTQEGOB1VHr1Q4FuPl
69,Body,0.0166,0.914,0.732,0.0,0.107,-6.1,0,0.241,94.066,4,0.469,47644596,Global,0A1hoCfMLkiAgvhWkkucJa
70,pov,0.36,0.487,0.534,0.0,0.1,-5.664,0,0.0555,131.798,4,0.173,38483316,Global,3UoULw70kMsiVXxW0L3A33
71,Sunflower - Spider-Man: Into the Spider-Verse,0.533,0.755,0.522,0.0,0.0685,-4.368,1,0.0575,89.96,4,0.925,119942077,Global,0RiRZpuVRbi7oqRdSMwhQY
72,Memories,0.837,0.764,0.32,0.0,0.0822,-7.209,1,0.0546,91.019,4,0.575,112251847,Global,2b8fOow8UzyDFAE27YhOZM
73,Adore You,0.0237,0.676,0.771,7e-06,0.102,-3.675,1,0.0483,99.048,4,0.569,116124232,Global,3jjujdWJ72nww5eGnfs2E7
74,lovely (with Khalid),0.934,0.351,0.296,0.0,0.095,-10.109,0,0.0333,115.284,4,0.12,125801373,Global,0u2P5u6lvoDfwTYjAADbn4
75,Lucid Dreams,0.349,0.511,0.566,0.0,0.34,-7.23,0,0.2,83.903,4,0.218,118913171,Global,285pBltuF7vW8TeWk8hdRR
76,Jeans,0.0165,0.807,0.656,0.0,0.0693,-4.395,0,0.105,83.943,4,0.89,58036575,Global,3GtnId3Cm1Xa6joCj08nzW
77,Wishing Well,0.00336,0.65,0.613,0.0,0.267,-6.13,0,0.128,149.972,4,0.0804,106473116,Global,2U5WueTLIK5WJLD7mvDODv
78,"Ay, DiOs Mío!",0.512,0.718,0.712,0.00121,0.104,-4.366,1,0.174,180.034,4,0.531,45401938,Global,7x4ASXYEKfQBCewcZhK776
79,Rain On Me (with Ariana Grande),0.021,0.672,0.855,0.0,0.323,-3.764,1,0.0397,123.056,4,0.646,95461816,Global,7ju97lgwC2rKQ6wwsf9no9
80,Parce (feat. Justin Quiles),0.422,0.691,0.739,3.95e-06,0.11,-3.09,0,0.229,83.897,4,0.884,75461445,Global,4RJz8NfIe09gpKMiRUWKhJ
81,"Nathy Peluso: Bzrp Music Sessions, Vol. 36",0.25,0.65,0.655,0.0,0.0691,-3.71,0,0.405,94.059,4,0.735,45685943,Global,78SeXVRJ7KCqVmOwTiFjnI
82,Train Wreck,0.701,0.311,0.485,0.0,0.0726,-5.726,0,0.0365,77.355,4,0.225,105771495,Global,55Am8neGJkdj2ADaM3aw5H
83,Tusa,0.295,0.803,0.715,0.000134,0.0574,-3.28,1,0.298,101.085,4,0.574,71536072,Global,7k4t7uLgtOxPwTpFmtJNTY
84,Dreams - 2004 Remaster,0.0644,0.828,0.492,0.00428,0.128,-9.744,1,0.0276,120.151,4,0.789,100971634,Global,0ofHAoxe9vBkTCp2UQIavz
85,Señorita,0.0392,0.759,0.548,0.0,0.0828,-6.049,0,0.029,116.967,4,0.749,112979795,Global,6v3KW9xbzN5yKLt9YKDYA2
86,bad guy,0.328,0.701,0.425,0.13,0.1,-10.965,1,0.375,135.128,4,0.562,107880764,Global,2Fxmhks0bxGSBdJ92vM42m
87,Reminds Me Of You,0.0663,0.613,0.631,0.0,0.169,-6.965,1,0.12,149.992,4,0.33,19632374,Global,5YSHygGN9D0mID1NsVd5my
88,goosebumps,0.0847,0.841,0.728,0.0,0.149,-3.37,1,0.0484,130.049,4,0.43,114745960,Global,6gBFPUFcJLzWGx4lenP6h2
89,Come & Go (with Marshmello),0.0172,0.625,0.814,0.0,0.158,-5.181,1,0.0657,144.991,4,0.535,96923305,Global,2Y0wPrPQBrGhoLn14xRYCG
90,At My Worst,0.777,0.813,0.415,0.0,0.131,-5.926,1,0.0349,91.921,4,0.667,44570182,Global,2tI4WyzqOOwC23S5m0kqcB
91,Hello (feat. A Boogie Wit da Hoodie),0.0187,0.905,0.647,0.0,0.282,-5.065,0,0.107,130.97,4,0.367,90439443,Global,2r6OAV3WsYtXuXjvJ1lIDi
92,Head Shoulders Knees & Toes (feat. Norma Jean Martine),0.0247,0.798,0.828,2.55e-06,0.121,-5.36,1,0.193,124.962,4,0.6,61101274,Global,6i7zAdNhzUN2k1HcrBxPHG
93,Sofia,0.598,0.744,0.619,0.00372,0.231,-9.805,1,0.039,112.997,4,0.641,51237590,Global,7B3z0ySL9Rr0XvZEAjWZzM
94,Tattoo - Remix with Camilo,0.0406,0.721,0.637,0.0,0.0525,-5.134,1,0.286,193.922,4,0.691,42010750,Global,4G3PTss3mU33Tau7t4KbwE
95,Hawái - Remix,0.105,0.766,0.788,5.81e-06,0.142,-3.128,0,0.312,179.984,4,0.609,39639643,Global,0GzuHFG4Ql6DoyxFRnIk3F
96,Robbery,0.328,0.685,0.692,0.0,0.153,-5.122,1,0.0457,159.966,5,0.578,99579938,Global,6Hj9jySrnFppAI0sEMCZpJ
97,Life Is Good (feat. Drake),0.067,0.795,0.574,0.0,0.15,-6.903,0,0.487,142.053,4,0.537,98129608,Global,1K5KBOgreBi5fkEHvg5ap3
98,Falling,0.123,0.784,0.43,0.0,0.0887,-8.756,0,0.0364,127.087,4,0.236,97080439,Global,2rRJrJEo19S2J82BDsQ3F7
99,Stuck with U (with Justin Bieber),0.223,0.597,0.45,0.0,0.382,-6.658,1,0.0418,178.765,3,0.537,83004018,Global,4HBZA5flZLE435QTztThqH
100,Midnight Sky,0.00161,0.699,0.805,0.00177,0.249,-5.535,0,0.0345,109.976,4,0.232,35056135,Global,4i2qxFEVVUi8yOYoxB8TCX
101,Polvo,0.0105,0.763,0.621,2.94e-06,0.106,-6.169,0,0.066,82.042,4,0.582,79451677,Global,68mrW6gXHgupgSiDHgaDi5
102,Break My Heart,0.167,0.73,0.729,1.39e-06,0.349,-3.434,0,0.0883,113.013,4,0.467,98467710,Global,017PF4Q3l4DBUiWoXk4OWT
103,Daisy,0.235,0.834,0.663,0.0,0.372,-6.143,1,0.133,121.876,4,0.774,13111063,Global,0AUvWawuP0ibk4SQ3sIZjk
104,Despeinada,0.186,0.734,0.775,0.000542,0.123,-3.855,1,0.0614,166.039,4,0.72,47053896,Global,0JAZWvvqttGFm4UMDsPQXC
105,Daddy Issues,0.0678,0.588,0.521,0.149,0.123,-9.461,1,0.0329,85.012,4,0.337,102008051,Global,5E30LdtzQTGqRvNd7l6kG5
106,Heat Waves,0.44,0.761,0.525,6.7e-06,0.0921,-6.9,1,0.0944,80.87,4,0.531,170839994,Global,02MWAaffLxlfxAUY7c5dvx
107,champagne problems,0.92,0.462,0.24,0.0,0.113,-12.077,1,0.0377,171.319,4,0.32,22498762,Global,0sY6ZUTh4yoctD8VIXz339
108,Shallow,0.371,0.572,0.385,0.0,0.231,-6.362,1,0.0308,95.799,4,0.323,110915069,Global,2VxeLyX666F8uXCJ0dZF8B
109,HIGHEST IN THE ROOM,0.0546,0.598,0.427,5.83e-06,0.21,-8.764,0,0.0317,76.469,4,0.0605,100227812,Global,3eekarcy7kvN4yt5ZFzltW
110,my ex's best friend (with blackbear),0.00473,0.731,0.675,0.0,0.141,-5.134,0,0.0434,124.939,4,0.298,96397248,Global,7kDUspsoYfLkWnZR7qwHZl
111,Believer,0.0622,0.776,0.78,0.0,0.081,-4.374,0,0.128,124.949,4,0.666,107632491,Global,0pqnGHJpmpxLKifKRmU6WP
112,If the World Was Ending - feat. Julia Michaels,0.866,0.464,0.473,0.0,0.109,-10.086,1,0.129,75.801,4,0.604,94511113,Global,2kJwzbxV2ppxnQoYw4GLBZ
113,Mood Swings (feat. Lil Tjay),0.487,0.48,0.602,0.0,0.0848,-6.335,0,0.368,179.798,4,0.269,62445209,Global,5rZlwNFl01HqLWBQGryKSm
114,Godzilla (feat. Juice WRLD),0.145,0.808,0.745,0.0,0.292,-5.26,0,0.342,165.995,4,0.829,89287068,Global,7FIWs0pqAYbP91WWM0vlTQ
115,Jocelyn Flores,0.469,0.872,0.391,4.13e-06,0.297,-9.144,0,0.242,134.021,4,0.437,99882697,Global,7m9OqQk4RVRkw9JJdeAw96
116,Say You Won't Let Go,0.695,0.358,0.557,0.0,0.0902,-7.398,1,0.059,85.043,4,0.494,104237805,Global,5uCax9HTNlzGybIStD3vDh
117,Love Not War (The Tampa Beat),0.105,0.738,0.85,0.0,0.23,-3.049,1,0.0642,98.013,4,0.865,75357924,Global,4Lt6GXGzYsa1tgkv3nGSTm
118,All Girls Are The Same,0.0769,0.671,0.529,0.000335,0.0856,-7.226,1,0.307,161.989,4,0.203,89357272,Global,4VXIryQMWpIdGgYR4TrjT1
119,Way Out (feat. Big Sean),0.114,0.945,0.582,0.0,0.103,-8.357,0,0.0719,108.025,4,0.907,22899859,Global,57VeLYXrvNxe8Vs18K2M9W
120,Falling,0.839,0.567,0.267,1.46e-06,0.089,-6.502,1,0.0299,110.011,4,0.0592,94758050,Global,1ZMiCix7XSAbfAJlEZWMCp
121,Say So,0.256,0.787,0.673,3.57e-06,0.0904,-4.577,0,0.158,110.962,4,0.786,47135395,Global,3Dv1eDb0MEgF93GpLXlucZ
122,Ride It,0.177,0.88,0.751,6.43e-05,0.106,-4.258,0,0.0874,117.948,4,0.884,91983423,Global,2tnVG71enUj33Ic2nFN6kZ
123,Intentions (feat. Quavo),0.3,0.806,0.546,0.0,0.102,-6.637,1,0.0575,147.986,4,0.874,42357216,Global,4umIPjkehX1r7uhmGvXiSV
124,POPSTAR (feat. Drake),0.057,0.8,0.56,0.0,0.134,-4.818,0,0.261,163.071,4,0.45,83741325,Global,6EDO9iiTtwNv6waLwa1UUq
125,How You Like That,0.0465,0.812,0.761,0.000135,0.0601,-5.222,1,0.0812,130.032,4,0.344,59728538,Global,4SFknyjLcyTLJFPKD2m96o
126,All We Got (feat. KIDDO),0.286,0.504,0.76,0.0,0.151,-4.246,1,0.0426,183.933,4,0.64,52177474,Global,1FP9s72rDYty6mfoOEYKnE
127,Tyler Herro,0.0872,0.792,0.793,0.0,0.22,-6.185,0,0.0841,123.031,4,0.775,43308682,Global,3w1WjD2zJqjBjDz5fwqQPJ
128,Perfect,0.163,0.599,0.448,0.0,0.106,-6.312,1,0.0232,95.05,3,0.168,99907225,Global,0tgVpDi06FyKpA1z0VMD4v
129,Dior,0.212,0.548,0.805,0.000389,0.408,-5.732,1,0.351,142.094,4,0.648,96023699,Global,79s5XnCN4TJKTVMSmOx8Ep
130,Si Me Tomo Una Cerveza,0.185,0.72,0.613,0.0,0.155,-6.899,0,0.0572,84.974,4,0.857,22035801,Global,3lCbsHaN1wCxyDzcNN2x4N
131,7 rings,0.592,0.778,0.317,0.0,0.0881,-10.732,0,0.334,140.048,4,0.327,93863015,Global,6ocbgoVGwYJhOv1GgI9NsF
132,Recairei - Ao Vivo,0.449,0.582,0.937,0.0,0.684,-2.118,1,0.0858,168.096,4,0.939,10521182,Global,2JTir3y1VuJQmexiTCMcTP
133,La Jeepeta - Remix,0.297,0.814,0.714,4.89e-06,0.091,-4.65,0,0.207,176.013,4,0.789,27182930,Global,6bvfJf4KjonPMuPfGfy3S2
134,Toosie Slide,0.289,0.83,0.49,3.04e-06,0.113,-8.82,0,0.209,81.604,4,0.845,37087887,Global,466cKvZn1j45IpxDdYZqdA
135,Shape of You,0.581,0.825,0.652,0.0,0.0931,-3.183,0,0.0802,95.977,4,0.931,97780526,Global,7qiZfU4dY1lWllzX7mPBI3
136,Mi Cuarto,0.819,0.854,0.525,0.0,0.146,-4.426,1,0.214,97.054,4,0.63,32114374,Global,6fmQjRuo7XvRFCK2qex5hQ
137,Why'd You Only Call Me When You're High?,0.0483,0.691,0.631,1.13e-05,0.104,-6.478,1,0.0368,92.004,4,0.8,89067351,Global,48q0vSHcJdhK3IiXH8C5WJ
138,"Whats Poppin (feat. DaBaby, Tory Lanez & Lil Wayne) [Remix] - Bonus Track",0.0631,0.904,0.723,0.0,0.185,-5.224,0,0.26,145.013,4,0.835,59812343,Global,0ZLuW8uOXdFNWcI40C0OC2
139,ily (i love you baby) (feat. Emilee),0.0686,0.674,0.774,0.00188,0.393,-7.567,0,0.0892,112.05,4,0.33,37376993,Global,62aP9fBQKYKxi7PDXwcUAS
140,Hayloft,0.00475,0.527,0.922,0.000162,0.422,-2.666,0,0.0728,95.975,4,0.49,80532760,Global,2kS6td1yvmpNgZTt1q5pQq
141,ROXANNE,0.0522,0.621,0.601,0.0,0.46,-5.616,0,0.148,116.735,5,0.457,48280604,Global,696DnlkuDOXcMAnKlTgXXK
142,Bohemian Rhapsody - Remastered 2011,0.271,0.414,0.404,0.0,0.3,-9.928,0,0.0499,71.105,4,0.224,93211538,Global,4u7EnebtmKWzUH433cf5Qv
143,MODO TURBO,0.334,0.655,0.726,3.13e-06,0.232,-7.628,0,0.0796,160.064,4,0.766,15889806,Global,0YqTL3nSL36OFdHwHoqCag
144,Deep End,0.758,0.711,0.592,0.0,0.156,-7.136,0,0.23,124.749,4,0.535,11114075,Global,6HlE9t71z9DjGi7KqSyEpA
145,everything i wanted,0.902,0.704,0.225,0.657,0.106,-14.454,0,0.0994,120.006,4,0.243,76160307,Global,3ZCTVFBt2Brf31RLEnCkWJ
146,SICKO MODE,0.00513,0.834,0.73,0.0,0.124,-3.714,1,0.222,155.008,4,0.446,89317696,Global,2xLMifQCjDGFmkHkpNLD9h
147,Angst,0.0213,0.599,0.79,5.87e-05,0.0778,-4.352,0,0.386,100.119,5,0.528,5317174,Global,5yUzqd3H7cmJ1no6B4uTzu
148,Do I Wanna Know?,0.186,0.548,0.532,0.000263,0.217,-7.596,1,0.0323,85.03,4,0.405,93372228,Global,3rq5w4bQGigXOfdN30ATJt
149,Tú Me Dejaste De Querer,0.31,0.812,0.747,0.00412,0.1,-4.611,0,0.15,168.025,4,0.488,32022559,Global,6sPBi0qLI6KM3yXX56NxsA
150,I Don't Care (with Justin Bieber),0.0902,0.798,0.676,0.0,0.0894,-5.041,1,0.0442,101.956,4,0.843,15333095,Global,0XinBYhf1X3kdvKQHOX971
151,Go Crazy,0.316,0.755,0.578,0.0,0.25,-8.932,0,0.145,94.148,4,0.581,40476260,Global,0hVXuCcriWRGvwMV1r5Yn9
152,SAD!,0.258,0.74,0.613,0.00372,0.123,-4.88,1,0.145,75.023,4,0.473,20144723,Global,1IIKrJVP1C9N7iPtG6eOsK
153,hot girl bummer,0.125,0.782,0.559,0.0,0.385,-7.106,0,0.0767,129.992,1,0.685,89609150,Global,3ee8Jmje8o58CHK66QrVC2
154,Kings & Queens,0.00786,0.637,0.69,0.0,0.124,-4.057,0,0.0405,129.857,4,0.457,72193384,Global,2mt1IqcFyY1zmYZT8Q3xw9
155,Yellow,0.00239,0.429,0.661,0.000121,0.234,-7.227,1,0.0281,173.372,4,0.285,14923441,Global,7a53HqqArd4b9NF4XAmlbI
156,Caramelo,0.0529,0.735,0.791,0.000146,0.145,-4.462,1,0.0679,168.087,4,0.697,86223125,Global,3AJwUDP919kvQ9QcozQPxg
157,Maniac,0.00162,0.628,0.639,0.0,0.354,-5.46,1,0.0435,108.045,4,0.493,14761461,Global,5Jm4w8jmPEBTLjI9vH4fXo
158,All of Me,0.922,0.422,0.264,0.0,0.132,-7.064,1,0.0322,119.93,4,0.331,53634497,Global,6KfoDhO4XUWSbnyKjNp9c4
159,"no body, no crime (feat. HAIM)",0.431,0.547,0.613,0.0,0.102,-7.577,0,0.0264,79.011,4,0.528,91902118,Global,3U4isOIWM3VvDubwSI3y7a
160,HACIENDO QUE ME AMAS,0.869,0.584,0.411,4.47e-05,0.0955,-7.147,0,0.0838,169.934,4,0.412,4958908,Global,6NriykdkRrjQMZo1sfVYUo
161,La Luz,0.427,0.665,0.697,1.39e-05,0.599,-4.819,0,0.154,94.053,4,0.556,9880757,Global,26QApq0cuO9brJigr0C0W4
162,Lovesick Girls,0.00559,0.654,0.707,0.0,0.0873,-5.661,1,0.0664,127.97,4,0.448,9845741,Global,5zj8WNkBrEzlI5FKeYV4ol
163,Electric Love,0.00543,0.611,0.797,0.00137,0.26,-7.627,0,0.0533,120.041,4,0.518,14748812,Global,4Ws314Ylb27BVsvlZOy30C
164,De Cora <3,0.46,0.811,0.683,4.75e-05,0.128,-2.028,0,0.241,176.037,4,0.571,40400440,Global,2GiJYvgVaD2HtM8GqD9EgQ
165,rockstar (feat. 21 Savage),0.124,0.585,0.52,7.01e-05,0.131,-6.136,0,0.0712,159.801,4,0.129,19806544,Global,22Sh5dlwbERqJAq1fZk5b2
166,Star Shopping,0.0967,0.585,0.471,0.0184,0.115,-9.934,0,0.0616,93.099,4,0.323,24474731,Global,0e7ipj03S05BNilyu5bRzt
167,Sunday Best,0.183,0.878,0.525,0.0,0.0714,-6.832,1,0.0578,112.022,4,0.694,52063855,Global,30bqVoKjX479ab90a8Pafp
168,Amor ou o Litrão,0.437,0.934,0.707,1.74e-05,0.0628,-4.214,1,0.0646,138.023,4,0.961,4848222,Global,1Cv1YLb4q0RzL6pybtaMLo
169,In Your Eyes,0.00285,0.667,0.719,8.1e-05,0.0736,-5.371,0,0.0346,100.021,4,0.717,4822341,Global,7qmnP8Woc47dLSrMD5MxL1
170,Ice Cream (with Selena Gomez),0.0317,0.79,0.701,8.06e-05,0.0311,-4.81,1,0.365,159.972,4,0.91,86886344,Global,7szuecWAPwGoV1e5vGu8tl
171,Ponte Pa' Mi,0.0581,0.878,0.713,0.0,0.0822,-4.566,0,0.0948,92.028,4,0.615,9592605,Global,4JUPEh2DVSXFGExu4Uxevz
172,Diamonds,0.161,0.637,0.666,0.0,0.108,-6.773,0,0.0494,104.02,4,0.529,64640877,Global,4C6BlqqMwjFzOXzqpTeoWR
173,The Woo (feat. 50 Cent & Roddy Ricch),0.0221,0.49,0.618,3.77e-06,0.259,-5.655,1,0.104,99.7,4,0.286,19888251,Global,1hJIbOjWpid6LtnozHmzRS
174,Someone To You,0.00517,0.52,0.903,0.0,0.254,-5.497,1,0.042,74.988,4,0.652,9559017,Global,1H7KnK26kc1YyellpbINEn
175,Happier,0.191,0.687,0.792,0.0,0.167,-2.749,1,0.0452,100.015,4,0.671,55843863,Global,2f0pn9DkEJwAzXApnFh5cr
176,Without Me,0.297,0.752,0.488,9.11e-06,0.0936,-7.05,1,0.0705,136.041,4,0.533,4654017,Global,2dpaYNEQHiRxtZbfNsse99
177,Smells Like Teen Spirit,2.55e-05,0.502,0.912,0.000173,0.106,-4.556,1,0.0564,116.761,4,0.72,44744262,Global,6FZDfxM3a3UCqtzo5pxSLZ
178,BOOKER T,0.114,0.883,0.6,7.94e-06,0.0931,-7.188,1,0.37,113.903,4,0.691,81783336,Global,1f3yAtsJtY87CTmM8RLnxf
179,Don't Stop Me Now - Remastered 2011,0.0475,0.559,0.868,0.000176,0.776,-5.276,1,0.17,156.295,4,0.609,48271032,Global,26w9NTiE9NGjW1ZvIOd1So
180,Something Just Like This,0.0498,0.617,0.635,1.44e-05,0.164,-6.769,0,0.0317,103.019,4,0.446,4606130,Global,5T8EDUDqKcs6OSOwEsfqG7
181,Azul,0.0816,0.843,0.836,0.00138,0.0532,-2.474,0,0.0695,94.018,4,0.65,14535514,Global,6RUKPb4LETWmmr3iAEQktW
182,Take Me To Church,0.634,0.566,0.664,0.0,0.116,-5.303,0,0.0464,128.945,4,0.437,4595176,Global,2lCkncy6bIB0LTMT7kvrD1
183,when the party's over,0.978,0.367,0.111,3.97e-05,0.0897,-14.084,1,0.0972,82.642,4,0.198,96139675,Global,3dYD57lRAUcMHufyqn9GcI
184,The Less I Know The Better,0.0115,0.64,0.74,0.00678,0.167,-4.083,1,0.0284,116.879,4,0.785,45120226,Global,43zdsphuZLzwA9k4DJhU0I
185,Basta Você Me Ligar - Ao Vivo,0.5,0.599,0.914,0.0,0.694,-2.415,0,0.0629,168.008,4,0.831,49024844,Global,6K4t31amVTZDgR3sKmwUJJ
186,Wake Me Up,0.0038,0.532,0.783,0.0012,0.161,-5.697,1,0.0523,124.08,4,0.643,4561350,Global,3rRin3LyLY92kpEbkCgwf4
187,Dancing in My Room,0.671,0.98,0.413,7.95e-05,0.17,-11.052,0,0.101,119.993,4,0.764,19465126,Global,0nrRP2bk19rLc0orkWPQk2
188,Every Breath You Take,0.543,0.82,0.452,0.00294,0.0714,-9.796,1,0.0348,117.401,4,0.74,14272066,Global,6Pgmqg15yVexuOgtzuxwoX
189,Be Kind (with Halsey),0.00776,0.63,0.633,0.0,0.0541,-7.088,1,0.0457,93.995,4,0.452,59969532,Global,1JSTJqkT5qHq8MDJnJbRE1
190,Fever,0.0597,0.868,0.693,0.00399,0.106,-7.052,0,0.181,114.999,4,0.396,9343003,Global,3Z8FwOEN59mRMxDCtb8N0A
191,Closer,0.414,0.748,0.524,0.0,0.111,-5.599,1,0.0338,95.01,4,0.661,9317530,Global,3F1P0QzdXtBz0MXy7KIO5w
192,Be Alright,0.705,0.551,0.537,0.0,0.0802,-7.595,1,0.034,126.421,4,0.493,56269577,Global,7BKLCZ1jbUBVqRi2FVlTVw
193,Tequila Shots,0.084,0.712,0.556,5.04e-05,0.527,-7.214,0,0.0531,90.494,4,0.22,28987212,Global,5qrSlOut2rNAWv3ubArkNy
194,Everybody Dies In Their Nightmares,0.847,0.734,0.57,2.14e-05,0.112,-7.066,0,0.133,129.953,4,0.689,4516276,Global,30KctD1WsHKTIYczXjip5a
195,Lose Control,0.129,0.598,0.526,0.0,0.14,-8.659,0,0.0415,123.935,4,0.529,34274451,Global,3GVkPk8mqxz0itaAriG1L7
196,I CAN'T STOP ME,0.121,0.657,0.88,0.0,0.463,-3.672,0,0.102,150.084,4,0.769,4504304,Global,7CHi4DtfK4heMlQaudCuHK
197,E-GIRLS ARE RUINING MY LIFE!,0.00161,0.614,0.937,0.00136,0.103,-7.443,1,0.115,84.98,4,0.386,4488125,Global,3apeXzypBMnUfYcZYNX6DH
198,drivers license,0.721,0.585,0.436,1.31e-05,0.105,-8.761,1,0.0601,143.874,4,0.132,627614170,Global,7lPN2DXiMsVn7XUKtOW1CS
199,DÁKITI,0.401,0.731,0.573,5.22e-05,0.113,-10.059,0,0.0544,109.928,4,0.145,357553915,Global,4MzXwWMhyBbmu6hOcLVD49
200,Save Your Tears,0.0212,0.68,0.826,1.24e-05,0.543,-5.487,1,0.0309,118.051,4,0.644,368389407,Global,5QO79kh1waicV47BqGRL3g
201,Best Friend (feat. Doja Cat),0.00302,0.84,0.766,3.61e-06,0.0684,-4.12,1,0.136,94.018,4,0.402,136649414,Global,2etHQJxIbV0soyPhelVs9Y
202,Vibez,0.242,0.635,0.659,0.0285,0.105,-7.499,1,0.116,96.855,4,0.34,7636528,Global,709F3MwiVvLD0LQXeKs5Cz
203,Wasted On You,0.373,0.505,0.657,0.00107,0.126,-5.24,0,0.0318,196.0,3,0.252,23398205,Global,3cBsEDNhFI9E82vPj3kvi3
204,Somebody’s Problem,0.657,0.658,0.538,0.0,0.123,-7.676,1,0.0289,136.967,4,0.62,17989526,Global,42lqBjPYlmL1EXpMDXvhSN
205,"All I Want - From ""High School Musical: The Musical: The Series""",0.0902,0.376,0.43,0.0,0.0912,-6.585,0,0.0328,77.599,3,0.129,24365553,Global,4Yxc55NX3tAXC2mHRAhtcW
206,Sand In My Boots,0.59,0.403,0.537,0.0,0.112,-6.628,1,0.031,69.877,4,0.414,5446609,Global,0uRrG2jRR5tuifsYIJHEao
207,865,0.723,0.532,0.584,0.0,0.101,-5.254,1,0.0248,88.003,4,0.367,5160123,Global,0sKEilrw1GrBlG6qsTCrP4
208,7 Summers,0.417,0.466,0.786,6.1e-05,0.125,-5.13,1,0.0328,203.903,4,0.571,5064504,Global,4obHzpwGrjoTuZh2DItEMZ
209,Cry Baby (feat. DaBaby),0.00402,0.957,0.437,0.0,0.219,-7.882,1,0.359,130.058,4,0.616,14842473,Global,4aarlAfLKVCTxUDNgbwhjH
210,Streets,0.208,0.749,0.463,0.0371,0.337,-8.433,1,0.0828,90.028,4,0.19,227873226,Global,60ynsPSSKe6O3sfwRnIBRf
211,More Than My Hometown,0.615,0.62,0.869,0.0,0.131,-5.479,1,0.0462,126.019,4,0.597,4879971,Global,5OELUCYgOHKFAvCERnAvfS
212,Warning,0.46,0.633,0.664,0.0,0.108,-5.037,1,0.0294,115.058,4,0.268,4860714,Global,64SCQtbRtmO28ks1QhS3w5
213,No Te Enamores - Remix,0.573,0.824,0.837,1.66e-05,0.271,-4.603,1,0.107,100.021,4,0.58,106320233,Global,2mM3gZ0BbPwPPMelbA8vgt
214,Fly Away,0.217,0.806,0.513,0.0,0.217,-6.208,1,0.0685,124.988,4,0.503,34895809,Global,5ri4zqtWhG07hIuNNDWP76
215,"34+35 Remix (feat. Doja Cat, Megan Thee Stallion) - Remix",0.205,0.88,0.662,0.0,0.227,-5.766,1,0.304,109.988,4,0.726,35224702,Global,3jjBPF4NDMCU51psU8JPpR
216,Bad Boy (with Young Thug),0.00215,0.697,0.674,0.0,0.138,-6.326,1,0.0533,81.535,4,0.198,34161919,Global,43CIWpJaJHRcI4mUSjqgc2
217,Vibez,0.241,0.643,0.671,0.0178,0.12,-7.45,1,0.0842,96.924,4,0.297,20373713,Global,6T6D9CIrHkALcHPafDFA6L
218,SO DONE,0.232,0.719,0.598,0.0,0.115,-6.254,1,0.077,142.592,4,0.303,47559919,Global,2gqWRRCXnma9L8xQ1RdemQ
219,De Una Vez,0.211,0.666,0.452,0.000992,0.186,-7.096,0,0.265,163.694,4,0.0398,13382653,Global,0HC6S4VpCGAZvyxTdrMRIQ
220,Ohne Dich,0.191,0.807,0.535,0.0,0.125,-6.519,0,0.349,156.013,4,0.925,19487598,Global,4hSJUp6k7QeHLxU32MrLIU
221,Daisy,0.235,0.834,0.663,0.0,0.372,-6.143,1,0.133,121.876,4,0.774,18160202,Global,2g1KggY9PKvsoEAOaiz4xx
222,Goosebumps - Remix,0.418,0.841,0.593,0.0,0.124,-7.846,1,0.0379,124.917,4,0.808,149028128,Global,5uEYRdEIh9Bo4fpjDd4Na9
223,Chemtrails Over The Country Club,0.877,0.334,0.276,0.000249,0.113,-13.125,0,0.0643,201.025,3,0.429,5892021,Global,1PZDyestTVydtHpaIcfUJg
224,"Ele É Ele, Eu Sou Eu",0.23,0.758,0.763,1.33e-05,0.0703,-8.754,0,0.0768,163.946,4,0.854,80631023,Global,7EWXP47VlXKO3r7mNxuWHw
225,Can You Feel My Heart,0.00201,0.15,0.859,0.194,0.387,-2.827,0,0.0595,170.527,5,0.354,22049483,Global,0WSa1sucoNRcEeULlZVQXj
226,Astronaut In The Ocean,0.175,0.778,0.695,0.0,0.15,-6.865,0,0.0913,149.996,4,0.472,32662129,Global,3Ofmpyhv5UAQ70mENzB277
227,Don't Play,0.0889,0.695,0.784,0.0,0.0843,-6.564,0,0.0402,128.031,4,0.52,5119828,Global,4I5bvu2KDsrCg0EWHIcvul
228,Hasta Abajo,0.289,0.714,0.671,0.0,0.325,-5.119,1,0.362,169.732,4,0.641,75420545,Global,4PEfJZpVjdclfzZ9XO8uDw
229,Moonlight,0.556,0.921,0.537,0.00404,0.102,-5.723,0,0.0804,128.009,4,0.711,25378236,Global,0JP9xo3adEtGSdUEISiszL
230,Buss It,0.0593,0.956,0.502,0.0,0.238,-5.995,1,0.213,110.003,4,0.795,4915403,Global,78xj07VVFK5uHTaGPIu13S
231,Hope,0.661,0.592,0.457,0.000331,0.146,-6.081,0,0.0603,146.04,4,0.225,46642420,Global,2ZRo7axmMPeSVUvDbGkJah
232,Lo Vas A Olvidar (with ROSALÍA),0.721,0.343,0.243,0.00198,0.0668,-14.66,0,0.0777,135.154,4,0.032,30671166,Global,0psS4i5YooJrXfDnGvWRLi
233,Skin,0.428,0.557,0.457,0.0,0.0567,-5.372,1,0.0335,105.918,4,0.328,37080517,Global,03B2SfXuvDh1m9F4tqrX07
234,Ropa Cara,0.105,0.813,0.526,0.000661,0.11,-4.787,0,0.125,170.002,4,0.608,55066799,Global,7BIy3EGQhg98CsRdKYHnJC
235,Antes,0.046,0.817,0.737,1.57e-05,0.092,-5.453,0,0.102,93.985,4,0.67,47764329,Global,73O30uMI7n6DuzBmbtO7kC
236,Lifestyle (feat. Adam Levine),0.0209,0.749,0.674,0.0,0.169,-5.128,0,0.0366,123.055,4,0.711,16235994,Global,0osvOdeD3YXZiWkT8MKolJ
237,Los Dioses,0.076,0.762,0.61,0.000132,0.0744,-6.378,1,0.228,146.989,4,0.277,5929507,Global,7oHsIIDKbEJlFULg1HF0pP
238,Mds,0.261,0.885,0.561,0.0,0.121,-5.331,1,0.249,140.02,4,0.644,15646619,Global,0QglpM23kl9ldvVdoYNZwF
239,Remember That Night?,0.585,0.679,0.61,9.51e-05,0.156,-10.936,0,0.0305,123.978,4,0.554,25298097,Global,1nYzjrdVQ8RpF93M0jPFW7
240,Thinking out Loud,0.474,0.781,0.445,0.0,0.184,-6.061,1,0.0295,78.998,4,0.591,14763605,Global,1Slwb6dOYkBlWal1PGtnNg
241,Baila Conmigo (with Rauw Alejandro),0.0221,0.824,0.545,0.00375,0.097,-7.127,1,0.0699,149.912,4,0.683,89118775,Global,0D75ciM842cdUMKSMfAR9y
242,You (with Marshmello & Vance Joy),0.0493,0.668,0.563,0.0,0.119,-6.433,1,0.0522,103.116,4,0.305,12580090,Global,1GkHyypTFkUf0QQKwYoXH4
243,Esquema Preferido,0.256,0.669,0.812,0.0,0.0773,-4.597,1,0.11,159.934,4,0.917,53905743,Global,27X3qzgB0Show6qfw5wNOK
244,Agua de Jamaica,0.123,0.664,0.665,0.0,0.411,-3.616,1,0.0879,173.961,4,0.726,10333121,Global,41BzKiCrKpUQHS3TP0jmdr
245,Facas - Ao Vivo,0.615,0.443,0.509,0.0,0.472,-5.995,1,0.0536,160.984,4,0.69,66562955,Global,1ere9b9vDw2N3m9d4uiXxa
246,"Gravity (feat. Tyler, The Creator)",0.173,0.539,0.615,0.0056,0.144,-8.746,0,0.252,163.924,4,0.493,5136895,Global,6u3CPnFMKANYgfdiifFOiJ
247,Martin & Gina,0.345,0.832,0.534,0.0,0.165,-7.813,0,0.253,93.924,4,0.116,71822459,Global,1VLtjHwRWOVJiE5Py7JxoQ
248,Your Love (9PM),0.194,0.669,0.784,6.28e-06,0.115,-5.603,1,0.112,125.993,4,0.517,127774619,Global,5YaskwnGDZFDRipaqzbwQx
249,The Hills,0.0671,0.585,0.564,0.0,0.135,-7.063,0,0.0515,113.003,4,0.137,81945027,Global,7fBv7CLKzipRk6EC6TWHOB
250,Up,0.0012,0.868,0.795,0.0193,0.0461,-6.044,1,0.269,166.0,4,0.819,181613361,Global,1M4OcYkxAtu3ErzSgDEfoi
251,Starboy,0.141,0.679,0.587,6.35e-06,0.137,-7.015,1,0.276,186.003,4,0.486,49576647,Global,7MXVkk9YMctZqd1Srtv4MB
252,Arcade,0.827,0.453,0.35,0.00122,0.144,-11.639,0,0.0425,72.017,3,0.279,126509140,Global,1J14CdDAvBTE1AJYUOwl6C
253,I Feel It Coming,0.426,0.773,0.819,0.0,0.0679,-5.946,0,0.118,92.99,4,0.585,35256977,Global,5GXAXm5YOmYT0kL5jHvYBt
254,Floating Through Space,0.00172,0.575,0.844,0.0,0.114,-4.89,0,0.072,104.914,4,0.277,5579697,Global,2AceGjiX9isUbXmMZa0Dl1
255,Can't Feel My Face,0.113,0.705,0.769,0.0,0.105,-5.526,0,0.0425,107.949,4,0.583,5479407,Global,22VdIZQfgXJea34mQxlt81
256,Earned It (Fifty Shades Of Grey),0.405,0.659,0.291,0.0,0.0771,-8.275,0,0.0348,119.829,3,0.406,10262904,Global,4frLb7nWtsz2ymBE6k2GRP
257,Call Out My Name,0.17,0.461,0.593,0.0,0.307,-4.954,1,0.0356,134.17,3,0.175,5233359,Global,09mEdoA6zrmBPgTEN5qXmN
258,Pressure (feat. Tove Lo),0.659,0.859,0.558,0.324,0.124,-8.991,0,0.0902,114.978,4,0.357,5197587,Global,4ga4WvRNhMsIL38pkBbnIN
259,Just the Way You Are,0.0151,0.637,0.843,0.0,0.0876,-5.413,1,0.0432,109.012,4,0.434,61843913,Global,7BqBn9nzAq8spo5e7cZ0dJ
260,Heartless,0.0236,0.537,0.746,1.01e-06,0.156,-5.507,0,0.15,170.062,4,0.252,4995578,Global,6bnF93Rx87YqUBLSgjiMU8
261,Stressed Out,0.0462,0.734,0.637,2.29e-05,0.0602,-5.677,0,0.141,169.977,4,0.648,30178807,Global,3CRDbSIZ4r5MsZ0YwxuEkn
262,Riptide,0.431,0.484,0.731,0.0,0.151,-6.694,1,0.0379,101.654,4,0.51,57714153,Global,7yq4Qj7cqayVTp3FF9CWbm
263,Calling My Phone,0.451,0.907,0.393,1.35e-06,0.135,-7.636,0,0.0539,104.949,4,0.202,143268039,Global,5Kskr9LcNYa0tpt5f0ZEJx
264,Love Story (Taylor’s Version),0.135,0.626,0.79,3.97e-06,0.0989,-4.302,1,0.0311,119.082,4,0.416,32518830,Global,3CeCwYWvdfXbZLXFhBrbnf
265,Astronaut In The Ocean,0.175,0.778,0.695,0.0,0.15,-6.865,0,0.0913,149.996,4,0.472,252521759,Global,3VT8hOC5vuDXBsHrR53WFh
266,We're Good,0.0319,0.722,0.588,0.0,0.183,-5.932,1,0.0544,134.01,4,0.59,123590979,Global,1diS6nkxMQc3wwC4G1j0bh
267,Heartbreak Anniversary,0.524,0.449,0.465,1.02e-06,0.303,-8.964,1,0.0791,89.087,3,0.543,180670454,Global,3FAJ6O0NOHQV8Mc5Ri6ENp
268,LOCATION,0.0433,0.772,0.758,0.0,0.295,-3.891,1,0.0482,115.977,4,0.654,43287514,Global,5Km4r87BoX2qqtoprYS1gh
269,Ella No Es Tuya - Remix,0.39,0.585,0.611,0.0,0.649,-4.132,1,0.288,97.041,4,0.962,124189203,Global,5YYW3yRktprLRr47WK219Y
270,At My Worst,0.777,0.813,0.415,0.0,0.131,-5.926,1,0.0349,91.921,4,0.667,73777334,Global,2MJz8BxxMsERULatmBikDH
271,Wellerman - Sea Shanty / 220 KID x Billen Ted Remix,0.0441,0.722,0.893,0.000937,0.0673,-3.255,0,0.0475,119.932,4,0.439,110328956,Global,3iw6V4LH7yPj1ESORX9RIN
272,My Head & My Heart,0.0697,0.614,0.934,0.0,0.121,-3.709,0,0.07,116.001,4,0.436,83151742,Global,1KixkQVDUHggZMU9dUobgm
273,911,0.076,0.795,0.655,1.76e-06,0.296,-3.815,1,0.0422,93.029,4,0.744,72584050,Global,2TksvaRivgAEj780DgRB73
274,Photograph,0.607,0.614,0.379,0.000464,0.0986,-10.48,1,0.0476,107.989,4,0.201,15031755,Global,6fxVffaTuwjgEk5h9QyRjy
275,Counting Stars,0.0654,0.664,0.705,0.0,0.118,-4.972,0,0.0382,122.016,4,0.477,53274741,Global,2tpWsVSb9UEmDRxAl1zhX1
276,Wonderwall,0.000801,0.405,0.894,0.0,0.226,-4.336,1,0.0343,174.502,4,0.642,4902737,Global,1DadkoAI2gicYJfindPY20
277,Fiel,0.407,0.849,0.701,0.0,0.112,-4.407,0,0.06,98.005,4,0.505,133310670,Global,7Bk0uXKk1uPT0XuQbpFzvs
278,Whoopty,0.2,0.719,0.648,0.0,0.127,-7.6,0,0.125,140.201,4,0.66,109865428,Global,1t9WgS8FN0534tLBRwbaxO
279,telepatía,0.112,0.653,0.524,0.0,0.203,-9.016,0,0.0502,83.97,4,0.553,210889900,Global,6tDDoYIxWvMLTdKpjFkc1B
280,test drive,0.0251,0.698,0.708,0.0,0.124,-4.943,0,0.0454,115.036,4,0.322,17750658,Global,3eZYOQO4UzKrUDYDghtnFw
281,Friday (feat. Mufasa & Hypeman) - Dopamine Re-Edit,0.0076,0.824,0.862,0.000132,0.303,-3.424,1,0.126,122.98,4,0.801,125816762,Global,4cG7HUWYHBV6R6tHn1gxrl
282,SugarCrash!,0.53,0.745,0.74,7.37e-05,0.0936,-6.558,1,0.097,97.735,4,0.36,24195520,Global,3FxPbp05KjMBa4HbhAJTH0
283,"34+35 Remix (feat. Doja Cat, Megan Thee Stallion) - Remix",0.211,0.659,0.662,0.0,0.228,-5.768,1,0.434,109.957,4,0.704,6162453,Global,2sQH02O2HBCPJCztBrCWNa
284,Madonna,0.47,0.806,0.565,0.0,0.0824,-8.96,0,0.113,116.963,4,0.311,5936752,Global,0DAQryfUiFZdWFo76RYBc8
285,CLOUDS,0.371,0.793,0.65,0.0,0.854,-3.944,1,0.397,128.111,4,0.809,5897983,Global,5UMMPHPp6vRP6ghPpSUOzp
286,Tapão Na Raba,0.462,0.808,0.796,0.000269,0.155,-3.169,1,0.0305,128.048,4,0.799,57730637,Global,58pgi1RpcU2fVJsxhm7BIr
287,Back In Blood (feat. Lil Durk),0.151,0.759,0.538,0.0,0.126,-8.256,0,0.384,146.933,4,0.831,55657566,Global,7FGdjbZ32vMybPuP0IuE7d
288,Take on Me,0.018,0.573,0.902,0.00125,0.0928,-7.638,0,0.054,84.412,4,0.876,15078534,Global,2WfaOiMkCvy7F5fcp2zZ8L
289,Somebody That I Used To Know,0.548,0.865,0.521,0.000115,0.0989,-6.932,1,0.0371,129.059,4,0.748,51943905,Global,1qDrWA6lyx8cLECdZE7TV7
290,In the End,0.00958,0.556,0.864,0.0,0.209,-5.87,0,0.0584,105.143,4,0.4,15090260,Global,60a0Rd6pjrkxjPbaKzXjfq
291,motive (with Doja Cat),0.0681,0.789,0.742,0.0,0.166,-5.664,0,0.0652,116.965,4,0.661,4986037,Global,5GkQIP5mWPi4KZLLXeuFTT
292,AP - Music from the film Boogie,0.152,0.751,0.744,0.000568,0.252,-6.859,1,0.177,148.014,4,0.634,13487647,Global,17vGPZ5EsdvtgAOCD4FLWI
293,Only Wanna Be With You - Pokémon 25 Version,0.00124,0.47,0.709,0.00121,0.302,-4.563,1,0.0299,98.036,4,0.247,7464020,Global,3SawmGBjjq8EOYZJV11cJm
294,All We Got (feat. KIDDO),0.286,0.504,0.76,0.0,0.151,-4.246,1,0.0426,183.933,4,0.64,16649763,Global,1iAyJBksvAI6DQEnzv8l1E
295,Tú Me Dejaste De Querer,0.311,0.823,0.723,0.00315,0.0998,-4.778,0,0.229,83.97,4,0.505,5874460,Global,5ddFjrPG8NgQQ6xlOQIVd2
296,Fan de Tus Fotos,0.293,0.728,0.689,1.26e-05,0.109,-5.718,1,0.0725,170.089,4,0.431,42456454,Global,1mauYRwbpoGQX6itP2FAJC
297,Párteme La Cara,0.551,0.761,0.296,0.000492,0.134,-10.22,1,0.0484,127.938,4,0.579,5079580,Global,5gEUDNQvoQjdjklrwPdGwD
298,Mr. Brightside,0.00121,0.352,0.911,0.0,0.0995,-5.23,1,0.0747,148.033,4,0.236,26100779,Global,003vvx7Niy0yvhvHt4a68B
299,What Other People Say,0.158,0.652,0.472,0.0,0.121,-8.084,1,0.0399,126.904,4,0.24,15571498,Global,2h9TDNEXRhcDIV3fsoEVq9
300,What’s Next,0.0136,0.781,0.594,0.0,0.162,-6.959,0,0.0485,129.895,4,0.0628,100008878,Global,3aQem4jVGdhtg116TmJnHz
301,Leave The Door Open,0.182,0.586,0.616,0.0,0.0927,-7.964,1,0.0324,148.088,4,0.719,169672535,Global,7MAibcTli4IisCtbHKrGMh
302,Wants and Needs (feat. Lil Baby),0.0618,0.578,0.449,2.17e-06,0.119,-6.349,1,0.286,136.006,4,0.1,81117227,Global,65OVbaJR5O1RmwOQx0875b
303,Hold On,0.0106,0.658,0.634,0.0,0.132,-5.797,0,0.0413,139.98,4,0.29,39528460,Global,4u4NyuceXP7Uzh7XFJKCr1
304,Lemon Pepper Freestyle (feat. Rick Ross),0.103,0.77,0.637,0.0,0.171,-5.53,1,0.345,94.966,4,0.431,38173066,Global,4FRW5Nza1Ym91BGV4nFWXI
305,Selfish Love (with Selena Gomez),0.0206,0.723,0.646,0.352,0.0994,-7.973,0,0.102,110.971,4,0.443,15286326,Global,3XoflnowYPFRPOh3uFvHcm
306,Machu Picchu,0.397,0.788,0.789,0.0,0.226,-2.39,1,0.124,167.897,4,0.867,49743554,Global,6RV9pRLIQiXm3qTGeyQluf
307,Además de Mí - Remix,0.0396,0.397,0.613,0.0,0.192,-5.077,1,0.0549,78.4,4,0.405,32429756,Global,7I8L3vYCLThw2FDrE6LuzE
308,Ropa Cara,0.124,0.813,0.549,0.000708,0.0987,-3.691,0,0.0991,169.947,4,0.646,18501867,Global,2zY1iTaEgs8ROkkWtWLe7l
309,BEBÉ,0.476,0.862,0.72,0.0,0.0543,-4.155,1,0.0361,129.993,4,0.967,28949391,Global,3Zf4GutWZ7Hv3wsVQsSQPs
310,Vida de Rico,0.18,0.808,0.497,0.0,0.0642,-4.008,1,0.0453,87.987,4,0.962,17256180,Global,4nTduFjaTmGysc9WKNuCcs
311,ZITTI E BUONI,0.0014,0.62,0.944,0.0,0.733,-3.082,0,0.0863,103.024,4,0.592,5604894,Global,1lWWoec2z1j88GRblI5anV
312,Beautiful Mistakes (feat. Megan Thee Stallion),0.0377,0.713,0.676,0.0,0.154,-5.483,1,0.027,99.048,4,0.721,67500277,Global,6fRxMU4LWwyaSSowV441IU
313,VOCE,0.105,0.615,0.834,0.0,0.157,-5.471,1,0.0667,112.602,4,0.341,5510906,Global,1eIS75JS5rfbJpSu6ZC9EO
314,Life's A Mess II (with Clever & Post Malone),0.806,0.53,0.37,0.0,0.112,-9.989,1,0.0279,140.061,4,0.701,5393459,Global,4O3RwH1TFG1EjPezLIYehI
315,CHIAMAMI PER NOME,0.289,0.641,0.636,0.0,0.125,-4.318,1,0.0414,89.826,4,0.285,5321946,Global,0ZqHo6eTBHUcOVjZzPvftT
316,Mona Lisa,0.683,0.784,0.529,0.0,0.118,-7.681,0,0.0742,134.041,4,0.246,5208787,Global,5LYRIyhmlrDAQsYdHEvP0f
317,Stereo Hearts (feat. Adam Levine),0.0319,0.646,0.795,0.0,0.267,-3.293,1,0.0976,89.99,4,0.796,38503462,Global,0qOnSQQF0yzuPWsXrQ9paz
318,Real As It Gets (feat. EST Gee),0.00471,0.779,0.705,0.0,0.0971,-5.891,0,0.163,140.005,4,0.196,5170861,Global,7eX3um6NpOQKWJMGCi97XD
319,PROBLEMA,0.0613,0.773,0.8,0.00403,0.0327,-3.17,0,0.0987,89.988,4,0.842,40455395,Global,2dl5K2ScW7jYhAhuem06cm
320,Devil Eyes,0.702,0.391,0.396,0.405,0.315,-8.621,0,0.189,99.112,5,0.199,15486045,Global,7MiZjKawmXTsTNePyTfPyL
321,Another One Bites The Dust - Remastered 2011,0.112,0.933,0.528,0.312,0.163,-6.472,0,0.161,109.967,4,0.754,38545632,Global,5vdp5UmvTsnMEMESIF2Ym7
322,On The Ground,0.0174,0.311,0.607,0.0,0.131,-6.578,1,0.11,188.7,4,0.286,69136536,Global,2pn8dNVSpYnAtlKFC8Q0DJ
323,Baila Conmigo (with Rauw Alejandro),0.0215,0.823,0.544,0.00315,0.0966,-7.132,1,0.0715,149.903,4,0.664,74557745,Global,079Ey5uxL04AKPQgVQwx5h
324,Gone,0.594,0.647,0.377,0.0,0.0768,-6.003,1,0.0375,79.936,4,0.653,31538261,Global,2dHoVW9AxJVSRebPRyV2aA
325,SugarCrash!,0.524,0.748,0.734,1.15e-05,0.0975,-6.499,1,0.124,97.753,4,0.368,49898652,Global,2ePtv8MlBO9nuuXABqAfEX
326,Batom de Cereja - Ao Vivo,0.556,0.606,0.908,0.0,0.19,-6.201,0,0.0565,171.966,4,0.798,53222127,Global,2MZQAvsA7aZDssppBLRxYp
327,Follow You,0.00209,0.542,0.732,7.92e-05,0.496,-5.956,1,0.0521,124.912,4,0.489,42367719,Global,7FdUvDkaE24o3FPIWTvzv2
328,Cupid's Chokehold / Breakfast in America,0.237,0.72,0.744,0.0,0.255,-6.938,0,0.12,78.953,4,0.619,42953097,Global,2Lhdl74nwwVGOE2Gv35QuK
329,Dámelo To’ (feat. Myke Towers),0.101,0.787,0.641,0.00534,0.07,-7.376,1,0.315,182.003,4,0.437,6426522,Global,36CiGk9oRdwTnBDMgKEfjl
330,Patience (feat. YUNGBLUD & Polo G),0.00251,0.616,0.741,0.0,0.307,-4.272,0,0.0426,122.012,4,0.431,6155698,Global,5J5CpT6bgE6KYKk23jgp9W
331,"L-Gante: Bzrp Music Sessions, Vol.38",0.368,0.553,0.819,1.36e-05,0.0915,-3.083,1,0.257,87.913,4,0.761,35276004,Global,1Crj1zkRMpsEjb9NOR6Zof
332,Travesuras - Remix,0.0513,0.739,0.788,0.0,0.282,-5.198,1,0.0731,175.996,4,0.473,38984422,Global,0VWLId2RwPCno9s1cJm2Vy
333,DAYWALKER! (feat. CORPSE),0.00558,0.632,0.922,1.81e-05,0.0927,-2.173,1,0.0794,88.972,4,0.497,5439646,Global,2NnJpRXIlx35Vij3bPZO0h
334,BED,0.0142,0.671,0.782,0.00221,0.333,-4.593,1,0.0341,123.989,4,0.618,45573791,Global,0siYMEsGrzzzlWLXK5zJfS
335,Coração Na Cama - Ao Vivo,0.663,0.764,0.794,0.0,0.34,-4.096,1,0.0589,110.013,4,0.721,15599730,Global,2nZj5YymF54qhAu7RneVP6
336,To the Bone,0.514,0.668,0.727,1.9e-05,0.1,-6.55,0,0.027,139.991,4,0.939,5052557,Global,3pCt2wRdBDa2kCisIdHWgF
337,LOST,0.352,0.637,0.912,0.0,0.0657,-3.123,1,0.308,116.919,4,0.451,5013851,Global,2MZrOmrVxRmmOoFW6dhenG
338,Peaches (feat. Daniel Caesar & Giveon),0.321,0.677,0.696,0.0,0.42,-6.181,1,0.119,90.03,4,0.464,243171205,Global,4iJyoBOLtHqaGxP12qzhQI
339,Hold On,0.0104,0.658,0.634,0.0,0.12,-6.068,0,0.0431,140.002,4,0.302,107344340,Global,1nahzW3kfMuwReTka28tH5
340,As I Am (feat. Khalid),0.127,0.595,0.543,0.0,0.0975,-8.149,1,0.038,99.928,4,0.109,62992919,Global,6F2r4HgpJnvKDmkN6JEN6J
341,Anyone,0.185,0.685,0.521,3.59e-06,0.111,-8.285,1,0.0345,115.885,4,0.578,65666544,Global,2WnAKZefdRHxtBEkRjFOHC
342,Holy (feat. Chance The Rapper),0.2,0.67,0.693,0.0,0.0909,-8.34,1,0.35,87.017,4,0.388,56113839,Global,6Xgq7MvZiet0hVi3KaDSgJ
343,Lonely (with benny blanco),0.9,0.619,0.241,0.0,0.116,-7.102,0,0.046,79.461,4,0.0719,47153699,Global,3S8jK1mGzQi24ilFb45DAZ
344,Unstable (feat. The Kid LAROI),0.737,0.495,0.333,0.0,0.112,-10.109,0,0.0288,99.757,4,0.37,25976899,Global,137mSruegm1u6x9NvwiagR
345,Off My Face,0.92,0.509,0.228,0.0,0.104,-8.68,1,0.0332,90.674,4,0.586,24450148,Global,3T03rPwlL8NVk1yIaxeD8U
346,2 Much,0.593,0.583,0.444,0.0,0.353,-8.601,1,0.0456,119.59,4,0.167,17474637,Global,0oaY19dUwZimIgzn3ZZLZO
347,Deserve You,0.0314,0.677,0.633,0.0,0.112,-7.831,1,0.0771,89.934,4,0.409,17232145,Global,5NU40QTlXrDUJzDBdv79bg
348,Ghost,0.185,0.601,0.741,2.91e-05,0.415,-5.569,1,0.0478,153.96,4,0.441,23638497,Global,6I3mqTwhRpn34SLVafSH7G
349,Die For You (feat. Dominic Fike),0.00196,0.728,0.629,1.94e-06,0.0847,-6.629,1,0.0318,135.031,4,0.71,15491221,Global,7aely3H8kMj9o0gt6vXHE1
350,Love You Different (feat. BEAM),0.0652,0.759,0.584,1.59e-06,0.16,-6.655,1,0.06,127.138,4,0.374,10024729,Global,27UcQ6dAvQrgH9C880rCM3
351,Loved By You (feat. Burna Boy),0.0696,0.79,0.724,2.33e-06,0.113,-6.972,1,0.0852,101.04,4,0.642,15318151,Global,2tB9OFgAHjAds3cqquLlvp
352,Somebody,0.000284,0.551,0.756,9.48e-05,0.118,-7.679,1,0.045,75.991,4,0.359,8912458,Global,3buwFfY33H32wfZ6X9poV3
353,Headshot (feat. Polo G & Fivio Foreign),0.0758,0.809,0.638,0.0,0.15,-7.268,0,0.257,117.982,4,0.392,16068805,Global,6cQ08IpBxxfGcSKxqE3NmB
354,Tu Veneno,0.0625,0.664,0.659,0.00024,0.0874,-4.232,0,0.0873,175.826,4,0.797,12004231,Global,5KFHrrBMyGj5MhVbZMM3ts
355,White Dress,0.926,0.493,0.263,0.0,0.0879,-12.805,1,0.0351,122.792,4,0.158,5796978,Global,4Hl9rOqYomojCmxYfr25im
356,Chemtrails Over The Country Club,0.877,0.334,0.276,0.000249,0.113,-13.125,0,0.0643,201.025,3,0.429,5418816,Global,7bPWdJgx8vek7S5i5yAtvG
357,Talking to the Moon,0.512,0.523,0.606,0.0,0.106,-4.754,0,0.0301,145.837,4,0.065,36728062,Global,161DnLWsx1i3u1JT05lzqU
358,Payphone,0.0188,0.743,0.752,0.0,0.287,-4.813,1,0.0414,110.015,4,0.545,15432150,Global,1XGmzt0PVuFgQYYnV2It7A
359,MONTERO (Call Me By Your Name),0.297,0.61,0.508,0.0,0.384,-6.682,0,0.152,178.818,4,0.758,85507927,Global,3BZEcbdtXQSo7OrvKRJ6mb
360,Mood (feat. iann dior),0.174,0.701,0.716,0.0,0.324,-3.671,0,0.0361,91.007,4,0.732,59866002,Global,4jPy3l0RUwlUI9T5XHBW2m
361,BICHOTA,0.204,0.864,0.658,0.000626,0.105,-4.105,0,0.154,163.922,4,0.865,35278951,Global,1WvrDdouh6C51In1SdATbq
362,You All Over Me (feat. Maren Morris) (Taylor’s Version) (From The Vault),0.818,0.589,0.496,0.0,0.101,-7.606,1,0.0377,142.731,4,0.44,16213911,Global,5pcjystBtalYeqaiXCcgEY
363,LOCATION,0.0487,0.771,0.765,0.0,0.313,-3.887,0,0.0508,115.984,4,0.66,24960953,Global,478g4LSkyMB1PMkVOVmIaE
364,EL MAKINON,0.256,0.635,0.706,0.0,0.108,-3.224,0,0.125,88.863,4,0.443,32714541,Global,2FSGUA0gFgGeQdprjtGM2M
365,Richer (feat. Polo G),0.438,0.726,0.411,0.0,0.087,-12.929,1,0.0671,137.905,3,0.734,6292362,Global,7HsjuVBM93Z2RoxjpWLgTT
366,Cloud 9,0.00167,0.637,0.929,2.62e-05,0.344,-3.593,1,0.0491,80.974,4,0.902,26519161,Global,6vFsBXYczYsP0H3lgunZOm
367,Runaway,0.629,0.422,0.302,7.83e-05,0.104,-9.214,1,0.0372,114.089,4,0.123,42501414,Global,1v1oIWf2Xgh54kIWuKsDf6
368,Wasted Love (feat. Lagique),0.0821,0.734,0.855,4.73e-06,0.0901,-4.578,0,0.135,121.955,4,0.54,24188357,Global,2pPO9YecZimmuVQfIzfV6U
369,Disco Arranhado - Funk Remix,0.551,0.747,0.725,0.0,0.0626,-2.564,0,0.363,129.96,4,0.904,26940497,Global,2Gjt4rUHBUH0rMKpBg0hF4
370,Cover Me In Sunshine,0.0599,0.476,0.594,0.0,0.0785,-6.879,1,0.135,159.702,4,0.314,26203748,Global,6Tio0ZoDeSQnI7EBAqWer2
371,Tusa,0.309,0.799,0.701,7.36e-05,0.0514,-3.272,1,0.282,100.946,4,0.607,5510113,Global,0dKg2vGC1hFqcK5LGTaKzX
372,Girls Like Us,0.288,0.444,0.648,0.0,0.059,-4.955,1,0.0476,125.706,5,0.171,5410730,Global,5SFXOMJJ334Wn2PwBHeRZN
373,Explícito,0.348,0.828,0.83,1.6e-05,0.0613,-3.371,1,0.047,95.007,4,0.422,5349009,Global,6qraVL4IJaIj0IuEexYJNa
374,Can't Hold Us - feat. Ray Dalton,0.0291,0.641,0.922,0.0,0.0862,-4.457,1,0.0786,146.078,4,0.847,20767334,Global,3bidbhpOYeV4knp8AIu8Xn
375,The Nights,0.0166,0.527,0.835,0.0,0.249,-5.298,1,0.0433,125.983,4,0.654,21349623,Global,0ct6r3EGTcMLPtrXHDvVjc
376,deja vu,0.593,0.439,0.61,1.07e-05,0.341,-7.236,1,0.116,181.088,4,0.172,67470307,Global,61KpQadow081I2AsbeLcsb
377,Calling My Phone,0.451,0.907,0.393,1.35e-06,0.135,-7.636,0,0.0539,104.949,4,0.202,45169684,Global,3J8EOeKLTLXORtWPpOU5bE
378,Film out,0.296,0.499,0.709,0.0,0.331,-6.404,1,0.134,164.032,4,0.314,26845461,Global,3UHPGOkUcE4hE7sqBF4Snt
379,Met Him Last Night (feat. Ariana Grande),0.22,0.538,0.512,0.0,0.101,-4.548,0,0.0262,144.978,4,0.12,31084601,Global,4yyX2Iu4xJjW9xMvBZKSBi
380,Headshot (feat. Polo G & Fivio Foreign),0.0802,0.808,0.639,0.0,0.15,-7.266,0,0.279,118.0,4,0.395,23725917,Global,4eNOLmx8r2IJAVKvBBL1jv
381,Run It Up (feat. Offset & Moneybagg Yo),0.415,0.88,0.575,0.0,0.109,-6.091,1,0.163,120.031,4,0.671,18239268,Global,1dg3qy5DjoJodawfOCgrTP
382,Slumber Party (feat. Princess Nokia),0.00151,0.964,0.398,3.95e-05,0.101,-8.981,0,0.0795,105.012,4,0.563,19744347,Global,11ZulcYY4lowvcQm4oe3VJ
383,Dancing With The Devil,0.273,0.413,0.64,0.0,0.11,-5.811,1,0.0427,75.245,4,0.149,5836326,Global,0VQ3GSPdl4njPOr3lyaoaD
384,WACHA,0.345,0.737,0.634,0.0,0.111,-4.25,0,0.0424,94.927,4,0.528,10644801,Global,5RmSunLqeDqNWww8LWhAiK
385,Mr. Perfectly Fine (Taylor’s Version) (From The Vault),0.167,0.661,0.819,0.0,0.0647,-6.269,0,0.0519,135.937,4,0.724,5184828,Global,7l2tmgUhV7Y2aJHjiszifg
386,Esquema Preferido (feat. Tarcísio do Acordeon),0.242,0.676,0.823,0.0,0.0773,-4.386,1,0.102,160.013,4,0.907,5078174,Global,7cgF1aSGBXWlTgNbon3g2p
387,Bubblegum Bitch,0.000219,0.495,0.856,0.0,0.103,-5.123,0,0.0311,158.024,4,0.609,15683696,Global,1yOL7ZiXGx5ULeLoktAUAg
388,MONTERO (Call Me By Your Name),0.297,0.61,0.508,0.0,0.384,-6.682,0,0.152,178.818,4,0.758,107289920,Global,67BtfxlNbhBmCDR2L2l8qd
389,RAPSTAR,0.41,0.789,0.536,0.0,0.129,-6.862,1,0.242,81.039,4,0.437,62424369,Global,43PGPuHIlVOc04jrZVh9L6
390,Kiss Me More (feat. SZA),0.235,0.762,0.701,0.000158,0.123,-3.541,1,0.0286,110.968,4,0.742,50068342,Global,748mdHapucXQri7IAO8yFK
391,Mr. Perfectly Fine (Taylor’s Version) (From The Vault),0.162,0.66,0.817,0.0,0.0667,-6.269,0,0.0521,135.942,4,0.714,25041666,Global,2CYVETnhM9aytqrazYYwrK
392,911,0.076,0.795,0.655,1.76e-06,0.296,-3.815,1,0.0422,93.029,4,0.744,25483766,Global,2p2Q23iaaPSEa1tI6TsCVX
393,Love Story (Taylor’s Version),0.13,0.627,0.792,3.97e-06,0.0845,-4.311,1,0.031,119.054,4,0.415,18229904,Global,6YvqWjhGD8mB5QXcbcUKtx
394,You Belong With Me (Taylor’s Version),0.0623,0.632,0.773,0.0,0.0885,-4.856,1,0.0346,130.033,4,0.474,9872084,Global,1qrpoAMXodY6895hGKoUpA
395,Shy Away,0.000818,0.588,0.856,0.0739,0.238,-5.242,0,0.0316,96.966,4,0.635,15839488,Global,2z0IupRlVRlDN5r2IVqHyN
396,Fearless (Taylor’s Version),0.0122,0.569,0.741,0.0,0.333,-4.963,1,0.0282,100.118,4,0.43,9676024,Global,77sMIMlNaSURUAXq5coCxE
397,Otra Noche Sin Ti,0.0751,0.503,0.548,0.000234,0.145,-7.564,0,0.164,94.036,4,0.441,16232000,Global,2CdTLdDjwZdVcm0bresVWx
398,X Gon' Give It To Ya,0.0135,0.761,0.899,0.0,0.0719,-3.09,0,0.183,95.027,4,0.673,8638360,Global,1zzxoZVylsna2BQB65Ppcb
399,Fifteen (Taylor’s Version),0.116,0.559,0.646,0.0,0.32,-4.61,1,0.0272,95.466,4,0.289,7852063,Global,2nqio0SfWg6gh2eCtfuMa5
400,Am,0.399,0.83,0.517,8.95e-05,0.0916,-6.416,0,0.333,171.959,4,0.616,19679037,Global,2dNhNlpZAtV4lwAFW45LIv
401,The Way I Loved You (Taylor’s Version),0.0033,0.402,0.732,0.0,0.108,-4.665,1,0.0484,161.032,4,0.472,7736262,Global,22bPsP2jCgbLUvh82U0Z3M
402,You All Over Me (feat. Maren Morris) (Taylor’s Version) (From The Vault),0.816,0.599,0.494,0.0,0.101,-7.61,1,0.0372,142.893,4,0.44,7712896,Global,4CHpVfAhuxNJ3ibExe6kxO
403,Hey Stephen (Taylor’s Version),0.106,0.788,0.571,0.0,0.0934,-6.135,1,0.0296,115.99,4,0.797,7385864,Global,550erGcdD9n6PnwxrvYqZT
404,White Horse (Taylor’s Version),0.369,0.423,0.517,0.0,0.177,-7.377,1,0.0486,185.262,4,0.366,7039222,Global,5YL553x8sHderRBDlm3NM3
405,Forever & Always (Taylor’s Version),0.0231,0.598,0.821,0.0,0.143,-4.433,1,0.0447,128.03,4,0.673,6566059,Global,1msEuwSBneBKpVCZQcFTsU
406,Another Love,0.717,0.442,0.538,2.95e-05,0.09,-8.55,0,0.0451,122.758,4,0.139,13913885,Global,7jtQIBanIiJOMS6RyCx6jZ
407,Breathe (feat. Colbie Caillat) (Taylor’s Version),0.156,0.506,0.626,0.0,0.228,-6.066,1,0.0287,148.035,4,0.321,6508683,Global,7HC7R2D8WjXVcUHJyEGjRs
408,La Nota,0.18,0.736,0.632,0.0,0.349,-4.939,0,0.0648,92.03,4,0.503,12782482,Global,5VzNsUnLmYcRfRfxpQsusa
409,Ruff Ryders' Anthem,0.0564,0.88,0.577,1.02e-06,0.201,-8.093,0,0.302,90.991,4,0.74,5988511,Global,1BKT2I9x4RGKaKqW4up34s
410,That’s When (feat. Keith Urban) (Taylor’s Version) (From The Vault),0.225,0.588,0.608,0.0,0.092,-7.062,1,0.0365,90.201,4,0.508,5889939,Global,7eResoqEJJAVTkQYSqvO3P
411,Tell Me Why (Taylor’s Version),0.0222,0.578,0.909,0.0,0.333,-3.669,1,0.0628,100.023,4,0.541,5885151,Global,0k0vFacOHNuArLWMiH60p7
412,You’re Not Sorry (Taylor’s Version),0.0538,0.506,0.444,0.0,0.123,-4.99,1,0.0285,133.873,4,0.241,5860405,Global,6iiAfo4wTA2CVC3Uwx9uh8
413,Levitating,0.0561,0.695,0.884,0.0,0.213,-2.278,0,0.0753,103.014,4,0.914,12132782,Global,39LLxExYz6ewLAcYrzQQyP
414,Don’t You (Taylor’s Version) (From The Vault),0.514,0.563,0.473,1.2e-05,0.109,-11.548,1,0.0503,101.934,4,0.405,5197564,Global,4uuEGH5SVuzkkSFjo2DEiY
415,We Were Happy (Taylor’s Version) (From The Vault),0.849,0.609,0.373,0.0,0.0779,-8.819,1,0.0263,106.007,4,0.13,5189423,Global,34V9RiEPe8MNdU32qJsJa1
416,Solid (feat. Drake),0.0392,0.887,0.485,0.0,0.141,-9.358,0,0.2,125.987,4,0.328,13132162,Global,6rTInqW3YECMkQsBEHw4sd
417,Ski,0.017,0.953,0.621,0.0,0.0398,-7.638,0,0.221,123.016,4,0.883,7753784,Global,6755DFiZ7CWe2WMdTGW5C1
418,Diamonds Dancing (feat. Travis Scott),0.00949,0.851,0.703,2.57e-05,0.0895,-7.351,0,0.303,74.017,4,0.596,7515766,Global,7uZqvqXzzYMKrexKxdcGmd
419,Liberdade (Quando o Grave Bate Forte),0.0254,0.81,0.789,1.85e-06,0.104,-4.032,1,0.0498,129.988,4,0.432,6604980,Global,2QLbRVzixE282JSQjBz2DG
420,You,0.0592,0.691,0.695,0.0,0.0647,-5.6,1,0.0367,106.064,4,0.514,6243660,Global,2cc8Sw1OnCuA5bV8nqWqpE
421,Pareja Del Año,0.163,0.715,0.622,0.0,0.0948,-5.102,0,0.046,80.015,4,0.808,5945366,Global,2rCbl9naJYhaxjLsfx88uM
422,"Volta Bebê, Volta Neném",0.288,0.583,0.918,0.0,0.0701,-3.612,1,0.0518,164.081,4,0.836,5536345,Global,4wQUopWk9Ed7Ng5qpKN5qd
423,Aloha,0.532,0.807,0.712,2.37e-05,0.163,-5.757,1,0.1,100.004,4,0.792,5441155,Global,5RAIMjdrCEjpjaR5tBATXU
424,Body,0.389,0.889,0.705,1.04e-05,0.0692,-8.683,0,0.392,141.069,4,0.815,5341112,Global,3CVb6hkMrlF7eHhXi5B3PZ
425,Quero Ver é Me Esquecer (feat. Jorge) - Ao Vivo,0.302,0.593,0.932,0.0,0.133,-2.324,1,0.0526,171.977,4,0.913,5159208,Global,2SUPbyD77tJuOUbqbxct6l
426,The Real Slim Shady,0.0302,0.949,0.661,0.0,0.0454,-4.244,0,0.0572,104.504,4,0.76,5104744,Global,3yfqSUWxFvZELEM4PmlwIR
427,LA CANCIÓN,0.152,0.754,0.646,1.85e-05,0.108,-5.795,1,0.317,176.089,4,0.429,4959754,Global,0fea68AdmYNygeTGI4RC18
