,name,acousticness,danceability,energy,instrumentalness,liveness,loudness,mode,speechiness,tempo,time_signature,valence,streams,country,id
0,Nu Wij Niet Meer Praten,0.572,0.64,0.557,0.0,0.0934,-4.747,1,0.0253,105.992,4,0.331,15307736,Netherland,13UfB1tm7QYrhtW8FhPYmW
1,Head & Heart (feat. MNEK),0.168,0.734,0.874,1.14e-05,0.0489,-3.158,1,0.0662,122.953,4,0.905,11031393,Netherland,6cx06DFPPHchuUAcTxznu9
2,Mood (feat. iann dior),0.221,0.7,0.722,0.0,0.272,-3.558,0,0.0369,90.989,4,0.756,8124423,Netherland,3tjFYV6RSFtuktYl3ZtYcq
3,Roller Coaster,0.563,0.43,0.376,0.00629,0.123,-10.064,1,0.0274,97.097,4,0.272,7986689,Netherland,1z2HAz6JcwfGHKMSgKEA3D
4,Love Not War (The Tampa Beat),0.105,0.738,0.85,0.0,0.23,-3.049,1,0.0642,98.013,4,0.865,12411281,Netherland,4Lt6GXGzYsa1tgkv3nGSTm
5,Head Shoulders Knees & Toes (feat. Norma Jean Martine),0.0247,0.798,0.828,2.55e-06,0.121,-5.36,1,0.193,124.962,4,0.6,8605388,Netherland,6i7zAdNhzUN2k1HcrBxPHG
6,Anyone,0.181,0.686,0.538,3.13e-06,0.113,-8.026,1,0.0345,115.884,4,0.584,8910203,Netherland,31qCy5ZaophVA81wtlwLc4
7,Door De Wind,0.705,0.579,0.0945,4.27e-06,0.0817,-18.377,1,0.0396,123.994,4,0.353,9058415,Netherland,3h7NZT1CATbn4GqUs51vwf
8,Lonely (with benny blanco),0.864,0.631,0.239,0.0,0.116,-7.071,0,0.0398,79.859,4,0.0927,5944424,Netherland,4y4spB9m0Q6026KfkAvy9Q
9,you broke me first,0.785,0.667,0.373,0.0,0.0906,-9.389,1,0.05,124.148,4,0.0823,8853777,Netherland,45bE4HXI0AwGZXfZtMp8JR
10,Whoopty,0.2,0.719,0.648,0.0,0.127,-7.6,0,0.125,140.201,4,0.66,4287075,Netherland,5vGLcdRuSbUhD8ScwsGSdA
11,WITHOUT YOU,0.213,0.662,0.413,0.0,0.134,-7.357,1,0.0299,93.005,4,0.467,16127910,Netherland,27OeeYzk6klgBh83TSvGMA
12,positions,0.468,0.737,0.802,0.0,0.0931,-4.771,1,0.0878,144.015,4,0.682,5786555,Netherland,35mvY5S1H3J2QZyna3TFe0
13,In De Schuur,0.124,0.776,0.686,0.0,0.123,-6.932,1,0.0458,139.969,4,0.88,6713550,Netherland,0NuAnAqjZjuGtcWXJOxUyl
14,"Lemonade (feat. Gunna, Don Toliver & NAV)",0.25,0.8,0.658,0.0,0.111,-6.142,0,0.079,140.042,4,0.462,6533516,Netherland,7hxHWCCAIIxFLCzvDgnQHX
15,Monster (Shawn Mendes & Justin Bieber),0.0593,0.64,0.392,0.0,0.0839,-7.246,0,0.0574,145.838,4,0.502,4954043,Netherland,1HbA4N1MiOsPthALesGFR1
16,Goosebumps,0.325,0.767,0.659,0.0,0.13,-7.429,1,0.0444,124.946,4,0.439,9856651,Netherland,20McUFi8KCIVdNDLrkTDuZ
17,Paradise (feat. Dermot Kennedy),0.0689,0.632,0.595,0.0,0.209,-7.644,0,0.0401,124.114,4,0.435,11379080,Netherland,6ft4hAq6yde8jPZY2i5zLr
18,Prisoner (feat. Dua Lipa),0.0103,0.781,0.67,0.0,0.0761,-3.912,0,0.0452,127.99,4,0.595,6742089,Netherland,2Oycxb8QbPkpHTo8ZrmG0B
19,All We Got (feat. KIDDO),0.286,0.504,0.76,0.0,0.151,-4.246,1,0.0426,183.933,4,0.64,6480181,Netherland,1FP9s72rDYty6mfoOEYKnE
20,Blinding Lights,0.00146,0.514,0.73,9.54e-05,0.0897,-5.934,1,0.0598,171.005,4,0.334,7270244,Netherland,0VjIjW4GlUZAMYd2vXMi3b
21,De Overkant,0.116,0.628,0.57,0.0,0.0861,-6.693,1,0.084,79.071,4,0.822,7286777,Netherland,4afGO0WTInDhK2C3dolz8z
22,Afterglow,0.698,0.641,0.324,0.0,0.328,-5.851,1,0.0299,110.184,4,0.273,8569247,Netherland,0E4Y1XIbs8GrAT1YqVy6dq
23,Holy (feat. Chance The Rapper),0.196,0.673,0.704,0.0,0.0898,-8.056,1,0.36,86.919,4,0.372,3764640,Netherland,5u1n1kITHCxxp8twBcZxWy
24,Someone To You,0.00517,0.52,0.903,0.0,0.254,-5.497,1,0.042,74.988,4,0.652,4997976,Netherland,2f0pn9DkEJwAzXApnFh5cr
25,Hosselaar,0.134,0.75,0.691,0.0,0.105,-6.353,0,0.262,92.992,4,0.901,1473511,Netherland,59lXgff02zcRqUyvioPUBo
26,Take You Dancing,0.0332,0.789,0.711,0.0,0.0876,-4.248,1,0.041,112.985,4,0.753,4802323,Netherland,59qrUpoplZxbIZxk6X0Bm3
27,Levitating (feat. DaBaby),0.00883,0.702,0.825,0.0,0.0674,-3.787,0,0.0601,102.977,4,0.915,6710794,Netherland,5nujrmhLynf4yMoMtj8AQF
28,Als Ik Je Niet Zie,0.408,0.718,0.581,0.0,0.141,-9.203,0,0.24,77.574,4,0.409,6769062,Netherland,3WPORcLSNGsSUsIJejEFpJ
29,Neckless,0.000614,0.819,0.611,0.144,0.0911,-8.323,0,0.407,209.975,4,0.346,2355978,Netherland,7FRl5RHaLNpgDZATpXN5DP
30,Far Away From Home (feat. Leony),0.58,0.595,0.752,0.0,0.105,-5.232,1,0.097,199.971,4,0.758,5174304,Netherland,0Y9qJSwdV2LvPnFmAbNIc8
31,Wonder,0.136,0.442,0.631,2.29e-05,0.133,-5.096,0,0.05,139.774,4,0.129,2823235,Netherland,6ZuahEctZD6w75peme58hm
32,Dansen Aan De Gracht,0.202,0.42,0.744,0.000379,0.0855,-5.745,0,0.316,198.593,4,0.683,5312195,Netherland,294vYKqEypCShc8VjoPW3i
33,Therefore I Am,0.218,0.889,0.34,0.13,0.055,-7.773,0,0.0697,94.009,4,0.716,2747009,Netherland,54bFM56PmE4YLRnqpW6Tha
34,HOLIDAY,0.12,0.81,0.511,0.0,0.0832,-6.924,0,0.164,151.947,4,0.837,2763582,Netherland,6zFMeegAMYQo0mt8rXtrli
35,Soldier On,0.84,0.353,0.443,0.0,0.105,-7.561,1,0.0284,179.954,4,0.225,4941322,Netherland,5U9iJk3ONTlZCSJrokOP1i
36,Más Más Más,0.0954,0.762,0.809,0.0,0.291,-6.155,1,0.0658,119.944,4,0.367,5407803,Netherland,32Q0JiYuVr2mcxfRIPyEBS
37,Hawái - Remix,0.105,0.766,0.788,5.81e-06,0.142,-3.128,0,0.312,179.984,4,0.609,6937061,Netherland,0GzuHFG4Ql6DoyxFRnIk3F
38,Latest,0.435,0.553,0.802,0.0,0.0579,-3.879,1,0.502,170.386,5,0.761,1825651,Netherland,7f2LEP5uzjthfksVHQpk0k
39,Train Wreck,0.701,0.311,0.485,0.0,0.0726,-5.726,0,0.0365,77.355,4,0.225,4524535,Netherland,55Am8neGJkdj2ADaM3aw5H
40,What You Know Bout Love,0.65,0.709,0.548,1.59e-06,0.133,-8.493,1,0.353,83.995,4,0.543,4424407,Netherland,1tkg4EHVoqnhR6iFEXb60y
41,34+35,0.237,0.83,0.585,0.0,0.248,-6.476,1,0.094,109.978,4,0.485,2881992,Netherland,6Im9k8u9iIzKMrmV7BWtlF
42,Tick Tock (feat. 24kGoldn),0.369,0.779,0.705,7.91e-06,0.124,-3.895,1,0.0344,101.022,4,0.946,3913350,Netherland,27u7t9d7ZQoyjsCROHuZJ3
43,Jerusalema (feat. Nomcebo Zikode),0.0185,0.88,0.483,8.68e-06,0.0607,-7.012,1,0.0505,124.009,4,0.827,4134208,Netherland,2MlOUXmcofMackX3bxfSwi
44,Don't Leave Me Now,0.0258,0.671,0.752,0.0,0.112,-6.806,0,0.0304,124.998,4,0.717,3751740,Netherland,1cFRiDWuGghvnmMvAsQ2m4
45,Het Leven Is Een Trip,0.155,0.855,0.53,0.000143,0.0988,-7.751,0,0.317,108.04,4,0.388,1174175,Netherland,5jOQ0W7YhM9FCtwCd1bNp8
46,Someone You Loved,0.751,0.501,0.405,0.0,0.105,-5.679,1,0.0319,109.891,4,0.446,5166192,Netherland,7qEHsqek33rTcFNT9PFqLf
47,Watermelon Sugar,0.122,0.548,0.816,0.0,0.335,-4.209,1,0.0465,95.39,4,0.557,4242360,Netherland,6UelLqGlWMcVH1E5c4H7lY
48,Let's Love,0.00882,0.662,0.868,0.00244,0.584,-4.025,1,0.0341,92.998,4,0.353,2910326,Netherland,6lhZLbb0czULpjb2kFryPS
49,Before You Go,0.604,0.459,0.575,0.0,0.0885,-4.858,1,0.0573,111.881,4,0.183,4346452,Netherland,2gMXnyrvIjhVBUZwvLZDMP
50,Dynamite,0.0112,0.746,0.765,0.0,0.0936,-4.41,0,0.0993,114.044,4,0.737,2399169,Netherland,4saklk6nie3yiGePpBwUoc
51,For The Night (feat. Lil Baby & DaBaby),0.114,0.823,0.586,0.0,0.193,-6.606,0,0.2,125.971,4,0.347,3725816,Netherland,0PvFJmanyNQMseIFrU708S
52,Hoe Het Danst,0.0597,0.686,0.86,0.0,0.19,-3.358,1,0.0517,130.027,4,0.417,4776105,Netherland,5cYOVkA2cnjKid9yigaMwq
53,Dance Monkey,0.688,0.825,0.593,0.000161,0.17,-6.401,0,0.0988,98.078,4,0.54,3685684,Netherland,1rgnBhdG2JDFTbYkYRZAku
54,Vakantie (with Jonna Fraser),0.361,0.819,0.554,0.013,0.355,-5.121,0,0.233,96.047,4,0.732,3842998,Netherland,2sE0IOF0pCl7hd4pi5QpgI
55,De Echte Vent,0.823,0.641,0.349,7.17e-05,0.125,-7.569,1,0.0264,92.445,4,0.412,4617432,Netherland,01MCHGtGZHtYVeVUNqgMbC
56,ROCKSTAR (feat. Roddy Ricch),0.247,0.746,0.69,0.0,0.101,-7.956,1,0.164,89.977,4,0.497,3721523,Netherland,7ytR5pFWmSjzHJIeQkgog4
57,Forever Yours,0.177,0.749,0.679,0.0,0.0756,-6.205,1,0.0292,101.954,4,0.552,3101505,Netherland,228SCNyICAP1THsuLdzLW4
58,To Love Somebody,0.823,0.501,0.384,1.77e-06,0.115,-9.782,1,0.0275,89.713,4,0.15,5581098,Netherland,6j8FjzwlWpr1SlDnN5IDzj
59,Scooter,0.265,0.781,0.411,0.0,0.429,-10.86,1,0.141,159.98,4,0.873,2967326,Netherland,2Xil7RvZZRNWWP3SPdJBK2
60,Pa Olvidarte (Beste Zangers Seizoen 2019),0.658,0.718,0.86,0.0,0.187,-7.515,1,0.115,89.97,4,0.914,4005221,Netherland,1RO8Q3w2Jkir8cvvGEApI0
61,Savage Love (Laxed - Siren Beat),0.234,0.767,0.481,0.0,0.269,-8.52,0,0.0803,150.076,4,0.761,3544318,Netherland,1xQ6trAsedVPCdbtDAmk0c
62,Roses - Imanbek Remix,0.0143,0.769,0.719,0.00777,0.359,-5.472,1,0.0474,121.955,4,0.863,3539625,Netherland,0zLCBJZSiELJf02ucPP9wb
63,Snowman,0.483,0.716,0.512,0.0,0.0928,-6.257,1,0.0331,104.957,3,0.326,1294405,Netherland,7uoFMmxln0GPXQ0AcCBXRq
64,Save Your Tears,0.0212,0.68,0.826,1.24e-05,0.543,-5.487,1,0.0309,118.051,4,0.644,8184261,Netherland,5QO79kh1waicV47BqGRL3g
65,Shallow,0.371,0.572,0.385,0.0,0.231,-6.362,1,0.0308,95.799,4,0.323,3685178,Netherland,2VxeLyX666F8uXCJ0dZF8B
66,Breaking Me,0.223,0.789,0.72,0.0,0.129,-5.652,0,0.218,122.031,4,0.664,3511522,Netherland,3H7ihDc1dqLriiWXwsc2po
67,Bagage,0.105,0.787,0.624,0.000563,0.0995,-5.377,1,0.26,93.842,4,0.608,1120527,Netherland,5KbGpihPE8eg1ELJIMBHdq
68,Who's Laughing Now,0.00565,0.648,0.641,3.63e-06,0.109,-5.521,1,0.0389,184.021,4,0.505,4235704,Netherland,1Pmp486RrLRkaEkE3HFHXP
69,Ik Kom Je Halen,0.0918,0.753,0.577,0.0,0.113,-8.174,0,0.331,89.877,4,0.793,3561700,Netherland,7z62lsIQfAmRoTzN2giTkS
70,Another Life (feat. Alida),0.00531,0.541,0.653,0.0,0.126,-5.954,1,0.04,123.854,4,0.264,1443434,Netherland,4snOHAw3BxiKWFeOyLeEpB
71,Het Is Al Laat Toch,0.848,0.575,0.369,0.000106,0.129,-7.993,1,0.0296,81.985,4,0.509,3425318,Netherland,5OhjkylPjKnmR7I2gnVNwz
72,Hallo Met Mij,0.047,0.879,0.582,7.29e-05,0.164,-4.785,1,0.0465,125.074,4,0.732,3660155,Netherland,1ZAeLtI8kuZX6cFCJm08RP
73,Tout Est Bon,0.211,0.791,0.861,0.0,0.0833,-5.311,0,0.12,95.216,3,0.962,3117745,Netherland,1tA3foex0E78CzVzNkDhdf
74,Africa,0.257,0.671,0.373,8.01e-05,0.0481,-18.064,1,0.0323,92.718,4,0.732,2933603,Netherland,2374M0fQpWi3dLnB54qaLX
75,Midnight Sky,0.00161,0.699,0.805,0.00177,0.249,-5.535,0,0.0345,109.976,4,0.232,1870073,Netherland,4i2qxFEVVUi8yOYoxB8TCX
76,SO DONE,0.232,0.719,0.598,0.0,0.115,-6.254,1,0.077,142.592,4,0.303,518681,Netherland,3qgPpwtuRu5oP8EtFSj8HE
77,Tigers,0.124,0.841,0.485,1.34e-06,0.166,-12.808,0,0.1,111.943,4,0.725,3444078,Netherland,7jnaow1bGpKO2VkgtYE8Vv
78,Duurt Te Lang (Beste Zangers Seizoen 2019),0.127,0.638,0.444,0.0,0.0905,-14.221,1,0.196,173.707,4,0.151,3717047,Netherland,2rzZ0IGxgrGUAPwrWn80z7
79,Wat Is Je Naam,0.0203,0.626,0.735,0.0,0.162,-7.13,1,0.0888,199.799,4,0.763,3277494,Netherland,4SlqfJkQNAS7A5cvjBvQ3C
80,Oceaan,0.866,0.593,0.313,0.0,0.108,-8.961,1,0.0383,95.904,4,0.219,3192599,Netherland,7GWU6dQFjYF5YpsAUwZfGq
81,Kings & Queens,0.00786,0.637,0.69,0.0,0.124,-4.057,0,0.0405,129.857,4,0.457,3046186,Netherland,7a53HqqArd4b9NF4XAmlbI
82,Bohemian Rhapsody - Remastered 2011,0.271,0.414,0.404,0.0,0.3,-9.928,0,0.0499,71.105,4,0.224,1212360,Netherland,4u7EnebtmKWzUH433cf5Qv
83,Kleur,0.249,0.767,0.524,1.7e-06,0.185,-6.518,1,0.0438,124.045,4,0.655,2211736,Netherland,6yBPWtwnlHgRTHfxK1MPwJ
84,Tu Tu Tu (That's Why We),0.104,0.885,0.725,0.585,0.0738,-6.52,0,0.0631,120.0,4,0.759,2750108,Netherland,3qY5bS9bKs5HedrAiWfP6x
85,Mood Swings (feat. Lil Tjay),0.487,0.48,0.602,0.0,0.0848,-6.335,0,0.368,179.798,4,0.269,2608588,Netherland,5rZlwNFl01HqLWBQGryKSm
86,Hotel California - 2013 Remaster,0.00574,0.579,0.508,0.000494,0.0575,-9.484,1,0.027,147.125,4,0.609,1703989,Netherland,40riOy7x9W7GXjyGp4pjAv
87,Beuk De Ballen Uit De Boom,0.0374,0.741,0.899,0.0,0.286,-2.788,1,0.0354,150.037,4,0.605,380713,Netherland,4HhWKMSr1VvAjUwcflwwNn
88,Piano Man,0.605,0.331,0.55,3.96e-06,0.192,-6.483,1,0.0272,177.734,3,0.429,1194325,Netherland,70C4NyhjD5OZUMzvWZ3njJ
89,Don't Start Now,0.0123,0.793,0.793,0.0,0.0951,-4.521,0,0.083,123.95,4,0.679,2794573,Netherland,3PfIrDoz19wz7qK7tYeu62
90,Lucid Dreams,0.349,0.511,0.566,0.0,0.34,-7.23,0,0.2,83.903,4,0.218,3027125,Netherland,285pBltuF7vW8TeWk8hdRR
91,Sterrenstof,0.317,0.714,0.79,1.27e-05,0.198,-3.757,0,0.109,97.012,4,0.904,3054060,Netherland,7D5vAulNfrQV6xEwzgH0OF
92,Good Days,0.499,0.436,0.655,8.1e-06,0.688,-8.37,0,0.0583,121.002,4,0.412,4630065,Netherland,3YJJjQPAbDT7mGpX3WtQ9A
93,Papa,0.685,0.583,0.309,0.0,0.109,-7.899,1,0.0391,120.2,4,0.128,2260542,Netherland,2m9KUW33lkjUji0oDCPIHl
94,Robbery,0.328,0.685,0.692,0.0,0.153,-5.122,1,0.0457,159.966,5,0.578,2365881,Netherland,6Hj9jySrnFppAI0sEMCZpJ
95,You Are Not Alone,0.766,0.309,0.296,0.0,0.113,-9.237,1,0.0343,185.561,3,0.308,2674132,Netherland,0LLc1wJdpQMpgMKCF8y2TF
96,Put Your Records On,0.0563,0.399,0.491,0.00089,0.11,-10.778,0,0.0538,91.066,4,0.151,1121303,Netherland,6AGOKlMZWLCaEJGnaROtF9
97,WAP (feat. Megan Thee Stallion),0.0194,0.935,0.454,0.0,0.0824,-7.509,1,0.375,133.073,4,0.357,1448948,Netherland,4Oun2ylbjFKMPTiaSbbCih
98,Say You Won't Let Go,0.695,0.358,0.557,0.0,0.0902,-7.398,1,0.059,85.043,4,0.494,2904083,Netherland,5uCax9HTNlzGybIStD3vDh
99,Just the Two of Us (feat. Bill Withers),0.572,0.802,0.488,0.0598,0.0763,-9.304,1,0.0813,95.77,4,0.624,1543345,Netherland,1ko2lVN0vKGUl9zrU0qSlT
100,Mij Niet Eens Gezien,0.142,0.553,0.496,0.0,0.244,-6.715,1,0.0483,93.6,4,0.213,2384104,Netherland,39X7P5VjmG0zk8efBJL2HD
101,Amiri Jeans,0.00711,0.879,0.554,1.93e-06,0.0689,-6.553,0,0.157,99.91,4,0.852,2510832,Netherland,382si72Kniabn1VrfozWWW
102,Paper Zien - Remix,0.153,0.628,0.578,0.0,0.103,-9.537,1,0.383,140.091,4,0.726,1627276,Netherland,6avc7WjdXkNUNxRwxHYEzb
103,Hello (feat. A Boogie Wit da Hoodie),0.0187,0.905,0.647,0.0,0.282,-5.065,0,0.107,130.97,4,0.367,1926324,Netherland,2r6OAV3WsYtXuXjvJ1lIDi
104,One Too Many,0.247,0.697,0.535,0.0,0.569,-6.504,1,0.068,82.959,4,0.594,596680,Netherland,3X7H1FAiWAW937WvsFeMhe
105,17 Miljoen Mensen - Live @538 in Ahoy,0.715,0.493,0.321,0.0,0.0863,-10.041,1,0.0402,86.77,4,0.508,2734462,Netherland,7e42rjxCt8tPjglU9VyBcz
106,Quarantaine Sessie #2,0.125,0.548,0.658,5.6e-05,0.172,-7.174,1,0.378,96.756,1,0.406,554588,Netherland,3I0d2GHc2cysgFNbzzdMPQ
107,RS6,0.224,0.659,0.578,0.0,0.102,-8.444,1,0.454,98.118,4,0.357,898488,Netherland,0q5WCNsyh6ivKfWTcJKW38
108,If the World Was Ending - feat. Julia Michaels,0.866,0.464,0.473,0.0,0.109,-10.086,1,0.129,75.801,4,0.604,2307205,Netherland,2kJwzbxV2ppxnQoYw4GLBZ
109,Smoorverliefd,0.598,0.534,0.314,0.0,0.103,-8.717,1,0.0381,91.12,4,0.442,1820440,Netherland,2ryMKWtH2SEQY8fTAclFYb
110,Memories,0.837,0.764,0.32,0.0,0.0822,-7.209,1,0.0546,91.019,4,0.575,1366072,Netherland,2b8fOow8UzyDFAE27YhOZM
111,Dreams - 2004 Remaster,0.0644,0.828,0.492,0.00428,0.128,-9.744,1,0.0276,120.151,4,0.789,1967992,Netherland,0ofHAoxe9vBkTCp2UQIavz
112,willow,0.835,0.392,0.579,0.00179,0.145,-9.195,1,0.164,80.961,4,0.549,2522115,Netherland,3Uo7WG0vmLQ07WB4BDwy7D
113,Dior,0.212,0.548,0.805,0.000389,0.408,-5.732,1,0.351,142.094,4,0.648,2723641,Netherland,79s5XnCN4TJKTVMSmOx8Ep
114,Sultans Of Swing,0.0614,0.733,0.794,0.0367,0.33,-10.023,1,0.0307,148.174,4,0.931,2343228,Netherland,37Tmv4NnfQeb0ZgUC4fOJj
115,Dolla Dolla Bill,0.509,0.799,0.581,1.23e-06,0.137,-8.114,0,0.167,103.08,4,0.291,563418,Netherland,3GFoDacN5fI2FplYzqmr4R
116,Golden,0.21,0.448,0.838,0.000131,0.131,-5.257,0,0.0557,139.863,4,0.254,666955,Netherland,45S5WTQEGOB1VHr1Q4FuPl
117,Uncharted,0.14,0.594,0.527,0.0,0.294,-6.805,1,0.0308,138.956,4,0.226,2559947,Netherland,1OJcaSbK9DBaxHExACplwA
118,Het Regent Zonnestralen,0.434,0.624,0.628,0.0,0.179,-9.846,1,0.0303,108.102,4,0.783,3187845,Netherland,2LGL71GENQR0oC9jMwTTZY
119,Wishing Well,0.00336,0.65,0.613,0.0,0.267,-6.13,0,0.128,149.972,4,0.0804,1827703,Netherland,2U5WueTLIK5WJLD7mvDODv
120,Sorry,0.502,0.461,0.409,0.0,0.0979,-8.479,0,0.0315,133.956,4,0.0895,2445118,Netherland,07uuo1yEND3oinbFZnYOvx
121,Weg Van Jou,0.458,0.595,0.586,0.0,0.309,-7.663,1,0.0799,179.836,4,0.764,2994682,Netherland,33wHYQYh10c3XmaAtGkTEn
122,Jolie nana,0.269,0.813,0.64,0.0,0.131,-5.908,1,0.272,92.989,4,0.488,386366,Netherland,65RWVU6N81CeH65nu52K1U
123,Ride It,0.177,0.88,0.751,6.43e-05,0.106,-4.258,0,0.0874,117.948,4,0.884,2814987,Netherland,2tnVG71enUj33Ic2nFN6kZ
124,Marbella,0.261,0.58,0.581,0.0,0.165,-6.679,0,0.0669,94.98,4,0.582,2199747,Netherland,67Uas8KwdCQ7IQmtxTfgGp
125,Memories (feat. Kid Cudi),0.00192,0.547,0.92,7.63e-06,0.257,-3.939,1,0.259,129.994,4,0.372,1879375,Netherland,0Xh6R6XLoTDRBYriQRgkHj
126,lovely (with Khalid),0.934,0.351,0.296,0.0,0.095,-10.109,0,0.0333,115.284,4,0.12,2908479,Netherland,0u2P5u6lvoDfwTYjAADbn4
127,Rover (feat. DTG),0.496,0.613,0.624,0.0,0.283,-6.66,0,0.206,62.948,5,0.804,1180754,Netherland,4slSrbTK1sNK4I1mDYEthf
128,Sweater Weather,0.0495,0.612,0.807,0.0177,0.101,-2.81,1,0.0336,124.053,4,0.398,2168055,Netherland,2QjOHCTQ1Jl3zawyYOpxh6
129,Zij Weet Het - Studio Versie,0.15,0.691,0.551,0.0,0.461,-8.314,0,0.0272,94.997,4,0.338,2860648,Netherland,7jmf2XHPGBwEdNyywxsZP1
130,Ze Huilt Maar Ze Lacht,0.853,0.581,0.36,9.98e-06,0.112,-13.116,1,0.0314,78.023,4,0.172,2741490,Netherland,7eTIikMQRihr1GaSK9MzFl
131,Soms,0.497,0.514,0.73,7.41e-06,0.276,-6.663,0,0.42,83.411,4,0.446,342656,Netherland,69RE5PH48brofGMdPeX4x9
132,Don't Stop Me Now - Remastered 2011,0.0475,0.559,0.868,0.000176,0.776,-5.276,1,0.17,156.295,4,0.609,329915,Netherland,5T8EDUDqKcs6OSOwEsfqG7
133,UN DIA (ONE DAY) (Feat. Tainy),0.00536,0.571,0.693,0.0,0.173,-8.234,0,0.0545,168.169,4,0.393,679392,Netherland,0EhpEsp4L0oRGM0vmeaN5e
134,Zoutelande (feat. Geike),0.223,0.67,0.641,2.42e-05,0.141,-7.198,0,0.0285,129.016,4,0.891,2508639,Netherland,7MOX3ibncypw3xGb4HZVFA
135,Loop Niet Weg,0.0848,0.674,0.757,0.0,0.13,-3.747,0,0.0717,100.097,4,0.249,1658224,Netherland,7fmExiQZjHLyDv5SC1EhDg
136,Reünie,0.674,0.508,0.35,0.0,0.587,-9.205,1,0.152,96.478,4,0.509,2657486,Netherland,5S7YAM3lcfPNBSTVyciwCu
137,Can't Hold Us - feat. Ray Dalton,0.0291,0.641,0.922,0.0,0.0862,-4.457,1,0.0786,146.078,4,0.847,3000808,Netherland,3bidbhpOYeV4knp8AIu8Xn
138,Control,0.643,0.599,0.465,1.57e-06,0.149,-4.95,1,0.0314,113.82,4,0.0678,831801,Netherland,50Td3qilgs8BLtv8mHyT1t
139,Fix You,0.164,0.209,0.417,0.00196,0.113,-8.74,1,0.0338,138.178,4,0.124,172127,Netherland,7LVHVU3tWfcxj5aiPFEW4Q
140,I Gotta Feeling,0.0873,0.743,0.766,0.0,0.509,-6.375,1,0.0265,127.96,4,0.61,2292466,Netherland,4kLLWz7srcuLKA7Et40PQR
141,Let Her Go,0.385,0.509,0.538,0.0,0.104,-7.335,1,0.0572,75.089,4,0.244,2225469,Netherland,2jyjhRf6DVbMPU5zxagN2h
142,Be Alright,0.705,0.551,0.537,0.0,0.0802,-7.595,1,0.034,126.421,4,0.493,2400415,Netherland,5qrSlOut2rNAWv3ubArkNy
143,Video Vixen,0.136,0.687,0.626,0.0,0.119,-7.36,0,0.326,82.283,4,0.599,1683848,Netherland,0PEPCo71Ys1EBtTAnYCgw4
144,MAMACITA,0.19,0.88,0.626,0.000755,0.094,-7.062,1,0.0473,105.01,4,0.441,983508,Netherland,24IgCW19L8lXKyFZwzFtD3
145,Dancing Queen,0.358,0.543,0.87,0.000939,0.792,-6.514,1,0.0428,100.804,4,0.754,166530,Netherland,0GjEhVFGZW8afUYGChu3Rr
146,Laugh Now Cry Later (feat. Lil Durk),0.244,0.761,0.518,3.47e-05,0.107,-8.871,1,0.134,133.976,4,0.522,651785,Netherland,2SAqBLGA283SUiwJ3xOUVI
147,DÁKITI,0.401,0.731,0.573,5.22e-05,0.113,-10.059,0,0.0544,109.928,4,0.145,1679291,Netherland,4MzXwWMhyBbmu6hOcLVD49
148,Circles,0.192,0.695,0.762,0.00244,0.0863,-3.497,1,0.0395,120.042,4,0.553,1104960,Netherland,21jGcNKet2qwijlDFuPiPb
149,All of Me,0.922,0.422,0.264,0.0,0.132,-7.064,1,0.0322,119.93,4,0.331,2628191,Netherland,3U4isOIWM3VvDubwSI3y7a
150,Avond,0.617,0.456,0.37,0.000939,0.136,-15.24,1,0.0405,99.455,4,0.186,163202,Netherland,3n3F07lHLyRKwqg4q64eYA
151,Bad boy,0.431,0.796,0.496,5.51e-06,0.0781,-8.165,0,0.0388,97.988,4,0.716,323042,Netherland,0RE4crnT3jRms1xxVlEZx2
152,Another Love,0.695,0.445,0.537,1.65e-05,0.0944,-8.532,0,0.04,122.769,4,0.131,884232,Netherland,3JvKfv6T31zO0ini8iNItO
153,Jongen Van De Straat,0.868,0.576,0.29,0.0,0.116,-10.499,0,0.0513,93.705,4,0.17,810774,Netherland,1dbI31tdknCDHwJ9j6yGYB
154,Secrets,0.0412,0.848,0.768,0.000785,0.195,-5.386,0,0.0373,118.961,4,0.777,1145327,Netherland,66W1rVTnEv86dIkFhoiElg
155,Wat Ik Doe,0.155,0.559,0.469,0.000104,0.164,-8.38,1,0.354,84.378,4,0.227,159422,Netherland,3ENJx9QASniM8ymIP1x07s
156,The Woo (feat. 50 Cent & Roddy Ricch),0.0221,0.49,0.618,3.77e-06,0.259,-5.655,1,0.104,99.7,4,0.286,491265,Netherland,1H7KnK26kc1YyellpbINEn
157,Some Say - Felix Jaehn Remix,0.406,0.682,0.7,0.0,0.174,-5.591,1,0.0397,120.03,4,0.637,325373,Netherland,7C1trmcQQ5n5RNy4l6ziCv
158,Kleine Jongen,0.0244,0.56,0.741,0.0,0.111,-4.755,1,0.031,91.202,4,0.503,1280776,Netherland,6vzj8d0yOzg3ELH2T4u0CC
159,Reminds Me Of You,0.0663,0.613,0.631,0.0,0.169,-6.965,1,0.12,149.992,4,0.33,483151,Netherland,5YSHygGN9D0mID1NsVd5my
160,Señorita,0.0392,0.759,0.548,0.0,0.0828,-6.049,0,0.029,116.967,4,0.749,1257806,Netherland,6v3KW9xbzN5yKLt9YKDYA2
161,Don't Call Me Up,0.296,0.674,0.881,3.01e-06,0.0793,-2.853,1,0.147,98.994,4,0.234,1265332,Netherland,5WHTFyqSii0lmT9R21abT8
162,Hoody,0.256,0.791,0.549,0.0,0.0855,-10.271,0,0.246,77.497,4,0.548,319178,Netherland,3bGtlSkO1qrX3xqp3DfLIi
163,Als Het Avond Is,0.528,0.725,0.47,0.0,0.113,-7.215,1,0.0301,104.984,4,0.45,2356180,Netherland,1MWpdDDf3Yk0w6o4oviMFY
164,Stuck with U (with Justin Bieber),0.223,0.597,0.45,0.0,0.382,-6.658,1,0.0418,178.765,3,0.537,770632,Netherland,4HBZA5flZLE435QTztThqH
165,Hij Is Van Mij (feat. Bizzey),0.206,0.689,0.794,0.0,0.581,-5.085,0,0.0872,99.985,4,0.627,2533072,Netherland,6716bTJI7qiHJFFSR0Ethe
166,Heather,0.584,0.357,0.425,0.0,0.322,-7.301,1,0.0333,102.078,3,0.27,998486,Netherland,4xqrdfXkTW4T0RauPLv3WA
167,Champagne Papi (feat. SRNO),0.535,0.916,0.499,0.000198,0.146,-7.589,1,0.0587,118.057,4,0.528,470016,Netherland,5sUsROzsxUB7gaGhHeQb4N
168,bad guy,0.328,0.701,0.425,0.13,0.1,-10.965,1,0.375,135.128,4,0.562,623380,Netherland,2Fxmhks0bxGSBdJ92vM42m
169,Smells Like Teen Spirit,2.55e-05,0.502,0.912,0.000173,0.106,-4.556,1,0.0564,116.761,4,0.72,152179,Netherland,1f3yAtsJtY87CTmM8RLnxf
170,Hou Vol Hou Vast,0.724,0.626,0.328,0.0,0.425,-8.937,1,0.0268,91.886,4,0.253,807695,Netherland,5JOCtxzN82M7tTXzcpLsx8
171,Waar Ga Je Heen,0.176,0.692,0.783,4.59e-06,0.112,-6.148,0,0.035,96.994,4,0.767,1087026,Netherland,5G6hrPIse64sqdsqVxBK78
172,death bed (coffee for your head),0.731,0.726,0.431,0.0,0.696,-8.765,0,0.135,144.026,4,0.348,304862,Netherland,7eJMfftS33KTjuF7lTsMCx
173,Blueberry Faygo,0.207,0.774,0.554,0.0,0.132,-7.909,1,0.0383,99.034,4,0.349,305046,Netherland,22LAwLoDA5b4AaGSkg6bKW
174,Ondernemer,0.148,0.818,0.74,1.76e-06,0.112,-4.481,0,0.0577,89.982,4,0.905,463103,Netherland,4HsSwlgvRrHAkTQ8n9mGFV
175,Wake Me Up,0.0038,0.532,0.783,0.0012,0.161,-5.697,1,0.0523,124.08,4,0.643,2476641,Netherland,0nrRP2bk19rLc0orkWPQk2
176,In Your Eyes,0.00285,0.667,0.719,8.1e-05,0.0736,-5.371,0,0.0346,100.021,4,0.717,1141546,Netherland,7szuecWAPwGoV1e5vGu8tl
177,Viva La Vida,0.0954,0.486,0.617,3.23e-06,0.109,-7.115,0,0.0287,138.015,4,0.417,146924,Netherland,1mea3bSkSGXuIRvnydlB5b
178,Go Your Own Way - 2004 Remaster,0.0185,0.583,0.947,0.00109,0.0679,-5.12,1,0.0378,135.448,4,0.803,146904,Netherland,07GvNcU1WdyZJq3XxP0kZa
179,Remember That Night?,0.585,0.679,0.61,9.51e-05,0.156,-10.936,0,0.0305,123.978,4,0.554,4939087,Netherland,1nYzjrdVQ8RpF93M0jPFW7
180,The Box,0.104,0.896,0.586,0.0,0.79,-6.687,0,0.0559,116.971,4,0.642,298640,Netherland,0nbXyq5TXYPCO7pr3N8S4I
181,Come & Go (with Marshmello),0.0172,0.625,0.814,0.0,0.158,-5.181,1,0.0657,144.991,4,0.535,300783,Netherland,2Y0wPrPQBrGhoLn14xRYCG
182,This City,0.733,0.605,0.377,0.0,0.0808,-6.213,1,0.0443,73.877,4,0.519,901544,Netherland,3H3r2nKWa3Yk5gt8xgmsEt
183,Stairway to Heaven - Remaster,0.58,0.338,0.34,0.0032,0.116,-12.049,0,0.0339,82.433,4,0.197,145114,Netherland,5CQ30WqJwcep0pYcV4AMNc
184,Lose Somebody,0.344,0.58,0.586,0.0,0.0755,-6.883,1,0.0357,147.988,4,0.507,605444,Netherland,1sgDyuLooyvEML4oHspNza
185,Falling,0.839,0.567,0.267,1.46e-06,0.089,-6.502,1,0.0299,110.011,4,0.0592,760315,Netherland,1ZMiCix7XSAbfAJlEZWMCp
186,The Weight,0.000143,0.303,0.924,0.000548,0.118,-6.511,0,0.0737,178.178,4,0.567,143151,Netherland,4Ju1U03sd30EhUaXp0ByTe
187,everything i wanted,0.902,0.704,0.225,0.657,0.106,-14.454,0,0.0994,120.006,4,0.243,143015,Netherland,3ZCTVFBt2Brf31RLEnCkWJ
188,Nicotine,0.639,0.569,0.301,1.02e-06,0.0982,-9.478,1,0.03,89.541,4,0.443,301479,Netherland,6yvxKrf9KZLTodXFTBmdR1
189,ily (i love you baby) (feat. Emilee),0.0686,0.674,0.774,0.00188,0.393,-7.567,0,0.0892,112.05,4,0.33,142323,Netherland,62aP9fBQKYKxi7PDXwcUAS
190,Adore You,0.0237,0.676,0.771,7e-06,0.102,-3.675,1,0.0483,99.048,4,0.569,142225,Netherland,3jjujdWJ72nww5eGnfs2E7
191,Lose Control,0.129,0.598,0.526,0.0,0.14,-8.659,0,0.0415,123.935,4,0.529,297486,Netherland,7CHi4DtfK4heMlQaudCuHK
192,In Your Eyes (feat. Alida),0.172,0.57,0.672,1.04e-06,0.0768,-5.888,0,0.0716,120.018,4,0.461,296695,Netherland,61ZM92T2zaXIVsqncThQzC
193,Feel Something (feat. Duncan Laurence),0.0697,0.665,0.645,0.0,0.114,-4.745,1,0.135,93.86,4,0.732,1532671,Netherland,00JYHDGMCHtMnCw3iqBxkY
194,Summer Of '69,0.0115,0.505,0.71,2.58e-06,0.0977,-10.853,1,0.0371,138.907,4,0.771,1330362,Netherland,6N1EjQjnvhOjFrF6oUmGPa
195,Always Remember Us This Way,0.299,0.553,0.502,0.0,0.764,-5.972,1,0.0409,129.976,4,0.296,600622,Netherland,2rbDhOo9Fh61Bbu23T2qCk
196,September,0.131,0.684,0.864,0.00526,0.344,-4.819,1,0.0312,125.395,4,0.978,141444,Netherland,4f2GB5ZC7vOUYPAg69N2Xw
197,Mirrors,0.234,0.574,0.512,0.0,0.0946,-6.664,0,0.0503,76.899,4,0.512,141325,Netherland,4rHZZAmHpZrA3iH5zx8frV
198,Billie Jean,0.0236,0.92,0.654,0.0158,0.0359,-3.051,0,0.0401,117.046,4,0.847,1715952,Netherland,5ChkMS8OtdzJeqyybCc9R5
199,drivers license,0.721,0.585,0.436,1.31e-05,0.105,-8.761,1,0.0601,143.874,4,0.132,21543706,Netherland,7lPN2DXiMsVn7XUKtOW1CS
200,MANSORY,0.0982,0.907,0.649,0.0,0.0786,-6.479,1,0.234,94.99,4,0.561,6027216,Netherland,5ykyiyN3DwPgMjwdFvT7zW
201,The Business,0.414,0.798,0.62,0.0192,0.112,-7.079,0,0.232,120.031,4,0.235,15014955,Netherland,6f3Slt0GbA2bPZlz0aIFXN
202,Op Gang,0.199,0.895,0.719,0.0029,0.129,-8.565,0,0.07,127.046,4,0.566,410797,Netherland,5gHq1Ju1KNHXRmRTEL26m0
203,Te Laat,0.318,0.732,0.62,1.41e-06,0.136,-7.314,0,0.122,147.06,4,0.745,591584,Netherland,2nXsDjUDT7tB0Dz5TRcE2m
204,Switch Sides,0.241,0.806,0.68,0.000178,0.0948,-7.052,1,0.134,75.009,4,0.342,386908,Netherland,04n1Z3M6qBmDh5WbjiKCjd
205,Geen Game,0.505,0.588,0.549,0.0,0.131,-9.199,0,0.47,68.431,3,0.453,362849,Netherland,6pKkp9k4Dp0RGbFGcCjb25
206,Blijf Nog Even Hier (feat. Paskal Jakobsen),0.188,0.753,0.454,1.53e-06,0.0813,-7.368,1,0.0389,90.042,4,0.249,4716119,Netherland,49Kh1urdQ6y3ozAhYISnBv
207,Link Up,0.451,0.689,0.633,6.78e-05,0.106,-4.826,0,0.274,173.974,4,0.831,194026,Netherland,2uXIttzGRt4VTXE6GOgL6X
208,"All I Want - From ""High School Musical: The Musical: The Series""",0.0902,0.376,0.43,0.0,0.0912,-6.585,0,0.0328,77.599,3,0.129,730945,Netherland,4Yxc55NX3tAXC2mHRAhtcW
209,Get Out My Head,0.0542,0.693,0.913,6.87e-05,0.231,-3.035,1,0.0298,123.989,4,0.795,6061948,Netherland,055Mme9ReKK99jRFA5UJ55
210,Hypnotized,0.0968,0.69,0.813,0.000324,0.109,-5.084,0,0.0997,108.078,4,0.704,5747325,Netherland,0vWUhCPxpJOJR5urYbZypB
211,Ma Aan De Lijn,0.437,0.656,0.854,0.0,0.211,-3.947,1,0.135,139.952,4,0.854,157774,Netherland,6VGctJWNoH6t9X8MIxcUxS
212,Later,0.592,0.861,0.36,0.0,0.0662,-9.693,0,0.275,133.363,5,0.766,155561,Netherland,3TFZG03lYZoFhE0bnKYGhM
213,goosebumps,0.0847,0.841,0.728,0.0,0.149,-3.37,1,0.0484,130.049,4,0.43,307287,Netherland,6gBFPUFcJLzWGx4lenP6h2
214,I Don't Care (with Justin Bieber),0.0902,0.798,0.676,0.0,0.0894,-5.041,1,0.0442,101.956,4,0.843,152124,Netherland,0hVXuCcriWRGvwMV1r5Yn9
215,Happiest Year,0.885,0.501,0.167,0.0,0.111,-14.061,1,0.0484,112.275,3,0.356,592971,Netherland,5kcvBnt6DPX3AMEsCx1qDh
216,Obsessed,0.327,0.611,0.577,0.0,0.0605,-5.594,0,0.453,93.285,4,0.793,151359,Netherland,5zO7SnOkE3dUksvocHo0Qi
217,Minefields,0.183,0.476,0.686,0.0,0.0997,-5.019,0,0.11,152.617,4,0.243,151220,Netherland,1OU4E4HiVjdak0mL4blVWT
218,Dragon Roll,0.0533,0.839,0.72,0.00379,0.0612,-4.288,0,0.0459,95.03,4,0.826,4625892,Netherland,2fCdtNreNptDAZnisSOLpX
219,Als Ik Je Weer Zie,0.372,0.74,0.604,0.0,0.0829,-6.784,1,0.0379,101.925,4,0.602,12694712,Netherland,3yraHvsUkmnJjGhOrx1CSg
220,Cash Machine,0.204,0.734,0.515,0.0,0.0973,-5.953,0,0.317,89.111,4,0.67,546079,Netherland,5ghLltvQXoUipjpB5x1eul
221,Hilton,0.733,0.78,0.532,1.38e-06,0.102,-6.833,0,0.248,160.074,4,0.56,647585,Netherland,3VHsIjOPouckrfQlsmMYco
222,SO DONE,0.232,0.719,0.598,0.0,0.115,-6.254,1,0.077,142.592,4,0.303,1194471,Netherland,2gqWRRCXnma9L8xQ1RdemQ
223,Bad Boy (with Young Thug),0.00215,0.697,0.674,0.0,0.138,-6.326,1,0.0533,81.535,4,0.198,233716,Netherland,43CIWpJaJHRcI4mUSjqgc2
224,"34+35 Remix (feat. Doja Cat, Megan Thee Stallion) - Remix",0.205,0.88,0.662,0.0,0.227,-5.766,1,0.304,109.988,4,0.726,215763,Netherland,3jjBPF4NDMCU51psU8JPpR
225,Streets,0.208,0.749,0.463,0.0371,0.337,-8.433,1,0.0828,90.028,4,0.19,2849999,Netherland,60ynsPSSKe6O3sfwRnIBRf
226,Tagliafico,0.316,0.656,0.709,0.0,0.189,-6.832,0,0.296,190.154,4,0.662,324370,Netherland,791bG2T5XdqBV3AfWIG0kY
227,Domme Aankoop,0.25,0.578,0.659,0.00476,0.0884,-4.495,1,0.102,125.726,5,0.585,161696,Netherland,11jjkPgPsasN1gVgVcqUS2
228,Don't Play,0.0889,0.695,0.784,0.0,0.0843,-6.564,0,0.0402,128.031,4,0.52,156682,Netherland,4I5bvu2KDsrCg0EWHIcvul
229,All Girls Are The Same,0.0769,0.671,0.529,0.000335,0.0856,-7.226,1,0.307,161.989,4,0.203,760505,Netherland,4VXIryQMWpIdGgYR4TrjT1
230,You Are The Reason,0.918,0.329,0.235,0.0,0.137,-7.699,1,0.0303,171.006,3,0.22,154986,Netherland,69vToJ9BMbbLlFZo7k7A7B
231,F.N,0.354,0.567,0.515,0.0,0.078,-10.265,0,0.247,120.1,1,0.321,477336,Netherland,0RLLvYBopDwooCyvnTwgYu
232,Fallin’ (Adrenaline),0.0101,0.606,0.9,0.0,0.075,-4.504,1,0.119,133.963,4,0.233,153577,Netherland,6nfqlFOMiWthaOEa53uU0v
233,Lippenstift,0.0572,0.711,0.613,2.98e-06,0.203,-5.374,1,0.0535,95.017,4,0.703,152984,Netherland,3D9MKbMaHCZjSEcCWf4wDm
234,Jocelyn Flores,0.469,0.872,0.391,4.13e-06,0.297,-9.144,0,0.242,134.021,4,0.437,593219,Netherland,7m9OqQk4RVRkw9JJdeAw96
235,Arcade,0.827,0.453,0.35,0.00122,0.144,-11.639,0,0.0425,72.017,3,0.279,2809333,Netherland,1J14CdDAvBTE1AJYUOwl6C
236,Bruises,0.946,0.736,0.308,0.0,0.186,-7.83,1,0.0677,111.202,4,0.361,150145,Netherland,4Of7rzpRpV1mWRbhp5rAqG
237,Hosselaar,0.134,0.75,0.691,0.0,0.105,-6.353,0,0.262,92.992,4,0.901,3294481,Netherland,3zJSr7fDhJZC5PDTLw8pB0
238,Het Leven Is Een Trip,0.155,0.855,0.53,0.000143,0.0988,-7.751,0,0.317,108.04,4,0.388,3117555,Netherland,4FwgMxzuUg94iad4Qz8Myt
239,Leugens,0.0977,0.808,0.68,2.03e-05,0.104,-9.52,0,0.379,95.933,4,0.79,1127227,Netherland,0kxZ2XTmyIklhqUxohMOAO
240,Cash Machine,0.204,0.734,0.515,0.0,0.0973,-5.953,0,0.317,89.111,4,0.67,911104,Netherland,1nNbJBeuPnYj64LzQoBZKu
241,Afstand,0.0702,0.842,0.614,0.0,0.0949,-6.952,1,0.231,119.997,5,0.643,801629,Netherland,5eizH1H4dDeABK3oUXqSFP
242,Coke Lijn,0.176,0.871,0.742,0.0,0.0955,-4.273,0,0.323,93.1,4,0.487,561151,Netherland,5SdHf0DINPohGr5uXCyb2X
243,Geen Stof,0.105,0.772,0.635,0.0,0.117,-4.846,1,0.372,95.951,4,0.541,511287,Netherland,001b8t3bYPfnabpjpfG1Y4
244,Lo Vas A Olvidar (with ROSALÍA),0.721,0.343,0.243,0.00198,0.0668,-14.66,0,0.0777,135.154,4,0.032,509941,Netherland,0psS4i5YooJrXfDnGvWRLi
245,Dolla Dolla Bill,0.509,0.799,0.581,1.23e-06,0.137,-8.114,0,0.167,103.08,4,0.291,814857,Netherland,4RnIGqZEgLo0MzR8TEYC9j
246,Hold Up,0.507,0.799,0.523,0.0,0.0465,-9.85,0,0.237,94.998,4,0.768,297347,Netherland,5tslJ9s2LVkA2nZbvTSObd
247,Hella Papers,0.443,0.805,0.63,0.0,0.0818,-6.3,0,0.279,99.904,4,0.619,289487,Netherland,0INJwuhyHjR0GXiwt2TD1F
248,"Oost West, Thuis Best - Piano Versie - Bonus Track",0.854,0.674,0.446,0.0,0.186,-12.87,0,0.459,93.767,4,0.655,273084,Netherland,05hMupOELbSjxwwp3UiBxl
249,Intro,0.188,0.75,0.63,0.0,0.122,-7.255,1,0.365,93.006,4,0.598,268445,Netherland,4WoLb6qeb3xs0wf49K8G5f
250,Raak Jezelf Niet Kwijt,0.0652,0.712,0.609,0.0,0.109,-6.051,0,0.133,90.106,4,0.605,254427,Netherland,5p3VR6uXTDmgq1RYftbmaN
251,Oh Shit,0.232,0.57,0.703,1.41e-05,0.0913,-9.061,0,0.349,99.544,4,0.428,250458,Netherland,6fvJxttYULRY4ucH0GctL4
252,My Niffo,0.221,0.867,0.607,0.0,0.058,-4.496,0,0.279,88.546,4,0.669,245151,Netherland,3lFxmeJOjK0HALFxBmN7jk
253,Skin,0.428,0.557,0.457,0.0,0.0567,-5.372,1,0.0335,105.918,4,0.328,1162517,Netherland,03B2SfXuvDh1m9F4tqrX07
254,Baby,0.758,0.552,0.644,0.0,0.0984,-9.033,0,0.466,77.609,1,0.217,220894,Netherland,1vv5DuAFqbTcjs4jZAMxLr
255,Lifestyle (feat. Adam Levine),0.0209,0.749,0.674,0.0,0.169,-5.128,0,0.0366,123.055,4,0.711,4734566,Netherland,0osvOdeD3YXZiWkT8MKolJ
256,Abu Omar - Outro,0.347,0.689,0.615,0.000117,0.107,-8.281,0,0.443,90.903,4,0.387,180676,Netherland,7yeqaZirOafA5mLxi4521h
257,There Will Be a Way,0.125,0.626,0.619,0.0,0.0352,-6.512,0,0.0637,137.898,4,0.288,697319,Netherland,2UIGRIkNw5NW9iFUVAWyOp
258,Your Love (9PM),0.194,0.669,0.784,6.28e-06,0.115,-5.603,1,0.112,125.993,4,0.517,8085765,Netherland,5YaskwnGDZFDRipaqzbwQx
259,Heat Waves,0.44,0.761,0.525,6.7e-06,0.0921,-6.9,1,0.0944,80.87,4,0.531,2061636,Netherland,02MWAaffLxlfxAUY7c5dvx
260,Astronaut In The Ocean,0.175,0.778,0.695,0.0,0.15,-6.865,0,0.0913,149.996,4,0.472,658833,Netherland,3Ofmpyhv5UAQ70mENzB277
261,Jongen Van Bodem,0.319,0.769,0.571,3.23e-05,0.103,-6.736,0,0.0945,90.065,4,0.475,2162515,Netherland,4CYBXa7AbtL18cIu06OFtp
262,Stapelgek,0.0474,0.81,0.43,0.0,0.0846,-8.102,0,0.0486,124.973,4,0.81,2548251,Netherland,3XIp0ysiSPDINHCeSpL6HK
263,21,0.0211,0.884,0.656,0.000169,0.106,-6.939,0,0.422,142.993,4,0.717,1054390,Netherland,0UKePQjfW9fFIvDuUrgd7r
264,Vuur,0.0189,0.879,0.484,4.62e-05,0.298,-8.735,1,0.201,101.97,4,0.719,2080738,Netherland,0zom9ECHHRTZ0INqpgHrfS
265,Wellerman - Sea Shanty / 220 KID x Billen Ted Remix,0.0441,0.722,0.893,0.000937,0.0673,-3.255,0,0.0475,119.932,4,0.439,13850183,Netherland,3iw6V4LH7yPj1ESORX9RIN
266,Thuis Kom,0.342,0.761,0.6,0.0,0.105,-10.372,0,0.8,79.526,4,0.189,670719,Netherland,53hjQltXeyeXf8j5BGeZH5
267,Famous,0.439,0.596,0.577,0.0,0.14,-7.624,0,0.475,142.823,4,0.591,429573,Netherland,7xFvHx7hyEDH2UAHKzysZB
268,Tram 26,0.756,0.659,0.449,0.196,0.147,-5.89,1,0.514,170.236,4,0.412,634005,Netherland,7mQZIPmIBQK9PTDAITpPk8
269,Buss It - Remix,0.0471,0.866,0.742,0.0,0.118,-5.584,1,0.269,109.94,4,0.659,1336124,Netherland,5wbQQDbQCoty18lKvQG3qz
270,Ven Ven,0.0831,0.763,0.843,0.0,0.0612,-4.254,1,0.0731,104.053,4,0.76,6110022,Netherland,3upYG0cy9J2QhyV4GgV37x
271,Gece Gündüz,0.0209,0.83,0.576,2.32e-06,0.121,-5.005,0,0.157,149.965,4,0.295,364968,Netherland,4jq1WK3fiUU2SOhZ0iaMP1
272,Heb Ik Dat Gezegd?,0.429,0.651,0.7,3.43e-05,0.263,-9.138,0,0.215,171.905,4,0.662,357393,Netherland,3So2n7RyGj7CXbELWMElUd
273,Baila Conmigo (with Rauw Alejandro),0.0221,0.824,0.545,0.00375,0.097,-7.127,1,0.0699,149.912,4,0.683,514541,Netherland,0D75ciM842cdUMKSMfAR9y
274,Champion Flow,0.146,0.741,0.733,8.54e-06,0.265,-6.357,1,0.207,88.026,4,0.81,187173,Netherland,0441e6ieXItbPVUl5pNeVO
275,Ik Wil Dansen,0.498,0.657,0.629,0.0,0.106,-8.402,0,0.38,104.483,4,0.453,974380,Netherland,70IUWsl6v4II26gg2iBeOi
276,We Moeten Door,0.0731,0.74,0.772,4.33e-05,0.234,-5.115,1,0.126,127.058,4,0.273,172515,Netherland,1yzFaD9i609CdRlgz2jix6
277,I Want It All,0.0374,0.612,0.726,2e-06,0.105,-5.934,1,0.036,119.964,4,0.478,1549908,Netherland,3oSCJeOl0XjcpNcigO9vj7
278,GIRL LIKE ME,0.0194,0.964,0.486,0.04,0.0694,-8.891,1,0.188,124.058,4,0.318,3411647,Netherland,2vBET2pmrQqafaS6zIaYta
279,Onbezonnen,0.802,0.72,0.554,0.00636,0.165,-10.856,0,0.295,121.996,4,0.342,150017,Netherland,4dxWDDEkFq9VqsAcIM0IpT
280,Take Me To Church,0.634,0.566,0.664,0.0,0.116,-5.303,0,0.0464,128.945,4,0.437,291226,Netherland,3dYD57lRAUcMHufyqn9GcI
281,Latest,0.435,0.553,0.802,0.0,0.0579,-3.879,1,0.502,170.386,5,0.761,1726517,Netherland,7oRioXgnMk5UnF37q0rXlW
282,Pressure (feat. Tove Lo),0.659,0.859,0.558,0.324,0.124,-8.991,0,0.0902,114.978,4,0.357,4445908,Netherland,4ga4WvRNhMsIL38pkBbnIN
283,Friday (feat. Mufasa & Hypeman) - Dopamine Re-Edit,0.0076,0.824,0.862,0.000132,0.303,-3.424,1,0.126,122.98,4,0.801,11158482,Netherland,4cG7HUWYHBV6R6tHn1gxrl
284,Latest Trends,0.085,0.716,0.513,0.0,0.12,-10.159,0,0.223,141.894,4,0.8,2584017,Netherland,7pnQ23WgZca9jEfMts9qsR
285,Floating Through Space,0.00172,0.575,0.844,0.0,0.114,-4.89,0,0.072,104.914,4,0.277,208366,Netherland,2AceGjiX9isUbXmMZa0Dl1
286,Another Love,0.717,0.442,0.538,2.95e-05,0.09,-8.55,0,0.0451,122.758,4,0.139,2496839,Netherland,7jtQIBanIiJOMS6RyCx6jZ
287,Niet Simpel,0.157,0.752,0.689,0.0,0.161,-6.03,0,0.059,141.922,4,0.719,188286,Netherland,1lM813OPQTIeVwtRFN4EKP
288,Voor Nu,0.83,0.448,0.319,0.0,0.158,-8.338,1,0.0353,86.722,4,0.563,177526,Netherland,51LeFZMfExTsyDBFdCMkNX
289,Ownen,0.884,0.768,0.562,5.35e-05,0.106,-8.65,1,0.443,96.055,4,0.706,171589,Netherland,2sNl11NsWOtsTZB09Cluv5
290,Learning To Fly,0.159,0.584,0.831,0.0,0.144,-5.853,1,0.0631,127.18,4,0.359,654867,Netherland,5b8fVPFMoWNuNDUoketKlt
291,Up,0.0012,0.868,0.795,0.0193,0.0461,-6.044,1,0.269,166.0,4,0.819,2073429,Netherland,1M4OcYkxAtu3ErzSgDEfoi
292,Gangstershit,0.486,0.792,0.633,0.0,0.11,-9.529,0,0.212,92.658,4,0.511,487220,Netherland,5wkWIG0wRUqagA4ebq2B8Y
293,Goosebumps - Remix,0.418,0.841,0.593,0.0,0.124,-7.846,1,0.0379,124.917,4,0.808,1971287,Netherland,5uEYRdEIh9Bo4fpjDd4Na9
294,Fly Away,0.217,0.806,0.513,0.0,0.217,-6.208,1,0.0685,124.988,4,0.503,143688,Netherland,5ri4zqtWhG07hIuNNDWP76
295,Riptide,0.431,0.484,0.731,0.0,0.151,-6.694,1,0.0379,101.654,4,0.51,1293317,Netherland,7yq4Qj7cqayVTp3FF9CWbm
296,My Head & My Heart,0.0697,0.614,0.934,0.0,0.121,-3.709,0,0.07,116.001,4,0.436,4238844,Netherland,1KixkQVDUHggZMU9dUobgm
297,Calling My Phone,0.451,0.907,0.393,1.35e-06,0.135,-7.636,0,0.0539,104.949,4,0.202,3855875,Netherland,5Kskr9LcNYa0tpt5f0ZEJx
298,Van De Buurt,0.55,0.754,0.554,0.0,0.0999,-7.765,0,0.423,93.537,4,0.465,1436582,Netherland,3dYJIqVtU8ZuqQUeMlEb6P
299,Astronaut In The Ocean,0.175,0.778,0.695,0.0,0.15,-6.865,0,0.0913,149.996,4,0.472,7529175,Netherland,3VT8hOC5vuDXBsHrR53WFh
300,We're Good,0.0319,0.722,0.588,0.0,0.183,-5.932,1,0.0544,134.01,4,0.59,5551510,Netherland,1diS6nkxMQc3wwC4G1j0bh
301,Floating Through Space,0.00172,0.575,0.844,0.0,0.114,-4.89,0,0.072,104.914,4,0.277,5960939,Netherland,0XwSUpdrF7nR7hVxbDs7mb
302,Throwback,0.11,0.549,0.804,4.43e-05,0.311,-6.037,0,0.402,159.888,4,0.734,1122141,Netherland,7yrR9EmykPCA1IQsbyOVTE
303,Barrio,0.0942,0.77,0.837,0.0,0.0623,-5.8,0,0.307,138.235,4,0.79,683384,Netherland,5FCOXn36ls2qu1E4VmvAiL
304,Guestlist,0.0485,0.551,0.67,2.72e-05,0.0664,-6.325,1,0.373,200.052,4,0.652,879907,Netherland,46yplRp7xn26QkDe8AdgaB
305,Links Rechts,0.0246,0.423,0.82,0.0,0.873,-6.027,0,0.205,150.018,4,0.665,275933,Netherland,7nFKFcmWf2l7WTyK0g9MHX
306,There Will Be A Way,0.125,0.626,0.619,0.0,0.0352,-6.512,0,0.0637,137.898,4,0.288,1176338,Netherland,3x0oki17hCg1Y4WIHQOrcs
307,3andak Dough,0.0436,0.736,0.727,0.0,0.221,-7.441,1,0.162,109.964,4,0.301,457096,Netherland,6PZAY0CDVvVlf4vJYlQpxA
308,No hook 3 (Freestyle),0.113,0.852,0.595,1.33e-06,0.308,-8.829,1,0.0938,126.015,4,0.933,771296,Netherland,4OrQJku8ySmgW3Gia07YpY
309,Perro (feat. Broederliefde & Dopebwoy),0.356,0.911,0.704,0.000245,0.174,-5.712,0,0.0794,100.011,4,0.75,673514,Netherland,5YyYtC4TJW2f607RFgodav
310,L*l In De Lockdown (Power Hour Edit),0.0046,0.464,0.931,0.00134,0.18,-4.082,0,0.0693,154.954,4,0.403,634383,Netherland,4lIORHYHCUjJsIDbRNjp1O
311,De Toreador,0.16,0.729,0.969,0.0,0.185,-3.32,0,0.0463,130.027,4,0.796,198879,Netherland,263LTQQjp6gLjxP2O7MFBD
312,Probleem,0.419,0.557,0.661,0.0,0.105,-7.284,0,0.362,140.362,4,0.261,352755,Netherland,6SNro9d9YFVAzpBCHfl4pc
313,Vrouwkes,0.162,0.846,0.781,0.000186,0.0882,-7.143,1,0.187,128.092,4,0.805,185878,Netherland,7HYDLOJ7Qf0C6W8XflrP8g
314,Let It Be,0.109,0.422,0.963,0.0,0.722,-7.215,1,0.218,74.98,4,0.331,181364,Netherland,42UnM4zH83g6qazpG6sTNO
315,Lockdown Lul - Extended 80's Versie,0.18,0.512,0.808,0.00238,0.129,-6.888,0,0.0522,169.887,4,0.888,1192495,Netherland,1nltrWqyzvm1fnEEl2jXHF
316,Ik Moet Zuipen!,0.0906,0.505,0.894,0.0,0.936,-6.557,1,0.067,144.227,4,0.741,163733,Netherland,4xNfLtacA4f0RxzFUx4EWG
317,Atemlos durch die Nacht,0.0419,0.798,0.74,1.84e-06,0.157,-4.865,1,0.0458,128.054,4,0.834,162408,Netherland,1cSXzDZt8vzuUp2XREQEJN
318,Feest Waarvan Ik Morgen Niks Meer Weet (ft. Coen & Sander),0.142,0.733,0.771,0.0,0.253,-6.546,1,0.107,149.878,4,0.796,159967,Netherland,6XWjaJUOJoRcXwzb6PCpv8
319,Love Story (Taylor’s Version),0.135,0.626,0.79,3.97e-06,0.0989,-4.302,1,0.0311,119.082,4,0.416,154015,Netherland,3CeCwYWvdfXbZLXFhBrbnf
320,Payphone,0.0188,0.743,0.752,0.0,0.287,-4.813,1,0.0414,110.015,4,0.545,1587247,Netherland,1XGmzt0PVuFgQYYnV2It7A
321,Perfect,0.163,0.599,0.448,0.0,0.106,-6.312,1,0.0232,95.05,3,0.168,147686,Netherland,0tgVpDi06FyKpA1z0VMD4v
322,Whoopty,0.2,0.719,0.648,0.0,0.127,-7.6,0,0.125,140.201,4,0.66,2998900,Netherland,1t9WgS8FN0534tLBRwbaxO
323,Noncha (feat. 3robi & SRNO),0.411,0.674,0.713,2.23e-06,0.113,-6.76,0,0.246,76.021,4,0.675,663456,Netherland,4304k5XuRFTdgYekdO5so3
324,Cover Me In Sunshine,0.0599,0.476,0.594,0.0,0.0785,-6.879,1,0.135,159.702,4,0.314,5506489,Netherland,6Tio0ZoDeSQnI7EBAqWer2
325,Gunkolf Rap,0.0148,0.618,0.823,0.0,0.137,-5.048,1,0.376,69.91,4,0.718,204834,Netherland,2yTLazIQat8zjqIvic2LGt
326,CLOUDS,0.371,0.793,0.65,0.0,0.854,-3.944,1,0.397,128.111,4,0.809,200351,Netherland,5UMMPHPp6vRP6ghPpSUOzp
327,test drive,0.0251,0.698,0.708,0.0,0.124,-4.943,0,0.0454,115.036,4,0.322,184182,Netherland,3eZYOQO4UzKrUDYDghtnFw
328,On the Low,0.692,0.816,0.781,0.00935,0.0835,-4.237,0,0.0425,99.95,4,0.937,321000,Netherland,1PoJXULCvl03b1fiZmMxmd
329,Break My Heart,0.00701,0.653,0.763,0.0,0.137,-5.137,0,0.0719,159.02,4,0.642,155517,Netherland,6KMkEX692kOyqJ7WuPhRab
330,Blijven Slapen,0.221,0.751,0.549,0.0,0.112,-7.798,0,0.106,106.01,4,0.735,3518568,Netherland,1Fc6lVQFPOcEVz3QWEzXWL
331,501,0.162,0.613,0.796,0.0,0.292,-3.672,1,0.203,186.102,4,0.749,12674220,Netherland,0Fl4PBfIwC5G1IQAF1luUm
332,All We Got (feat. KIDDO),0.286,0.504,0.76,0.0,0.151,-4.246,1,0.0426,183.933,4,0.64,5987383,Netherland,1iAyJBksvAI6DQEnzv8l1E
333,Vuur,0.0189,0.879,0.484,4.62e-05,0.298,-8.735,1,0.201,101.97,4,0.719,2835223,Netherland,78ifqSSoGvh3EGzBnC0fKL
334,Animals,0.114,0.736,0.704,0.0,0.148,-6.143,0,0.0574,128.059,4,0.464,1442333,Netherland,28Ngq26iWmIAa0r1hCIJmI
335,Pray For Me,0.0794,0.784,0.848,0.0,0.157,-4.51,0,0.154,102.024,4,0.634,986721,Netherland,1mLHMP5NOE2MHsleisYQum
336,Learning To Fly,0.159,0.584,0.831,0.0,0.144,-5.853,1,0.0631,127.18,4,0.359,2415079,Netherland,0WX97arXDCDGFE97iADJF1
337,Telegram,0.582,0.681,0.451,0.0,0.198,-8.581,1,0.344,94.762,4,0.564,511239,Netherland,27pbhHXgeDIXZgbPNV9QrL
338,Tijd,0.316,0.784,0.436,2.07e-05,0.122,-11.309,0,0.362,140.016,4,0.409,669963,Netherland,3fEikm5YuIiLGE5E5EqOzs
339,N.I.A.,0.355,0.6,0.536,0.0,0.208,-7.357,1,0.274,200.168,4,0.66,911003,Netherland,7kLGj3Et88OoA1AOfMOYGw
340,AP - Music from the film Boogie,0.152,0.751,0.744,0.000568,0.252,-6.859,1,0.177,148.014,4,0.634,435084,Netherland,17vGPZ5EsdvtgAOCD4FLWI
341,Free GG,0.0826,0.74,0.7,0.0,0.0817,-6.132,1,0.0782,87.442,4,0.557,235326,Netherland,0OoYXjXdq5mBeZRx1QNETB
342,Beschadigd,0.299,0.859,0.524,0.0,0.162,-9.865,0,0.461,96.982,4,0.651,223696,Netherland,1eIwK81xc38sDEMoBTHiww
343,telepatía,0.112,0.653,0.524,0.0,0.203,-9.016,0,0.0502,83.97,4,0.553,1894505,Netherland,6tDDoYIxWvMLTdKpjFkc1B
344,Neighborhood Hero,0.147,0.847,0.605,2.01e-06,0.132,-6.912,0,0.293,90.008,4,0.809,209167,Netherland,6mrQa9a4kkxSSoDVymKkZ4
345,Only Wanna Be With You - Pokémon 25 Version,0.00124,0.47,0.709,0.00121,0.302,-4.563,1,0.0299,98.036,4,0.247,208816,Netherland,3SawmGBjjq8EOYZJV11cJm
346,In 2 That,0.0299,0.73,0.773,5.62e-06,0.0911,-4.891,0,0.111,99.94,4,0.59,207936,Netherland,1YyBTFtUsMl3kX3ndAnrfq
347,All I Need,0.106,0.879,0.823,0.0,0.156,-3.761,0,0.267,99.947,4,0.873,205730,Netherland,7oofzrmjlHOd6rf1uS9SOD
348,22 Doezoe,0.866,0.848,0.655,0.0,0.104,-5.828,0,0.447,96.82,4,0.705,199697,Netherland,6yGexwhhYZrEGLQWYHXj4U
349,Connectie,0.104,0.654,0.702,0.0,0.321,-7.515,0,0.256,75.013,4,0.634,185667,Netherland,2kx16WlKbYk67DPBLn8VZ7
350,Meisje Je Weet,0.0302,0.684,0.619,0.0,0.142,-5.441,0,0.0464,150.011,4,0.253,182224,Netherland,4qhmJWdvrl8bbxZd7WjGLa
351,Mama Zei ’t Al,0.227,0.508,0.53,0.0,0.592,-8.609,0,0.532,82.267,4,0.347,179867,Netherland,7kMf9OXIRQNdmo0jelqijl
352,Thuis Kom,0.342,0.761,0.6,0.0,0.105,-10.372,0,0.8,79.526,4,0.189,179187,Netherland,4mXoHnDr88IVFWShiqQ7wI
353,BED,0.0142,0.671,0.782,0.00221,0.333,-4.593,1,0.0341,123.989,4,0.618,3746160,Netherland,0siYMEsGrzzzlWLXK5zJfS
354,Heartbreak Anniversary,0.524,0.449,0.465,1.02e-06,0.303,-8.964,1,0.0791,89.087,3,0.543,2316814,Netherland,3FAJ6O0NOHQV8Mc5Ri6ENp
355,SugarCrash!,0.53,0.745,0.74,7.37e-05,0.0936,-6.558,1,0.097,97.735,4,0.36,340357,Netherland,3FxPbp05KjMBa4HbhAJTH0
356,On My Mind,0.00155,0.771,0.731,0.681,0.217,-6.577,1,0.0407,123.026,4,0.629,161522,Netherland,5hmcw6bW5V24CvJqsz87We
357,Ik Loer D’r 3,0.168,0.652,0.858,0.0,0.0871,-3.955,0,0.105,160.046,4,0.625,158300,Netherland,01UtCcD60it0FCymQN3OPp
358,In Your Eyes (feat. Alida),0.172,0.57,0.672,1.04e-06,0.0768,-5.888,0,0.0716,120.018,4,0.461,157941,Netherland,1ME3PNQYZbMGN73NN2Vhlh
359,Goud,0.162,0.736,0.486,0.0,0.121,-7.627,0,0.043,110.026,4,0.562,7702815,Netherland,3aViSiRTiK1e5OqJtUk3MS
360,Bakstenen,0.24,0.861,0.528,1.12e-06,0.101,-8.214,0,0.321,100.052,4,0.548,2885164,Netherland,54CF09pUQfkmjuaGCvoX49
361,MANSORY,0.0982,0.907,0.649,0.0,0.0786,-6.479,1,0.234,94.99,4,0.561,3034093,Netherland,1pnjvEwTPRCc3luh7K6nXC
362,Handrem,0.281,0.483,0.793,0.0,0.14,-5.528,0,0.376,179.796,4,0.576,1765932,Netherland,1P8fQSLScyWEayKBNEuEzX
363,Hold On,0.0106,0.658,0.634,0.0,0.132,-5.797,0,0.0413,139.98,4,0.29,1457591,Netherland,4u4NyuceXP7Uzh7XFJKCr1
364,Van De Buurt,0.55,0.754,0.554,0.0,0.0999,-7.765,0,0.423,93.537,4,0.465,1422385,Netherland,3ce3e9LC9cfCUCn5EmvmlZ
365,Patek / RM,0.676,0.727,0.652,2.45e-05,0.279,-6.134,1,0.228,112.074,4,0.365,1030119,Netherland,3F1uR73KiJtxJgMgHrtHGq
366,Zeg Alleen Niks,0.572,0.653,0.809,0.0,0.293,-5.857,0,0.382,93.925,4,0.612,1004843,Netherland,3CgM2SsRgAMmZEuKA1Xxtc
367,Van A naar B,0.697,0.787,0.667,1.74e-06,0.121,-6.268,0,0.277,100.021,4,0.365,998663,Netherland,4cUvYiRC9gLHNzkd1pnb7v
368,Leave The Door Open,0.182,0.586,0.616,0.0,0.0927,-7.964,1,0.0324,148.088,4,0.719,4251411,Netherland,7MAibcTli4IisCtbHKrGMh
369,Slaap Op Papier,0.707,0.731,0.621,0.0,0.119,-4.956,0,0.368,96.364,4,0.632,711001,Netherland,0z4QM39rJxlgSCamfWd7ws
370,Breng Mij Terug,0.831,0.589,0.514,0.000315,0.108,-12.178,0,0.303,85.394,4,0.509,1241278,Netherland,5uZbid9f5TiXCLUP0I9Sv3
371,Michelin,0.612,0.663,0.725,1.29e-06,0.119,-4.832,1,0.336,93.837,4,0.626,615813,Netherland,3r4FufPY94oqKRIyeBpTN8
372,What’s Next,0.0136,0.781,0.594,0.0,0.162,-6.959,0,0.0485,129.895,4,0.0628,904593,Netherland,3aQem4jVGdhtg116TmJnHz
373,Achter Standbeen,0.218,0.764,0.67,0.0,0.233,-6.104,0,0.396,98.052,4,0.583,599737,Netherland,0DblcoJ17Ph1ZjB006kF1C
374,Tijdloos,0.389,0.854,0.8,0.0,0.269,-5.41,0,0.15,95.006,4,0.415,580474,Netherland,3df54nxVscnLlot2yMVsx6
375,Een Moment,0.342,0.438,0.645,2.15e-05,0.132,-6.597,1,0.0289,149.782,4,0.394,3175902,Netherland,2EgnCPvbhL5suzKQIUoULA
376,Niemand Begrijpt,0.541,0.865,0.747,0.000164,0.106,-4.725,0,0.319,99.973,4,0.369,400053,Netherland,0IvHQZrWzsa3xs7BR8fHOO
377,Wants and Needs (feat. Lil Baby),0.0618,0.578,0.449,2.17e-06,0.119,-6.349,1,0.286,136.006,4,0.1,601575,Netherland,65OVbaJR5O1RmwOQx0875b
378,Lemon Pepper Freestyle (feat. Rick Ross),0.103,0.77,0.637,0.0,0.171,-5.53,1,0.345,94.966,4,0.431,566062,Netherland,4FRW5Nza1Ym91BGV4nFWXI
379,Maandag,0.249,0.906,0.461,0.0,0.111,-8.318,0,0.226,118.047,4,0.502,318137,Netherland,6IoyOudReIneb54jRx7rCN
380,Tranen,0.264,0.45,0.647,4.17e-06,0.14,-7.188,1,0.0814,95.137,4,0.464,261959,Netherland,0y6ehP0fhVbxv8GoP19lxs
381,FaceTime,0.0172,0.757,0.632,2e-05,0.0648,-6.559,0,0.1,100.914,4,0.63,235305,Netherland,04LTgSJevLUTzAIeR1N2Jy
382,Kabelbaan,0.0417,0.718,0.6,9.63e-06,0.0869,-5.394,1,0.148,94.808,4,0.834,204509,Netherland,1QDIjSDzCYByzAd7gqbsfs
383,Miss You,0.0482,0.56,0.887,0.0,0.0958,-3.524,1,0.0596,125.0,4,0.397,1603203,Netherland,4odMGVNm2t07wwtzxKUlBc
384,Selfish Love (with Selena Gomez),0.0206,0.723,0.646,0.352,0.0994,-7.973,0,0.102,110.971,4,0.443,185613,Netherland,3XoflnowYPFRPOh3uFvHcm
385,Birth Of A New Age,0.479,0.718,0.718,8.8e-06,0.234,-4.969,0,0.0609,95.039,4,0.539,178685,Netherland,5GVMXVYBFyUeq1jz8IsGRq
386,Neckless (feat. Defano Holwijn) - Remix,0.0076,0.951,0.463,0.00241,0.0992,-9.539,0,0.293,105.024,4,0.356,169596,Netherland,5Pbs9KWHmHBWm7E1eSIvvR
387,Wellerman - Sea Shanty,0.614,0.675,0.359,0.0,0.137,-5.157,1,0.108,191.903,4,0.792,164966,Netherland,54OBgO0Xwu20Jak9TMXbR7
388,Blauwe Dag,0.245,0.704,0.571,0.0,0.299,-7.319,1,0.0463,98.007,4,0.494,323230,Netherland,0N1sqwppd1BwhNdjcIDEG2
389,Blijven Slapen,0.221,0.751,0.549,0.0,0.112,-7.798,0,0.106,106.01,4,0.735,8798849,Netherland,7BRKEcW05hOZMJ3bKOOzQl
390,Geen Hype,0.353,0.833,0.552,0.0,0.11,-7.56,0,0.287,139.968,4,0.514,3192873,Netherland,1CwhKXOiL4vyUcNYqo3dVF
391,NIKE TECH,0.0406,0.89,0.833,2.19e-06,0.0705,-5.289,0,0.283,143.013,4,0.688,3752146,Netherland,7kqftRMUoBeeyb4ZkAKPiA
392,In De Schuur,0.124,0.776,0.686,0.0,0.123,-6.932,1,0.0458,139.969,4,0.88,3060978,Netherland,4d2NiGtCaVrMihMfarLE8o
393,Maandag,0.249,0.906,0.461,0.0,0.111,-8.318,0,0.226,118.047,4,0.502,2336864,Netherland,7ytBShb0bkPe6HcJtMgzQx
394,Quarantaine Sessie #3,0.069,0.85,0.803,0.0,0.244,-4.565,1,0.34,97.966,4,0.436,1121908,Netherland,1PTimFLmzeqVnusqAD0eQA
395,Dragon Roll,0.0533,0.839,0.72,0.00379,0.0612,-4.288,0,0.0459,95.03,4,0.826,2033986,Netherland,4TZviWQs1JqGS03Mja0bNB
396,Handle It,0.0159,0.792,0.636,0.187,0.128,-4.256,0,0.0775,95.011,4,0.811,1858791,Netherland,5LyKH6c6KbKmExhu7LS0ZC
397,Zonder Jas Naar Buiten,0.0554,0.784,0.605,1.95e-05,0.0774,-6.96,0,0.0476,103.005,4,0.62,679199,Netherland,3b89YdzIEHQRvIHlULfXXE
398,Kleur,0.249,0.767,0.524,1.7e-06,0.185,-6.518,1,0.0438,124.045,4,0.655,1255074,Netherland,3HGlpIqHEInelCfDZYd0Ki
399,Crooswijk Freestyle (feat. Murda),0.259,0.839,0.505,1.98e-05,0.114,-9.098,1,0.236,96.059,4,0.328,462968,Netherland,3fenfeEn3NG2r7seFWHT3p
400,Goed Opgedroogd,0.24,0.657,0.6,1.07e-06,0.381,-7.873,1,0.0403,95.027,4,0.565,446384,Netherland,1Sp93t2RdGTpAQMoKDfzno
401,Door De Drank,0.192,0.636,0.485,8.32e-05,0.176,-8.266,1,0.0424,78.032,4,0.435,270670,Netherland,4y222M9NcwcK8RxQzDYsEW
402,Smoorverliefd,0.598,0.534,0.314,0.0,0.103,-8.717,1,0.0382,91.118,4,0.442,820130,Netherland,756rwoDyrGUx0UJcH1DDHw
403,FaceTime,0.0172,0.757,0.632,2e-05,0.0648,-6.559,0,0.1,100.914,4,0.63,433039,Netherland,2JqOp4HjDHUPqSNqxxy7X1
404,Follow You,0.00209,0.542,0.732,7.92e-05,0.496,-5.956,1,0.0521,124.912,4,0.489,2108197,Netherland,7FdUvDkaE24o3FPIWTvzv2
405,Limonade,0.348,0.729,0.402,0.0,0.0615,-9.039,1,0.0603,100.05,4,0.514,233660,Netherland,0AApEBmju5swzvU1yp4xTK
406,Zware Chain (feat. Yssi SB),0.0192,0.803,0.766,0.0,0.616,-5.93,1,0.309,144.994,4,0.768,226000,Netherland,5VbbVKiDRlMLKzXGVlXslj
407,Dom & Onbeleefd,0.87,0.648,0.366,0.0,0.1,-9.178,1,0.0384,109.307,4,0.433,220400,Netherland,5y5skol2GHWuUY2b0TqPzB
408,1 Op Een Miljoen,0.772,0.667,0.449,0.0,0.0947,-7.363,1,0.0334,93.999,4,0.427,1537230,Netherland,1Ox6RIOerYvgRH9AxIl4DO
409,Guestlist,0.0485,0.551,0.67,2.72e-05,0.0664,-6.325,1,0.373,200.052,4,0.652,399270,Netherland,20MOO7plOjibqYLHlvWT8N
410,Papa Heeft Weer Wat Gelezen,0.213,0.474,0.691,0.0,0.168,-6.918,1,0.0499,66.805,4,0.466,199094,Netherland,3QMygOOOQxU5EPQGfYqMxV
411,Commitment Issues,0.463,0.8,0.71,0.0,0.339,-6.403,0,0.295,147.171,4,0.795,528186,Netherland,0UCKUJU94sx8XBQnaNsRkB
412,Allemaal Hetzelfde,0.775,0.593,0.359,1.13e-05,0.344,-12.719,1,0.133,86.24,4,0.638,174475,Netherland,7nMklNADHXmeKj57U64bjT
413,Thuis,0.218,0.557,0.573,0.0,0.0896,-8.417,1,0.139,180.136,4,0.454,171984,Netherland,7j84IKb8P65fe92iXmrVwl
414,SugarCrash!,0.524,0.748,0.734,1.15e-05,0.0975,-6.499,1,0.124,97.753,4,0.368,170126,Netherland,2ePtv8MlBO9nuuXABqAfEX
415,Zij Laat Me Praten,0.667,0.401,0.251,1.4e-05,0.102,-11.721,1,0.0308,155.609,3,0.364,170083,Netherland,1o2rSW6lzJgAQjTRew74hR
416,LOST,0.352,0.637,0.912,0.0,0.0657,-3.123,1,0.308,116.919,4,0.451,165877,Netherland,2MZrOmrVxRmmOoFW6dhenG
417,Can’t Play Us,0.00125,0.675,0.645,2.95e-05,0.112,-5.712,0,0.173,112.092,5,0.629,405336,Netherland,5wTydWVTI16piJ6IqFTAhH
418,Loading,0.732,0.85,0.68,0.0,0.0964,-6.18,0,0.338,144.006,1,0.694,331204,Netherland,4vzJrkfHbCGaodPA5RY5BV
419,Patience (feat. YUNGBLUD & Polo G),0.00251,0.616,0.741,0.0,0.307,-4.272,0,0.0426,122.012,4,0.431,163085,Netherland,5J5CpT6bgE6KYKk23jgp9W
420,Peaches (feat. Daniel Caesar & Giveon),0.321,0.677,0.696,0.0,0.42,-6.181,1,0.119,90.03,4,0.464,7118217,Netherland,4iJyoBOLtHqaGxP12qzhQI
421,Hold On,0.0104,0.658,0.634,0.0,0.12,-6.068,0,0.0431,140.002,4,0.302,4629712,Netherland,1nahzW3kfMuwReTka28tH5
422,Anyone,0.185,0.685,0.521,3.59e-06,0.111,-8.285,1,0.0345,115.885,4,0.578,3213561,Netherland,2WnAKZefdRHxtBEkRjFOHC
423,As I Am (feat. Khalid),0.127,0.595,0.543,0.0,0.0975,-8.149,1,0.038,99.928,4,0.109,1900907,Netherland,6F2r4HgpJnvKDmkN6JEN6J
424,Holy (feat. Chance The Rapper),0.2,0.67,0.693,0.0,0.0909,-8.34,1,0.35,87.017,4,0.388,1840475,Netherland,6Xgq7MvZiet0hVi3KaDSgJ
425,Lonely (with benny blanco),0.9,0.619,0.241,0.0,0.116,-7.102,0,0.046,79.461,4,0.0719,1670762,Netherland,3S8jK1mGzQi24ilFb45DAZ
426,Off My Face,0.92,0.509,0.228,0.0,0.104,-8.68,1,0.0332,90.674,4,0.586,1332010,Netherland,3T03rPwlL8NVk1yIaxeD8U
427,Unstable (feat. The Kid LAROI),0.737,0.495,0.333,0.0,0.112,-10.109,0,0.0288,99.757,4,0.37,1247714,Netherland,137mSruegm1u6x9NvwiagR
428,Ghost,0.185,0.601,0.741,2.91e-05,0.415,-5.569,1,0.0478,153.96,4,0.441,1346727,Netherland,6I3mqTwhRpn34SLVafSH7G
429,Loved By You (feat. Burna Boy),0.0696,0.79,0.724,2.33e-06,0.113,-6.972,1,0.0852,101.04,4,0.642,986821,Netherland,2tB9OFgAHjAds3cqquLlvp
430,2 Much,0.593,0.583,0.444,0.0,0.353,-8.601,1,0.0456,119.59,4,0.167,918901,Netherland,0oaY19dUwZimIgzn3ZZLZO
431,Deserve You,0.0314,0.677,0.633,0.0,0.112,-7.831,1,0.0771,89.934,4,0.409,900520,Netherland,5NU40QTlXrDUJzDBdv79bg
432,Love You Different (feat. BEAM),0.0652,0.759,0.584,1.59e-06,0.16,-6.655,1,0.06,127.138,4,0.374,856029,Netherland,27UcQ6dAvQrgH9C880rCM3
433,Die For You (feat. Dominic Fike),0.00196,0.728,0.629,1.94e-06,0.0847,-6.629,1,0.0318,135.031,4,0.71,785132,Netherland,7aely3H8kMj9o0gt6vXHE1
434,Somebody,0.000284,0.551,0.756,9.48e-05,0.118,-7.679,1,0.045,75.991,4,0.359,560631,Netherland,3buwFfY33H32wfZ6X9poV3
435,Geen Cartoon,0.166,0.913,0.488,0.0,0.207,-9.991,1,0.365,110.055,4,0.403,586686,Netherland,6ljxMRrulo8H4HUAWW4RCs
436,Piratenweg,0.252,0.621,0.651,0.0,0.112,-8.544,0,0.376,99.816,4,0.728,435015,Netherland,2Kt9kdMWpdBdKLLPMk3vgZ
437,Headshot (feat. Polo G & Fivio Foreign),0.0758,0.809,0.638,0.0,0.15,-7.268,0,0.257,117.982,4,0.392,431453,Netherland,6cQ08IpBxxfGcSKxqE3NmB
438,Hee Joh Jip,0.715,0.391,0.402,6.07e-05,0.107,-5.886,1,0.0315,86.291,3,0.404,1159049,Netherland,5c5cD2VQJcc7VScwW6Ra4k
439,Come Thru,0.0277,0.675,0.71,1.97e-05,0.434,-6.022,1,0.165,67.064,5,0.27,219538,Netherland,0V825HbDpHPXs4mOQtGnbW
440,10 Racks,0.0161,0.628,0.615,0.0,0.0923,-7.599,0,0.51,84.114,4,0.572,207608,Netherland,53FmILgZ0y7KXQbZTxjBCO
441,MLK Interlude,0.386,0.649,0.429,0.0,0.311,-8.428,0,0.468,100.389,3,0.426,197685,Netherland,680qLWCMRfR6evrNNBCE9e
442,Nobody Is Perfect,0.0279,0.579,0.593,0.0,0.172,-7.971,1,0.0436,89.92,4,0.361,1262259,Netherland,7Cwsh08UEGp6dTWESwwkNd
443,Fully Mata,0.0166,0.784,0.573,0.0,0.224,-8.243,0,0.338,109.544,5,0.679,365432,Netherland,3Tt71YDIwyT2ZvTnflOKFm
444,Rise,0.228,0.689,0.612,7.77e-06,0.368,-6.014,1,0.0387,122.076,4,0.461,1589689,Netherland,7HXBG0W8gFJwHUh5mVF9tf
445,Treur Niet (Ode Aan Het Leven),0.202,0.684,0.717,0.0,0.127,-8.561,0,0.0638,97.993,4,0.571,330942,Netherland,11iIeclbEWUhkmLArE9Hr0
446,MONTERO (Call Me By Your Name),0.297,0.61,0.508,0.0,0.384,-6.682,0,0.152,178.818,4,0.758,1887833,Netherland,3BZEcbdtXQSo7OrvKRJ6mb
447,10 Keer,0.00758,0.602,0.755,0.0,0.1,-5.297,1,0.247,131.054,5,0.549,1162592,Netherland,0w0ZsbRUjoAONcoO85rPHt
448,Etages,0.203,0.892,0.65,0.0,0.182,-7.286,0,0.277,108.025,4,0.367,979083,Netherland,1mmkY3IFQ6Kj60wnGp6q3z
449,Frans Duits,0.152,0.842,0.678,0.0,0.0669,-6.361,1,0.101,118.048,4,0.919,1476912,Netherland,6iSm0u8DL5MqeptlsoeS90
450,Mood (feat. iann dior),0.174,0.701,0.716,0.0,0.324,-3.671,0,0.0361,91.007,4,0.732,1012493,Netherland,4jPy3l0RUwlUI9T5XHBW2m
451,Little Bit of Love,0.0833,0.689,0.706,0.0,0.105,-4.48,0,0.0312,106.52,4,0.623,1140662,Netherland,3Iba59sFmGhQ4kbCY5L8AX
452,Starboy,0.104,0.839,0.699,0.00251,0.0845,-4.719,0,0.178,95.034,4,0.694,496140,Netherland,3uZXsILYX8b4Oyu1hCIT6E
453,Good Without,0.0723,0.616,0.576,0.0,0.375,-5.495,0,0.0532,89.962,4,0.269,820814,Netherland,15OCqNPYoLziEAsbVnqRj5
454,Zoveel Tegenslagen,0.419,0.82,0.541,0.0,0.13,-9.34,1,0.535,155.026,4,0.583,421494,Netherland,0BOfpBx2l7GgVBH5kCw5gP
455,Vogelvrij,0.193,0.793,0.554,0.0,0.292,-6.531,0,0.247,98.886,4,0.638,398646,Netherland,2Xk7yH7wP8jS3iGVJRGAEQ
456,Sacrifice,0.0878,0.659,0.877,0.0,0.094,-5.089,0,0.0288,119.992,4,0.471,854650,Netherland,1RSBK5VWdjPjHEmRhAkS4Q
457,Afraid Of The Dark,0.0179,0.728,0.623,0.000215,0.393,-6.645,0,0.0332,120.019,4,0.632,958646,Netherland,4YEsNhGhXXtefznetrzhMb
458,Horizon,0.0259,0.641,0.699,1.74e-06,0.104,-7.521,1,0.0269,133.915,4,0.77,592019,Netherland,5R3wMUOI4P8H3s5bOsfTmS
459,No Diggity,0.0536,0.74,0.709,0.0,0.11,-5.573,0,0.0674,121.998,4,0.69,917208,Netherland,32PKQDEaouIIOlNZ5umoR6
460,Angels Like You,0.0981,0.672,0.642,0.0,0.1,-4.035,1,0.0313,121.981,4,0.494,778730,Netherland,1daDRI9ahBonbWD8YcxOIB
461,Alboz Hajde,0.064,0.899,0.577,0.000273,0.074,-9.119,0,0.304,104.015,4,0.466,198755,Netherland,05sl8goSfHWxcZa9AvONmU
462,Miyek,0.592,0.719,0.566,0.0,0.148,-8.736,0,0.0898,119.933,4,0.526,369573,Netherland,5sREFI1rYfv3rcoHyap6La
463,Niet Terug,0.589,0.668,0.474,0.000128,0.0932,-7.937,1,0.184,103.779,4,0.273,187227,Netherland,0xwCFFqN47zt9cDybfuNzr
464,MYKILLI,0.107,0.522,0.63,0.0,0.126,-3.451,1,0.107,94.999,4,0.816,347211,Netherland,3a9VWWcadXinOPMQzJS8uU
465,On My Mind,0.00161,0.771,0.729,0.672,0.217,-6.577,1,0.0408,123.027,4,0.63,339968,Netherland,54hA0ldJYyT1huGfSeOjdQ
466,JUST LIKE YOU,0.489,0.775,0.757,0.0,0.28,-4.607,0,0.228,140.044,4,0.541,176119,Netherland,7tTRFVlFzk6yTnoMcParmi
467,Wasted Love (feat. Lagique),0.0821,0.734,0.855,4.73e-06,0.0901,-4.578,0,0.135,121.955,4,0.54,663660,Netherland,2pPO9YecZimmuVQfIzfV6U
468,Nesesari (feat. Philkeyz),0.328,0.774,0.802,2.7e-06,0.0666,-5.482,0,0.123,110.793,4,0.95,169304,Netherland,3YzhsBh8BRGxbMThPC3Ibw
469,Runaway,0.629,0.422,0.302,7.83e-05,0.104,-9.214,1,0.0372,114.089,4,0.123,682085,Netherland,1v1oIWf2Xgh54kIWuKsDf6
470,Beautiful Mistakes (feat. Megan Thee Stallion),0.0377,0.713,0.676,0.0,0.154,-5.483,1,0.027,99.048,4,0.721,547029,Netherland,6fRxMU4LWwyaSSowV441IU
471,Counting Stars,0.0654,0.664,0.705,0.0,0.118,-4.972,0,0.0382,122.016,4,0.477,487743,Netherland,2tpWsVSb9UEmDRxAl1zhX1
472,Fisherman,0.0164,0.554,0.678,1.63e-06,0.0891,-3.029,1,0.175,67.403,4,0.183,1548826,Netherland,0phcrAwEZgGZ2do3GaZYAd
473,deja vu,0.593,0.439,0.61,1.07e-05,0.341,-7.236,1,0.116,181.088,4,0.172,920085,Netherland,61KpQadow081I2AsbeLcsb
474,Calling My Phone,0.451,0.907,0.393,1.35e-06,0.135,-7.636,0,0.0539,104.949,4,0.202,800144,Netherland,3J8EOeKLTLXORtWPpOU5bE
475,Hele Enge Flex,0.0978,0.687,0.741,3.84e-05,0.301,-5.813,1,0.261,157.291,4,0.333,505594,Netherland,00eYAGQLxAu8DRmJmNlnXr
476,Geen Cartoon,0.166,0.913,0.488,0.0,0.239,-9.999,1,0.364,110.048,4,0.396,222803,Netherland,3WQSKH6fSPVIDf9eEwJIVs
477,Danken,0.337,0.752,0.472,0.0,0.102,-10.763,0,0.398,95.969,4,0.105,424844,Netherland,6KKLkAwseK6oUCcF8Tsoh2
478,Headshot (feat. Polo G & Fivio Foreign),0.0802,0.808,0.639,0.0,0.15,-7.266,0,0.279,118.0,4,0.395,369059,Netherland,4eNOLmx8r2IJAVKvBBL1jv
479,Met Him Last Night (feat. Ariana Grande),0.22,0.538,0.512,0.0,0.101,-4.548,0,0.0262,144.978,4,0.12,398274,Netherland,4yyX2Iu4xJjW9xMvBZKSBi
480,Body,0.389,0.889,0.705,1.04e-05,0.0692,-8.683,0,0.392,141.069,4,0.815,399348,Netherland,3CVb6hkMrlF7eHhXi5B3PZ
481,Physical,0.0631,0.782,0.59,0.0,0.166,-4.456,0,0.294,99.886,4,0.859,353884,Netherland,2RTuaiIRU3Jrt09NABwXkH
482,Run It Up (feat. Offset & Moneybagg Yo),0.415,0.88,0.575,0.0,0.109,-6.091,1,0.163,120.031,4,0.671,170131,Netherland,1dg3qy5DjoJodawfOCgrTP
483,Alles Komt Goed,0.725,0.652,0.531,1.52e-06,0.189,-7.319,0,0.0348,131.955,4,0.354,334985,Netherland,0LbT0dDbSXAus5hhLfuTVu
484,Vreemde Leegte,0.521,0.494,0.465,5.5e-06,0.0969,-9.175,1,0.0303,80.058,4,0.299,167001,Netherland,6lk0guHFQTBYnvWYDstwrU
485,Schat Ik Ben Ok,0.343,0.844,0.698,0.0,0.338,-4.844,0,0.0402,99.032,4,0.875,340215,Netherland,0SjRVIZcRHqIHuU540ZZN5
486,MONTERO (Call Me By Your Name),0.297,0.61,0.508,0.0,0.384,-6.682,0,0.152,178.818,4,0.758,1598207,Netherland,67BtfxlNbhBmCDR2L2l8qd
487,Waar Ik Vandaan Kom,0.0532,0.638,0.838,0.0,0.233,-5.0,0,0.202,160.08,4,0.497,737238,Netherland,6kF1Fvr3OqxEdwM9t4ROca
488,RAPSTAR,0.41,0.789,0.536,0.0,0.129,-6.862,1,0.242,81.039,4,0.437,736394,Netherland,43PGPuHIlVOc04jrZVh9L6
489,Geen Hype,0.353,0.833,0.552,0.0,0.11,-7.56,0,0.287,139.968,4,0.514,610116,Netherland,4gpIYaycFCdixCMUO8hoNK
490,Telt Niet Mee,0.21,0.851,0.534,7.18e-06,0.0931,-6.928,0,0.186,99.967,4,0.47,529930,Netherland,2eht8oahNIcP5al0XZZLJc
491,Kiss Me More (feat. SZA),0.235,0.762,0.701,0.000158,0.123,-3.541,1,0.0286,110.968,4,0.742,373938,Netherland,748mdHapucXQri7IAO8yFK
492,Validé,0.15,0.783,0.565,0.00159,0.129,-6.714,0,0.0987,114.026,4,0.668,300228,Netherland,7xXGQNzX1fqKgFr4M3pO6B
493,Rasputin,0.00364,0.758,0.913,6.92e-05,0.193,-2.926,0,0.113,128.04,4,0.658,273513,Netherland,0b18g3G5spr4ZCkz7Y6Q0Q
494,Bij Je,0.692,0.732,0.33,0.0,0.151,-10.877,0,0.0415,100.006,4,0.728,270589,Netherland,3nDfhIYbXo9BGo62ALwhEC
495,Blender,0.0421,0.716,0.599,1.21e-06,0.111,-6.685,0,0.371,172.341,4,0.434,234428,Netherland,4n03FrUmeUuPE8U6mnKiV3
496,Special,0.0889,0.73,0.675,0.0,0.108,-7.141,1,0.263,80.017,4,0.627,204504,Netherland,3tgOHTTljYW6FaR6JiXBii
497,Shy Away,0.000818,0.588,0.856,0.0739,0.238,-5.242,0,0.0316,96.966,4,0.635,198638,Netherland,2z0IupRlVRlDN5r2IVqHyN
498,Tellie Uit (feat. Ismo),0.326,0.782,0.635,0.0,0.0965,-7.326,0,0.207,94.984,4,0.342,191384,Netherland,0pPHOoHOA8pQJEV4NPlHfm
499,Marea (We’ve Lost Dancing),0.0681,0.761,0.781,0.108,0.0607,-6.778,0,0.141,123.023,4,0.473,186552,Netherland,5Z8Dj3LtbyCMiwE86rhg2f
500,What's Beef,0.0217,0.692,0.824,0.0,0.0939,-5.804,1,0.396,89.731,4,0.399,180739,Netherland,4WMzX21ORbeYHsEZPXj59I
501,Martin & Gina,0.345,0.832,0.534,0.0,0.165,-7.813,0,0.253,93.924,4,0.116,176327,Netherland,1VLtjHwRWOVJiE5Py7JxoQ
502,Zoveel Tegenslagen,0.419,0.82,0.541,0.0,0.13,-9.34,1,0.535,155.026,4,0.583,176176,Netherland,4MjAHAxzjHs0V8LvI3pedy
503,Chika,0.558,0.869,0.549,0.0,0.0723,-9.335,0,0.0445,118.163,4,0.537,167981,Netherland,0KjFD90blTGWZJ07RGXg5C
504,X Gon' Give It To Ya,0.0135,0.761,0.899,0.0,0.0719,-3.09,0,0.183,95.027,4,0.673,163830,Netherland,1zzxoZVylsna2BQB65Ppcb
505,Talking to the Moon,0.512,0.523,0.606,0.0,0.106,-4.754,0,0.0301,145.837,4,0.065,161003,Netherland,161DnLWsx1i3u1JT05lzqU
