,name,acousticness,danceability,energy,instrumentalness,liveness,loudness,mode,speechiness,tempo,time_signature,valence,streams,country,id
0,Rockabye (feat. Sean Paul & Anne-Marie),0.406,0.72,0.763,0.0,0.18,-4.068,0,0.0523,101.965,4,0.742,2151695,Netherland,5knuzwU65gJK7IF5yJsuaW
1,Het Is Een Feit,0.0379,0.567,0.563,0.0,0.0923,-6.265,0,0.196,104.813,4,0.363,1906300,Netherland,0iuLGMsB9xBbg5D4iabTtT
2,All I Want for Christmas Is You,0.164,0.336,0.627,0.0,0.0708,-7.463,1,0.0384,150.273,4,0.35,871305,Netherland,0bYg9bo50gSsH3LtXe2SQn
3,Say You Won't Let Go,0.695,0.358,0.557,0.0,0.0902,-7.398,1,0.059,85.043,4,0.494,1726806,Netherland,5uCax9HTNlzGybIStD3vDh
4,Starboy,0.165,0.681,0.594,3.49e-06,0.134,-7.028,1,0.282,186.054,4,0.535,1533699,Netherland,5aAx2yezTd8zXrkmtKl66Z
5,Last Christmas,0.189,0.735,0.478,2.48e-06,0.355,-12.472,1,0.0293,107.682,4,0.947,755144,Netherland,2FRnf9qhLbvw8fu4IBXx78
6,24K Magic,0.034,0.818,0.803,0.0,0.153,-4.282,1,0.0797,106.97,4,0.632,1395242,Netherland,6b8Be6ljOzmkOmFslEb23P
7,Overal (feat. DJ Youss-F),0.309,0.785,0.666,0.0,0.338,-4.991,0,0.0468,101.154,4,0.76,1380392,Netherland,7bQQ2B4EVLDiMA79EbT2qe
8,I Feel It Coming,0.426,0.773,0.819,0.0,0.0679,-5.946,0,0.118,92.99,4,0.585,1320230,Netherland,5GXAXm5YOmYT0kL5jHvYBt
9,My Love,0.0588,0.575,0.849,1e-06,0.0736,-5.156,0,0.071,117.819,4,0.74,1245506,Netherland,7887EjnwYduvgqpPysG50Z
10,Closer,0.414,0.748,0.524,0.0,0.111,-5.599,1,0.0338,95.01,4,0.661,1253890,Netherland,7BKLCZ1jbUBVqRi2FVlTVw
11,Let Me Love You,0.0784,0.476,0.718,1.02e-05,0.122,-5.309,1,0.0576,199.864,4,0.142,1246509,Netherland,4pdPtRcBmOSQDlJ3Fk945m
12,Call On Me - Ryan Riback Extended Remix,0.0604,0.67,0.838,0.000611,0.159,-4.031,1,0.0362,104.998,4,0.717,1189953,Netherland,78rIJddV4X0HkNAInEcYde
13,Don't Wanna Know,0.338,0.783,0.623,0.0,0.0975,-6.126,1,0.08,100.048,4,0.447,1121840,Netherland,5MFzQMkrl1FOOng9tq6R9r
14,Black Beatles,0.142,0.794,0.632,0.0,0.128,-6.163,1,0.0649,145.926,4,0.355,1000556,Netherland,6fujklziTHa8uoM5OQSfIo
15,Mercy,0.137,0.469,0.68,0.0,0.11,-4.921,0,0.117,147.734,4,0.374,1016596,Netherland,4TZy1wLyHec06pwgFYDh1a
16,"I Don’t Wanna Live Forever (Fifty Shades Darker) - From ""Fifty Shades Darker (Original Motion Picture Soundtrack)""",0.0631,0.735,0.451,1.3e-05,0.325,-8.374,1,0.0585,117.973,4,0.0862,1037857,Netherland,3NdDpSvN911VPGivFlV5d0
17,In the Name of Love,0.0592,0.49,0.485,0.0,0.337,-6.237,0,0.0406,133.889,4,0.196,960979,Netherland,04DwTuZ2VBdJCCC5TROn7L
18,The Greatest,0.0174,0.639,0.785,0.00107,0.0512,-6.167,0,0.174,191.95,4,0.686,702862,Netherland,6bLopGnirdrilrpdVB6Um1
19,It's Beginning to Look a Lot like Christmas,0.908,0.339,0.214,7.47e-06,0.341,-11.714,1,0.0375,94.775,3,0.363,449965,Netherland,0lLdorYw7lVrJydTINhWdI
20,Energie,0.102,0.848,0.598,0.0,0.151,-7.087,1,0.214,100.001,4,0.678,1661432,Netherland,1riPE3NCV1OBmSXqpYiMJY
21,Love Me Now,0.591,0.495,0.762,0.0,0.0763,-3.842,1,0.0862,123.893,4,0.708,933254,Netherland,6nxQdXa1uAL0rY72wPZu89
22,It's the Most Wonderful Time of the Year,0.766,0.24,0.598,0.0,0.117,-8.435,1,0.0369,201.629,3,0.776,439461,Netherland,5hslUAKq9I9CG2bAulFkHN
23,Starving,0.371,0.636,0.633,0.0,0.102,-4.23,1,0.126,99.721,4,0.512,917588,Netherland,1qOLh0tI7trd1zdDKxYZTe
24,Dancing On My Own,0.851,0.608,0.174,1.92e-05,0.0855,-8.796,1,0.0332,112.175,4,0.193,924366,Netherland,02WacdrRpm4zlP8H7X6bnQ
25,Santa Tell Me,0.0464,0.464,0.63,0.0,0.295,-7.337,1,0.182,132.96,5,0.527,409995,Netherland,1ADjWm8QNhgNV8yCNNgQ1T
26,Fake Love,0.105,0.928,0.481,0.0,0.176,-9.35,0,0.287,134.007,4,0.613,857371,Netherland,343YBumqHu19cGoGARUTsd
27,"Gass (feat. Jason Futuristic, BKO & Jairzinho)",0.0499,0.927,0.845,0.000436,0.297,-5.894,1,0.212,105.011,4,0.575,818826,Netherland,4mBNcduSWagbQJk8I14pGW
28,Waarom (feat. Sevn Alias),0.762,0.86,0.534,0.000339,0.0728,-6.37,1,0.246,129.984,4,0.818,810431,Netherland,2XW87Px99RlAkWSYYa9pPD
29,My Way,0.093,0.818,0.913,3.69e-05,0.161,-3.06,0,0.0426,119.986,4,0.536,774941,Netherland,1vvNmPOiUuyCbgWmtc6yfm
30,Shake up Christmas,0.00253,0.492,0.828,0.0,0.342,-2.14,1,0.0662,81.409,4,0.567,388135,Netherland,10JBIfvldDR2TnT5sphGc2
31,Wasteman,0.185,0.736,0.617,0.0,0.0697,-5.268,0,0.0935,100.065,4,0.856,786889,Netherland,1iYDdQ1KfnPmt9gQ3gPalm
32,Feliz Navidad,0.534,0.485,0.857,0.0,0.347,-7.059,1,0.0442,148.749,4,0.963,374821,Netherland,7taXf5odg9xCAZERYfyOkS
33,Jungle,0.152,0.704,0.811,0.0,0.202,-5.662,1,0.0734,114.949,4,0.676,784285,Netherland,2Ro1i5jA2krJYkFJOrRrFa
34,Cold Water (feat. Justin Bieber & MØ),0.0736,0.608,0.798,0.0,0.156,-5.092,0,0.0432,92.943,4,0.501,789710,Netherland,6DNtNfH8hXkqOX1sjqmI7p
35,Scars To Your Beautiful,0.0285,0.573,0.739,0.0,0.111,-5.74,1,0.129,97.085,4,0.451,765032,Netherland,0prNGof3XqfTvNDxHonvdK
36,Do They Know It's Christmas? - 1984 Version,0.164,0.599,0.642,3.33e-05,0.0992,-6.936,1,0.0363,115.412,4,0.349,357193,Netherland,1hvpDAxZPKjKztOc72sv06
37,Let It Snow! Let It Snow! Let It Snow! (with The B. Swanson Quartet),0.881,0.603,0.321,0.0,0.34,-11.489,1,0.0599,143.104,4,0.844,339028,Netherland,7inXu0Eaeg02VsM8kHNvzM
38,All We Know,0.097,0.662,0.586,0.00272,0.115,-8.821,1,0.0307,90.0,4,0.296,712987,Netherland,2rizacJSyD9S1IQUxUxnsK
39,Ik Kom Bij Je,0.148,0.677,0.651,1.82e-06,0.134,-6.226,1,0.156,160.201,5,0.81,677359,Netherland,5CeKSGsjyGQ0ck2UeMDbBw
40,Mistletoe,0.511,0.666,0.543,0.0,0.0911,-9.188,0,0.0446,161.947,4,0.881,324032,Netherland,32OWobmyAz8J2qA8iWekyS
41,One Dance,0.00784,0.791,0.619,0.00423,0.351,-5.886,1,0.0532,103.989,4,0.371,762240,Netherland,1xznGGDReH1oQq0xzbwXa3
42,Human,0.393,0.602,0.707,0.0,0.165,-4.097,1,0.302,75.087,4,0.554,651438,Netherland,58zsLZPvfflaiIbNWoA22O
43,Meester Plusser,0.101,0.746,0.754,0.0,0.338,-7.308,1,0.281,145.05,4,0.787,585564,Netherland,4AmTVXeiK2LflmJX7kY6c6
44,Shed a Light,0.112,0.483,0.787,0.0,0.257,-5.244,1,0.102,122.058,4,0.58,724812,Netherland,1cG0umU5TKStygKsPFZ9pY
45,Merry Christmas Everyone - Remastered,0.128,0.541,0.909,0.0,0.128,-3.101,1,0.0358,203.862,4,0.962,295504,Netherland,2ISl1zekPsc26sUQpVt8UB
46,By Your Side,0.0778,0.696,0.743,0.0,0.0581,-3.838,1,0.0331,122.978,4,0.644,589307,Netherland,1D3ODoXHBLpdxolZRHWV1j
47,Sorry,0.496,0.476,0.413,0.0,0.0967,-8.349,0,0.0317,134.104,4,0.0901,594633,Netherland,39HyltGRsg2q0s5PMA9ala
48,Side To Side,0.0408,0.648,0.738,0.0,0.292,-5.883,0,0.247,159.145,4,0.603,581103,Netherland,4pLwZjInHj3SimIyN9SnOz
49,Nervous (The Ooh Song) - Mark McCabe Remix,0.0732,0.432,0.874,6.14e-06,0.371,-5.558,1,0.0462,103.85,4,0.374,564519,Netherland,0L9lXMXddmoBbBUeF7A9An
50,This Town,0.71,0.687,0.409,0.0,0.126,-7.751,1,0.0311,111.861,4,0.16,590636,Netherland,5nA67Y0XX9JipZwYxX7Gl7
51,Just Hold On,0.00383,0.647,0.932,1.5e-06,0.0574,-3.515,1,0.0824,114.991,4,0.374,628690,Netherland,3EmmCZoqpWOTY1g2GBwJoR
52,Holly Jolly Christmas,0.865,0.647,0.465,0.0,0.0882,-8.308,1,0.0428,151.251,4,0.699,267237,Netherland,6tjituizSxwSmBB5vtgHZE
53,Happy Xmas (War Is Over) - Remastered 2010,0.318,0.328,0.607,0.0,0.765,-11.076,1,0.0315,146.537,3,0.395,261706,Netherland,3zJw3rugfpVrmBeDDnUYzy
54,Treat You Better,0.123,0.624,0.803,0.0,0.114,-4.105,0,0.246,166.018,4,0.821,576196,Netherland,4Hf7WnR761jpxPr5D46Bcd
55,Volgende Stap,0.729,0.597,0.521,0.0,0.125,-8.255,0,0.255,101.277,4,0.539,482694,Netherland,7vIlKSC5fcyNhDBaQyFTxM
56,No Lie,0.0437,0.741,0.891,0.0,0.256,-2.824,1,0.119,102.002,4,0.449,635068,Netherland,3cFsmM51N5zMAuu1nNY4Tw
57,Jingle Bells (feat. The Puppini Sisters),0.634,0.702,0.588,0.0,0.198,-5.914,1,0.0563,122.945,3,0.849,250728,Netherland,4qBejt9FeqLI9blHI1Nq1x
58,8 Days of Christmas,0.0501,0.687,0.843,0.0,0.0604,-1.18,0,0.194,99.789,4,0.638,250136,Netherland,3WrG9BpOPQWUus3FjA1Tny
59,Bad Things (with Camila Cabello),0.214,0.697,0.691,0.0,0.185,-4.757,1,0.146,137.853,4,0.305,623718,Netherland,1PSBzsahR2AKwLJgx8ehBj
60,The Mack,0.0707,0.707,0.883,0.0,0.23,-4.281,1,0.0602,106.031,4,0.541,537963,Netherland,7aV2mflaASUmGhCErm7kBO
61,Sexual,0.0623,0.803,0.569,0.0,0.083,-7.392,1,0.0739,107.986,4,0.809,499489,Netherland,3AsAuGTaDQzavZZThyYlop
62,My Only Wish (This Year),0.171,0.665,0.844,0.0,0.225,-3.777,1,0.0273,147.073,4,0.665,239703,Netherland,7aiVBCp1ibIWE5GeHkbtxr
63,I Would Like,0.0853,0.486,0.713,0.0,0.0839,-3.949,0,0.0524,121.028,4,0.297,568205,Netherland,4Q4jmPHwu0wrJvqrld0FQ6
64,Dat Is Money (feat. Ronnie Flex),0.0794,0.865,0.652,0.0,0.33,-6.951,1,0.281,96.998,4,0.652,519606,Netherland,6IziItlMuSIuVEeKIWDbSK
65,"Santa Claus Is Comin' to Town - Live at C.W. Post College, Greenvale, NY - December 1975",0.362,0.357,0.668,1.37e-06,0.727,-8.444,1,0.0479,139.986,4,0.407,229063,Netherland,6s2wpWPFPAgKg2LXxi1Oee
66,Believer,0.0743,0.596,0.905,0.00168,0.129,-3.438,0,0.0515,144.981,4,0.692,434699,Netherland,2mFVt6vCOcR71lw3kY2UZB
67,Sleigh Ride,0.601,0.526,0.709,1.37e-05,0.327,-9.882,0,0.0333,91.638,4,0.832,223520,Netherland,7wiESxCGoUkRdgZF2JOLZu
68,White Christmas,0.673,0.317,0.158,0.353,0.338,-16.485,1,0.0381,130.503,3,0.247,223014,Netherland,4so0Wek9Ig1p6CRCHuINwW
69,Love on Me,0.105,0.562,0.906,0.0,0.145,-2.085,1,0.0758,124.146,4,0.674,404914,Netherland,2MHCiOohBZEQuLgDTPvSzF
70,Jingle Bell Rock,0.614,0.741,0.34,0.0,0.0955,-13.421,1,0.0446,119.606,4,0.838,217864,Netherland,1cImYkHOQMFE7AZC9aOk4y
71,Chantaje (feat. Maluma),0.187,0.852,0.773,3.05e-05,0.159,-2.921,0,0.0776,102.034,4,0.907,544183,Netherland,6mICuAdrwEjh6Y6lroV2Kg
72,Happy Xmas (War Is Over),0.477,0.351,0.604,0.0,0.311,-5.256,1,0.0293,172.075,4,0.168,215295,Netherland,1wur1SW656paPv7EyTqWu4
73,Christmas Lights,0.131,0.312,0.418,0.000679,0.0836,-9.146,1,0.0296,130.795,4,0.237,214492,Netherland,4fzyvSu73BhGvi96p2zwjL
74,Heathens,0.0841,0.732,0.396,3.58e-05,0.105,-9.348,0,0.0286,90.024,4,0.548,428224,Netherland,6i0V12jOa3mr6uu4WYhUBr
75,Plek Als Dit,0.0711,0.651,0.665,0.0,0.0841,-7.502,1,0.0823,147.952,4,0.397,413955,Netherland,7KLGpTlLaPq9mSPhxc3gsY
76,Mi No Lob,0.0665,0.54,0.832,0.0,0.0963,-5.669,0,0.535,126.683,5,0.812,449328,Netherland,2LWH17bsVlVNm9K3emk8Gb
77,Now and Later,0.273,0.781,0.57,0.0,0.196,-5.874,0,0.188,107.059,4,0.858,207582,Netherland,08WPvDEsHvTFuB9w8tC2OS
78,Blue Christmas,0.9,0.465,0.27,0.00104,0.145,-16.661,1,0.0425,94.518,4,0.58,206738,Netherland,3QiAAp20rPC3dcAtKtMaqQ
79,Don't Let Me Down (feat. Daya),0.16,0.542,0.859,0.00466,0.137,-5.651,1,0.197,159.797,4,0.403,489750,Netherland,0QsvXIfqM0zZoerQfsI9lm
80,Lot to Learn,0.0845,0.422,0.852,0.0,0.0687,-3.546,1,0.208,82.914,4,0.666,205989,Netherland,2HzfRSfCogBSsgW2CckVA2
81,Fresh Eyes,0.562,0.822,0.544,2.4e-05,0.144,-6.797,1,0.0332,122.047,4,0.861,428792,Netherland,4nMlau89VAjmV7agkl7OY3
82,Paperchase,0.452,0.721,0.74,0.0511,0.323,-7.998,1,0.328,87.914,4,0.794,391222,Netherland,2VmBW1QwluqhUKTJdHWM6m
83,"CAN'T STOP THE FEELING! (Original Song from DreamWorks Animation's ""TROLLS"")",0.0123,0.667,0.83,0.0,0.191,-5.715,1,0.0749,113.03,4,0.701,515025,Netherland,6JV2JOEocMgcZxYSZelKcc
84,Perfect Strangers,0.35,0.739,0.833,0.0,0.266,-5.012,1,0.0463,117.99,4,0.699,195925,Netherland,5bZtRlMBU76vHuDOb1GM5u
85,Hustlers,0.375,0.502,0.818,0.0,0.0959,-4.322,0,0.389,79.001,4,0.517,319921,Netherland,3drmsEnntYhdlxmDIltyzb
86,Eng,0.247,0.646,0.65,0.0,0.0999,-6.424,0,0.365,131.174,4,0.235,366851,Netherland,7lU6Bsf1wmHUEgnQW6oIlR
87,Santa Claus Is Coming to Town,0.785,0.594,0.389,0.0,0.0313,-7.109,1,0.0517,122.331,4,0.396,193120,Netherland,5Ber68jZ7ytegr2UISEdb7
88,777,0.0621,0.881,0.753,0.0,0.482,-5.721,0,0.235,115.952,4,0.628,357325,Netherland,2hcwNAyo43TfVzDMquL5Av
89,Mary's Boy Child / Oh My Lord,0.204,0.776,0.703,0.0,0.336,-10.696,1,0.0427,112.534,4,0.939,186742,Netherland,6YnzBV7YkaXZNCK3tlnCfg
90,The Christmas Song (Merry Christmas To You),0.904,0.31,0.095,3.43e-05,0.128,-17.828,1,0.0366,72.76,4,0.188,186185,Netherland,5humEOJehpAwMJEJmb0JJ2
91,Ik Was Al Binnen,0.00531,0.749,0.822,0.0,0.101,-5.506,0,0.216,125.104,4,0.531,377645,Netherland,3fsG2UErJoICD34tS10Cie
92,White Christmas (with Shania Twain),0.469,0.628,0.484,1.23e-05,0.126,-7.588,1,0.0319,63.476,4,0.642,184258,Netherland,2gbCG4Rt9984UZ7Tc0dIFd
93,Turnen (feat. Jairzinho & Kevin) - FISSA anthem,0.0708,0.88,0.745,3.86e-06,0.0801,-5.605,0,0.25,119.976,4,0.593,344849,Netherland,0362SHfDTYXjWFVa8PPY7I
94,Nieuwe Euro,0.531,0.731,0.413,9.59e-05,0.0639,-8.41,0,0.241,129.972,4,0.328,336461,Netherland,0ZJBlaxxol7oM2MgN2DrGe
95,Bijna,0.858,0.775,0.666,0.00131,0.11,-7.146,1,0.104,96.018,4,0.534,310793,Netherland,6YJmQiVkxzx94f047wff2U
96,Have Yourself a Merry Little Christmas,0.871,0.244,0.274,1.18e-05,0.0897,-10.433,1,0.04,68.534,4,0.164,179783,Netherland,0iV9yfj1knFNOSEiuTHZwl
97,All Night,0.0038,0.544,0.809,0.0,0.323,-5.098,1,0.0363,145.017,4,0.448,178733,Netherland,4b4KcovePX8Ke2cLIQTLM0
98,It's Beginning to Look a Lot Like Christmas (with Mitchell Ayres & His Orchestra),0.76,0.724,0.276,0.0,0.116,-12.25,1,0.0599,112.874,4,0.718,174869,Netherland,6IeK3Ap5m3HabwJxgI6eSE
99,Alone,0.186,0.676,0.929,0.000405,0.121,-3.194,1,0.0458,97.019,4,0.157,388871,Netherland,0JiVRyTJcJnmlwCZ854K4p
100,Wake Up Where You Are,0.11,0.706,0.674,0.000626,0.0784,-6.977,1,0.0337,113.956,4,0.545,360030,Netherland,2s76aKBWKShlwPC4xTtEEE
101,Solo Dance,0.0435,0.744,0.836,0.0,0.194,-2.396,0,0.0507,114.965,4,0.36,392768,Netherland,6HUnnBwYZqcED1eQztxMBN
102,"How Far I'll Go - From ""Moana""",0.157,0.314,0.555,0.000108,0.067,-9.601,1,0.37,179.666,4,0.159,396300,Netherland,5hYTyyh2odQKphUbMqc5gN
103,Underneath the Tree,0.0013,0.509,0.812,1.99e-05,0.214,-5.438,1,0.0537,159.876,4,0.689,171230,Netherland,3nAp4IvdMPPWEH9uuXFFV5
104,We Don't Talk Anymore (feat. Selena Gomez),0.621,0.728,0.563,0.0,0.179,-8.053,0,0.134,100.017,4,0.352,356170,Netherland,68EMU2RD1ECNeOeJ5qAXCV
105,Afro Trap Pt. 7 (La puissance),0.0871,0.971,0.796,0.0,0.139,-5.731,0,0.306,120.039,4,0.821,342308,Netherland,6x8j5V85ZJHtvOSjSamcVc
106,Shout Out to My Ex,0.0316,0.774,0.739,5.95e-06,0.119,-4.022,1,0.0952,126.002,4,0.823,325547,Netherland,0YHUITU3w6ws1v8ehT264g
107,Let's Go (feat. Kenny B & Brace),0.163,0.713,0.728,0.0,0.101,-4.058,0,0.0606,89.912,4,0.757,333889,Netherland,0uGWI6gl1vKgb44oR9PtTM
108,The Christmas Song (Chestnuts Roasting On an Open Fire),0.807,0.233,0.104,0.0,0.157,-22.074,1,0.0368,79.832,4,0.351,165651,Netherland,6pyIRpxFSGo6iYIwRtj4xG
109,Jingle Bell Rock - Daryl's Version,0.613,0.666,0.841,0.0,0.113,-3.592,1,0.0312,128.706,4,0.84,165269,Netherland,6pVW5LRWgeLaHudxauOTJU
110,Used To Have It All,0.156,0.62,0.878,9.17e-06,0.578,-4.538,0,0.0436,125.026,4,0.665,324887,Netherland,46HWwWIq2piTvm6nYmSDSY
111,"Merry Christmas, Happy Holidays",0.104,0.643,0.939,0.0,0.881,-3.967,1,0.0463,104.999,4,0.756,164552,Netherland,15coTBAzEN1bOeipoNDZAR
112,Love Yourself,0.835,0.609,0.378,0.0,0.28,-9.828,1,0.438,100.418,4,0.515,360351,Netherland,3hB5DgAiMAQ4DzYbsMq1IT
113,Christmas (Baby Please Come Home),0.000942,0.495,0.793,8.29e-06,0.0791,-5.696,1,0.03,125.998,4,0.672,163967,Netherland,66WPXyhXqMlkM1kZhyEXWK
114,"Muhammad Ali (feat. MocroManiac, Hef, Boef & Lijpe)",0.108,0.701,0.876,0.0,0.37,-4.713,0,0.253,150.16,4,0.582,311128,Netherland,07d579bKEYrN2tQ0Xb22nU
115,Dynamite (feat. Pretty Sister),0.0548,0.811,0.801,2.09e-05,0.0742,-6.0,0,0.0802,105.055,4,0.693,330489,Netherland,2Ae5awwKvQpTBKQHr1TYCg
116,Cheap Thrills,0.0472,0.628,0.698,0.00143,0.0907,-5.608,0,0.105,89.976,4,0.732,389666,Netherland,27SdWb2rFzO6GWiYDBTD9j
117,Water Under the Bridge,0.0189,0.596,0.838,1.54e-05,0.108,-6.52,0,0.0704,94.982,4,0.472,357190,Netherland,4vb4mFvYsr2h6enhjJsq9Y
118,Cold December Night,0.00722,0.517,0.702,0.0,0.0896,-6.763,1,0.0247,83.873,4,0.414,157598,Netherland,4FPrAERfkPKOBKrRoyuxLu
119,Steady 1234 (feat. Jasmine Thompson & Skizzy Mars),0.153,0.779,0.671,1.12e-05,0.115,-5.829,1,0.0814,104.953,4,0.718,330268,Netherland,40UroIGvsMPLPBYwH8rMNA
120,Do Or Die,0.0848,0.755,0.822,0.0,0.182,-4.787,0,0.099,99.92,4,0.702,337990,Netherland,2Y63yg1Lgdp96IoiZIvjKz
121,Thinking About You,0.0271,0.702,0.914,5.97e-05,0.259,-3.197,0,0.0507,121.994,4,0.623,298605,Netherland,6C6MLXm77V9VH0v27oJRak
122,Ingang (feat. Hef),0.104,0.598,0.682,0.0,0.168,-9.233,1,0.45,158.436,3,0.635,306960,Netherland,5lDz73KZJPQ0K7NEEeatkb
123,Rockin' Around The Christmas Tree - Single Version,0.706,0.703,0.407,0.0,0.45,-12.155,1,0.0504,140.057,4,0.849,155589,Netherland,3T7dNA7O8c3Axj5WyDNcH3
124,Hallelujah,0.454,0.322,0.377,0.0,0.338,-7.385,0,0.0356,118.669,4,0.366,153476,Netherland,550rQQCGkrTzvp4SfpOPzx
125,Shooter,0.288,0.784,0.591,0.0,0.193,-5.735,0,0.286,148.074,4,0.505,265360,Netherland,2pxgzWsKsQkvQH67qCzDEr
126,Caribbean,0.738,0.708,0.701,1.58e-05,0.176,-6.35,0,0.191,89.056,4,0.851,296229,Netherland,53Mz1lKhFtcAdJH0wAvTvm
127,Love & War (feat. Yade Lauren),0.0186,0.577,0.911,0.0587,0.159,-4.449,1,0.0512,160.036,4,0.543,309172,Netherland,0ZclGXvmfkTFtx39DAFIT9
128,De Manier,0.513,0.773,0.883,0.0,0.0722,-3.072,1,0.102,122.035,4,0.821,319737,Netherland,68qTD5PAoqFgrkw5W2DHL5
129,Thank God It's Christmas - Non-Album Single,0.214,0.296,0.421,0.0,0.232,-8.891,1,0.0285,83.425,5,0.335,147876,Netherland,05X6aMCQR09E6smUmw9qms
130,I Took A Pill In Ibiza - Seeb Remix,0.0353,0.663,0.713,7.68e-06,0.0843,-6.647,0,0.112,101.965,4,0.69,373197,Netherland,17Fd6Yb7mSbinKG8LoWfFl
131,Lonely This Christmas,0.81,0.551,0.325,0.000112,0.115,-13.507,1,0.0286,98.932,3,0.496,147528,Netherland,0leIhGny91OrU4mjcshsjI
132,Do I Ever,0.00542,0.38,0.753,2.98e-06,0.457,-5.857,1,0.0486,163.219,4,0.381,303293,Netherland,2zpvgMurFjLK6Aoyqv6JtO
133,Longtime,0.0817,0.773,0.904,3.7e-06,0.102,-4.097,0,0.0935,100.029,4,0.525,290143,Netherland,1kBNp3sRYJy2bbz5cmSJv5
134,Taped up Heart (feat. Clara Mae),0.152,0.675,0.937,0.0,0.154,-3.525,0,0.0509,103.961,4,0.567,302677,Netherland,26hcyzSE154xMZCbFdtInA
135,Paraplu,0.0312,0.723,0.677,0.0,0.0631,-4.933,0,0.102,140.108,4,0.325,271269,Netherland,2C83qwXWYdzT0LrDrOKNH4
136,Ballon,0.0144,0.894,0.796,1.88e-06,0.0474,-6.325,1,0.142,116.038,4,0.589,284585,Netherland,2UuCkZU5VLZX6JihDzeRMl
137,Party Monster,0.189,0.573,0.63,2.31e-05,0.259,-8.389,1,0.105,77.525,4,0.218,262205,Netherland,4F7A0DXBrmUAkp32uenhZt
138,The Ocean (feat. Shy Martin),0.0225,0.632,0.575,1.81e-06,0.104,-6.478,1,0.029,90.037,4,0.188,306895,Netherland,2CPqh63wRVscbceKcPxwvv
139,Ren Voor Ons (feat. Lijpe),0.371,0.499,0.621,0.0,0.0737,-5.051,1,0.364,81.8,4,0.227,258235,Netherland,5DYZ46elO2IIpyBUKS4NmL
140,"Baby, It's Cold Outside (feat. Darren Criss)",0.616,0.52,0.27,0.0,0.109,-9.806,1,0.0299,110.789,4,0.509,141678,Netherland,5ud4C9PMcwOUnkk4AVE25V
141,Have Yourself A Merry Little Christmas,0.954,0.426,0.177,0.0,0.317,-9.429,1,0.0436,133.483,1,0.317,141305,Netherland,7Hz6LLOVxrojLPIHJJ1S0E
142,Too Good,0.0573,0.804,0.648,3.49e-05,0.102,-7.805,1,0.117,117.983,4,0.392,314040,Netherland,11KJSRSgaDxqydKYiD2Jew
143,Winter Wonderland,0.833,0.452,0.366,0.0,0.0789,-14.152,0,0.0415,114.993,4,0.629,138256,Netherland,4ricyQVd20UQde1jpXCSuJ
144,Als Je Wist Dan Je Weet,0.00432,0.649,0.79,3.58e-06,0.204,-6.137,0,0.16,142.077,4,0.315,282450,Netherland,6n2Hr4ieid3D9ajnGX3pdp
145,All I Want for Christmas Is You,0.42,0.503,0.465,0.0,0.101,-8.077,0,0.0274,141.793,4,0.143,136867,Netherland,0xPaZrF25ltzvz1a2Pm5DQ
146,Santa Baby (with Henri René & His Orchestra),0.902,0.7,0.139,0.0,0.185,-12.346,1,0.0607,84.485,4,0.49,136721,Netherland,1foCxQtxBweJtZmdxhEHVO
147,Wonderful Christmastime - Remastered 2011 / Edited Version,0.322,0.774,0.511,0.0,0.0672,-8.914,1,0.0319,94.736,4,0.771,136513,Netherland,4gavOCQdZ2g86gkvi17FM7
148,I'll Be Home,0.303,0.514,0.362,9.3e-06,0.104,-7.758,1,0.0263,84.767,4,0.301,136360,Netherland,1hy6kKvsPbv7VTcllCuATC
149,Last Christmas,0.126,0.677,0.791,0.0,0.102,-2.772,1,0.0272,102.986,4,0.787,134858,Netherland,5bjWdBx64POBYiUny759hy
150,Make Me (Cry),0.592,0.588,0.471,0.00146,0.0733,-7.287,1,0.0577,152.881,4,0.209,303812,Netherland,2BrzlUj1u1CtvaJDGIKpsP
151,Rudolph the Red Nosed Reindeer,0.758,0.77,0.341,1.11e-06,0.112,-12.457,1,0.0376,89.324,4,0.849,134573,Netherland,3IV8xIrnjv7TdJY6KUmdrD
152,Don't Be So Shy - Filatov & Karas Remix,0.057,0.773,0.849,0.0103,0.397,-8.345,0,0.0587,119.981,4,0.913,261542,Netherland,00vk0sEfb6mr2ehwSw0Uhn
153,Careless Whisper,0.232,0.583,0.545,0.0,0.133,-11.698,0,0.0351,153.249,4,0.801,133682,Netherland,2R7858bg0GHuBBxjTyOL7N
154,Why Couldn't It Be Christmas Everyday?,0.0673,0.632,0.845,0.0,0.109,-1.884,1,0.0384,139.956,4,0.325,131807,Netherland,4wNl6yUAr6S81XlG4JCPB8
155,Fast Car,0.453,0.459,0.587,0.0,0.307,-6.983,1,0.0785,113.901,4,0.581,314094,Netherland,6OZh916QF8XNunWaP97WEZ
156,Weet Dat,0.721,0.612,0.644,0.000233,0.125,-3.286,1,0.222,65.214,5,0.56,129752,Netherland,5ctSjTCsGGtm1BynKW4Cbn
157,Now She See Me (feat. Sevn Alias & Two Crooks),0.042,0.848,0.799,0.0,0.0696,-6.556,0,0.0696,114.942,4,0.868,255072,Netherland,3bfzlKH2WVXNvLcxEky2k5
158,Santa Claus Is Comin' to Town,0.663,0.636,0.178,0.0,0.0964,-12.179,0,0.0656,139.997,4,0.643,129565,Netherland,75clRtmtXSkZsPm6SjjQ5j
159,Santa Baby,0.752,0.675,0.384,0.0,0.167,-7.12,1,0.045,86.953,4,0.415,129344,Netherland,2SBr3MK1sdMs8IxdRcN6qz
160,Faded,0.0291,0.589,0.651,3.2e-06,0.111,-5.097,1,0.0306,90.011,4,0.166,296650,Netherland,7gHs73wELdeycvS48JfIos
161,Faith - Remastered,0.0094,0.887,0.48,3.58e-05,0.0662,-11.994,1,0.117,95.846,4,0.607,128602,Netherland,0HEmnAUT8PHznIAAmVXqFJ
162,When a Child Is Born (Soleado) (feat. Johnny Mathis),0.754,0.276,0.351,0.00054,0.0992,-11.563,1,0.0317,127.875,4,0.153,128035,Netherland,6qPI3aH7jpx8dQ6UwQ2dX4
163,Sorry,0.0797,0.654,0.76,0.0,0.299,-3.669,0,0.045,99.945,4,0.41,295420,Netherland,69bp2EbF7Q2rqc5N3ylezZ
164,"i hate u, i love u (feat. olivia o'brien)",0.687,0.492,0.275,0.0,0.101,-13.4,0,0.3,92.6,4,0.18,264787,Netherland,7vRriwrloYVaoAe3a9wJHe
165,Blue Christmas,0.192,0.341,0.64,4.61e-05,0.268,-4.432,1,0.0378,86.006,4,0.351,126095,Netherland,6Lh85Pe18pqvNdDoWgTVUC
166,Laag/Boven,0.123,0.489,0.705,2.05e-06,0.123,-7.199,1,0.216,90.196,4,0.56,250504,Netherland,2e6HUZ6thgWkKKi5vOWNov
167,Cold Cold Christmas,0.678,0.609,0.482,0.0,0.0894,-13.26,1,0.0473,122.623,4,0.651,125661,Netherland,6NBNTkyUTUWgfjQVrjz0MB
168,Merry Xmas Everybody,0.00785,0.402,0.534,0.000105,0.101,-8.69,1,0.0341,129.614,4,0.463,125430,Netherland,7dLzlLYDValORYKOWcHZNE
169,Capsize,0.0398,0.683,0.708,0.155,0.686,-6.244,0,0.0305,92.991,4,0.355,261826,Netherland,2XMTqoHHSH0lvuXrvIEdco
170,Bad and Boujee (feat. Lil Uzi Vert),0.061,0.927,0.665,0.0,0.123,-5.313,1,0.244,127.076,4,0.175,294354,Netherland,4Km5HrUvYTaSUfiSGPJeQR
171,"Douane (feat. Adje, Josylvio & Sevn Alias)",0.166,0.648,0.904,0.00051,0.212,-5.723,0,0.104,123.805,4,0.554,237921,Netherland,17bYFKHY3u2i2wuMsPPLW6
172,Hear Me Now,0.537,0.788,0.43,0.00261,0.0936,-7.757,1,0.0419,121.996,4,0.461,312760,Netherland,1a5Yu5L18qNxVhXx38njON
173,Man With The Bag,0.52,0.622,0.688,0.0,0.375,-3.504,0,0.0845,140.561,4,0.766,123048,Netherland,18g50kFt5uwVeCzQbrCvAO
174,Controlla,0.0773,0.607,0.476,0.0,0.113,-11.076,0,0.249,122.976,5,0.347,248750,Netherland,6F609ICg9Spjrw1epsAnpa
175,Christmas Day,0.266,0.664,0.518,3.08e-05,0.0762,-9.947,1,0.0335,80.969,4,0.33,122741,Netherland,1DGYmHLYkwyCmvDEL3ctti
176,One Night Stand (feat. Sevn Alias),0.0267,0.754,0.628,9.61e-06,0.0896,-6.277,1,0.133,139.859,4,0.269,265705,Netherland,2no9x9FRytP9PnB3CQPYSs
177,Kill 'm Niet,0.0311,0.893,0.799,0.0135,0.098,-6.049,1,0.0649,130.062,4,0.61,225555,Netherland,5Isav56r7Y2c7sQjBHryR8
178,Challas,0.0915,0.918,0.83,0.000237,0.308,-5.724,0,0.197,129.967,4,0.453,236544,Netherland,7v7qxvct8dMrfZ1XI0i4Lx
179,Setting Fires,0.017,0.626,0.717,0.0,0.261,-5.751,0,0.0375,105.039,4,0.56,233653,Netherland,0B8B8cVRFIG1yznoQe7c9s
180,OMW,0.0567,0.808,0.736,0.0,0.0855,-6.293,1,0.085,94.971,4,0.573,227922,Netherland,3uIwXFd6dhzkZJ3k8YhMT1
181,Christmas Lights - Live from Spotify London,0.207,0.295,0.496,0.000396,0.858,-9.478,1,0.0327,132.062,4,0.224,119168,Netherland,4QVdnpSO5JGMFOEl6ys4RQ
182,Miss You,0.104,0.88,0.605,0.00488,0.106,-7.639,0,0.0531,120.017,4,0.626,263847,Netherland,7of1slAJIWrXxP8ikAHxje
183,Work from Home (feat. Ty Dolla $ign),0.103,0.803,0.585,3.94e-06,0.0644,-5.861,1,0.0432,105.017,4,0.593,308278,Netherland,4tCtwWceOPWzenK2HAIJSb
184,Light It Up (feat. Nyla & Fuse ODG) - Remix,0.0375,0.746,0.877,0.000833,0.233,-3.782,0,0.0666,107.985,4,0.751,292033,Netherland,0L7loeTIg6akW84aEQZpCT
185,I'll Be Home for Christmas,0.934,0.282,0.101,5.05e-05,0.159,-14.657,1,0.0315,83.13,4,0.141,116386,Netherland,0tXPhc8LvM4dPvoRwI66XQ
186,Let Me Hold You (Turn Me On),0.101,0.68,0.774,0.0,0.113,-3.136,0,0.0697,102.949,4,0.331,242585,Netherland,0lmdsH1MIoLsMymnNpd6HU
187,Lighthouse - Andrelli Remix,0.0178,0.595,0.662,0.0,0.0804,-6.858,0,0.0362,96.053,4,0.417,267452,Netherland,04CttTezSnv71USiiG9mIo
188,When You Love Someone,0.256,0.68,0.446,0.0,0.0515,-6.039,1,0.0281,125.863,4,0.339,256261,Netherland,5fX2oPyLCe5mBKqGDbOWqC
189,"Plus Min (feat. Jonna Fraser, Kempi & I am Aisha)",0.723,0.62,0.509,6.26e-06,0.174,-10.436,1,0.299,99.522,4,0.546,223372,Netherland,2w3Yvyo9hvKNi78PdIOphb
190,Not Going Home (feat. Gia Koka),0.0933,0.713,0.733,2.23e-05,0.237,-6.431,1,0.152,108.992,4,0.502,255075,Netherland,042x9bsUBWW2fJgJ6fUh61
191,Mode Met Guap,0.0482,0.681,0.845,0.000125,0.104,-4.594,0,0.165,128.736,4,0.695,255447,Netherland,3LjI4UvwyxmOlp2lcNWN7Q
192,This Is What You Came For (feat. Rihanna),0.199,0.631,0.927,0.119,0.148,-2.787,0,0.0332,123.962,4,0.465,305625,Netherland,0azC730Exh71aQlOt9Zj3y
193,"In De Streets (feat. Lijpe, Sevn Alias, Kippie & Vic9)",0.185,0.44,0.741,0.0,0.325,-5.166,0,0.381,54.082,3,0.434,209195,Netherland,0eXs94hSHF2anfJRBmScDF
194,Christmas (Baby Please Come Home),0.395,0.325,0.759,0.000362,0.0773,-7.146,1,0.053,126.627,4,0.36,114594,Netherland,46pF1zFimM582ss1PrMy68
195,Sex,0.00451,0.51,0.692,0.0,0.138,-5.825,1,0.171,102.42,4,0.209,293680,Netherland,5DA77EqppDmCTWGovd4oTP
196,Ain't My Fault,0.00778,0.576,0.782,0.0,0.285,-4.825,0,0.0296,141.153,4,0.355,222545,Netherland,0ADG9OgdVTL7fgREP75BrZ
197,Please Come Home for Christmas,0.75,0.611,0.352,0.0,0.113,-9.777,1,0.0236,99.971,4,0.138,113779,Netherland,2mOtx6P21hecOcPoVuZbzF
198,Jodge Me Niet - Titelsong Van De Film “SOOF 2”,0.00935,0.806,0.734,0.0,0.173,-7.192,1,0.12,113.106,4,0.718,257570,Netherland,2VxAfqI3vIOaPSlECBNJa8
199,Kom Dichterbij Me (met Broederliefde),0.318,0.549,0.719,0.0,0.127,-5.529,0,0.163,139.948,5,0.586,221239,Netherland,1QdKAO1nlkmECl3BpOPIG1
200,Now and Later,0.273,0.781,0.57,0.0,0.196,-5.874,0,0.188,107.059,4,0.858,280555,Netherland,43jBqV3j3Xi1g6wO0bhIMd
201,Perfect Strangers,0.372,0.742,0.819,0.0,0.277,-5.307,1,0.0487,117.986,4,0.709,236168,Netherland,1CUVN2kn7mW5FjkqXTR2W1
202,All Night,0.00251,0.563,0.775,0.0,0.326,-6.433,1,0.0366,144.945,4,0.458,233374,Netherland,1yNyoWWWikbLhwIGWjZuDW
203,Lot to Learn,0.0948,0.405,0.846,0.0,0.0666,-3.57,1,0.195,82.232,4,0.602,220550,Netherland,3TRFq09DUgYj1mug6RRqJW
204,The Greatest (feat. Kendrick Lamar),0.0102,0.668,0.725,0.000479,0.0561,-6.127,1,0.266,191.944,4,0.729,188299,Netherland,7xHWNBFm6ObGEQPaUxHuKO
205,Are You Sure? (feat. Ty Dolla $ign),0.0918,0.685,0.819,7.33e-06,0.0934,-3.748,0,0.0494,104.978,4,0.607,153279,Netherland,0fH86zQcE2CmATQju6WpXv
206,This Girl (Kungs Vs. Cookin' On 3 Burners),0.08,0.793,0.729,3.1e-05,0.317,-4.77,0,0.0394,121.972,4,0.488,144782,Netherland,0tICYNayWWhH9GPeFrfjfD
207,Work,0.0752,0.725,0.534,0.0,0.0919,-6.238,1,0.0946,91.974,4,0.558,135873,Netherland,14WWzenpaEgQZlqPq2nk4v
208,Catch & Release - Deepend Remix,0.555,0.835,0.536,0.000386,0.111,-8.645,0,0.0478,104.989,4,0.107,134227,Netherland,2LZwKxTPZLBCYjUhlogMZl
209,What Do You Love,0.166,0.542,0.903,3.53e-05,0.355,-2.745,1,0.0731,96.028,4,0.39,133971,Netherland,0h4FK0CnlZ3oJnZ6quEk1P
210,Leef,0.264,0.653,0.705,0.0,0.252,-7.187,0,0.043,121.033,4,0.791,132257,Netherland,7jfy5GJjyoAOvDSCw9cir3
211,Broccoli (feat. Lil Yachty),0.236,0.886,0.525,0.0,0.057,-7.39,1,0.131,145.99,4,0.708,127936,Netherland,7yyRTcZmCiyzzJlNzGC9Ol
212,Cake By The Ocean,0.156,0.774,0.764,0.0,0.0383,-5.445,0,0.0518,118.997,4,0.912,125082,Netherland,2aFiaMXmWsM3Vj72F9ksBl
213,Thinking out Loud,0.474,0.781,0.445,0.0,0.184,-6.061,1,0.0295,78.998,4,0.591,121347,Netherland,1Slwb6dOYkBlWal1PGtnNg
214,Hello,0.336,0.481,0.451,0.0,0.0872,-6.095,0,0.0347,157.966,4,0.289,120973,Netherland,4sPmO7WMQUAf45kwMOtONw
215,Panda,0.028,0.576,0.766,1.68e-06,0.366,-4.943,0,0.449,144.833,4,0.236,118933,Netherland,5OOkp4U9P9oL23maHFHL1h
216,Send My Love (To Your New Lover),0.0415,0.69,0.524,3.16e-06,0.17,-8.39,0,0.103,164.023,4,0.562,117165,Netherland,4BHzQ9C00ceJxfG16AlNWb
217,7 Years,0.29,0.742,0.479,0.0,0.391,-5.83,1,0.0551,119.951,4,0.346,116656,Netherland,7129iqBafaphfc3WPCGC0L
218,No Money,0.0282,0.671,0.916,0.00762,0.24,-4.014,0,0.0397,126.01,4,0.803,116523,Netherland,0gb1J5UrTpzaU1s3nupgCd
219,September Song,0.0545,0.623,0.654,0.0,0.0838,-5.675,0,0.0372,95.921,4,0.401,115049,Netherland,0FuTx2s3YH1ppmtiM6l0zI
220,Comes And Goes,0.0227,0.783,0.733,3.79e-05,0.0809,-9.028,0,0.229,111.987,4,0.504,114292,Netherland,3dyvvwo21ubZjXD9RM3JwC
221,Bailar (feat. Elvis Crespo) - Radio Edit,0.0637,0.793,0.848,0.226,0.0647,-5.327,1,0.121,128.104,4,0.455,111963,Netherland,1HCw8XKtTgWWU3JlEUR0qQ
222,When We Were Young,0.348,0.381,0.594,0.0,0.0925,-5.97,1,0.0486,143.86,4,0.273,111341,Netherland,7IWkJwX9C0J7tHurTD7ViL
223,Stressed Out,0.0462,0.734,0.637,2.29e-05,0.0602,-5.677,0,0.141,169.977,4,0.648,110905,Netherland,3CRDbSIZ4r5MsZ0YwxuEkn
224,Final Song,0.014,0.695,0.672,7.95e-05,0.0756,-6.109,0,0.0345,104.988,4,0.245,109653,Netherland,4qqArAiTPueDxIp7cf87h7
225,Ride,0.00835,0.645,0.713,0.0,0.113,-5.355,1,0.0393,74.989,4,0.566,108410,Netherland,2Z8WuEywRWYTKe1NybPQEW
226,Trust Nobody (feat. Selena Gomez & Tory Lanez),0.494,0.42,0.636,0.0,0.122,-7.216,1,0.22,156.104,5,0.784,106719,Netherland,2wDjpPW3HZdA9quPPmZAMu
227,Girlfriend (feat. Bollebof),0.268,0.906,0.716,1.04e-05,0.157,-5.291,0,0.222,104.987,4,0.792,105935,Netherland,7FdGVzi6WKPMstH1vRhBQs
228,Summer on You,0.0295,0.731,0.727,4.56e-06,0.171,-5.608,0,0.0356,120.968,4,0.601,105416,Netherland,69X5gWMpn3GpmfAg9hpQXJ
229,in my miNd,0.45,0.768,0.632,0.0,0.0449,-3.807,0,0.0254,102.061,4,0.786,105294,Netherland,0F1Rc18rZcJOALxIIQPTYd
230,Qu'est Qu'il Ya,0.00173,0.427,0.821,0.0,0.161,-5.76,0,0.34,180.04,4,0.746,105142,Netherland,6R3NUiK4loNt5HvIG9BcIp
231,Verwijderd,0.413,0.766,0.629,0.0,0.0922,-6.594,0,0.207,119.971,4,0.29,104696,Netherland,278DmJYdPjUXtxUCYJSD6k
232,Away,0.139,0.818,0.808,0.000756,0.135,-6.134,1,0.0511,120.051,4,0.422,104310,Netherland,5oUkY2Eb0yOrXL12KYS3UG
233,Hymn for the Weekend - Seeb Remix,0.00868,0.564,0.849,4.68e-06,0.12,-3.516,0,0.0517,102.028,4,0.427,104044,Netherland,1OAiWI2oPmglaOiv9fdioU
234,Let It Go,0.818,0.546,0.311,1.65e-05,0.107,-10.396,1,0.0288,147.464,4,0.246,103025,Netherland,13HVjjWUZFaWilh2QUJKsP
235,Ik Kan Je Niet Laten,0.0415,0.792,0.682,0.0,0.103,-5.968,1,0.386,105.038,4,0.486,102715,Netherland,5xWZZwFbtuotkPBsY0Km3c
236,"Sucker for Pain (with Wiz Khalifa, Imagine Dragons, Logic & Ty Dolla $ign feat. X Ambassadors)",0.255,0.502,0.786,0.0,0.65,-4.378,0,0.317,169.021,4,0.739,101744,Netherland,4dASQiO1Eoo3RJvt74FtXB
237,Hey,0.16,0.7,0.571,8.77e-05,0.111,-6.575,0,0.0408,128.046,4,0.381,100793,Netherland,3jpViAo0HZOdT7Flyfne6j
238,This One's for You (feat. Zara Larsson) (Official Song UEFA EURO 2016),0.0022,0.367,0.915,5.81e-05,0.0905,-3.456,0,0.0488,110.169,4,0.365,100398,Netherland,46NBoIAHrmR7qcUGCIFEjR
239,Love on the Weekend,0.623,0.718,0.583,0.000681,0.0612,-7.884,1,0.0288,119.971,4,0.422,100123,Netherland,0oiCeOPwm4zhwfyIpAE37y
240,Once In a While,0.00758,0.786,0.687,0.0,0.619,-5.914,1,0.141,105.021,4,0.345,99979,Netherland,6cREm4bV7V79Yxdilx9HDo
241,Alaka,0.0224,0.752,0.571,0.0,0.108,-6.929,0,0.212,125.209,3,0.568,99598,Netherland,1VUBnozAZ9KRY9mYzaSWM1
242,Piano Man,0.618,0.334,0.477,4.17e-06,0.312,-8.806,1,0.0276,179.239,3,0.405,98869,Netherland,78WVLOP9pN0G3gRLFy1rAa
243,Barman (feat. Jairzinho & BKO),0.0944,0.763,0.852,0.000345,0.102,-5.883,0,0.0866,108.011,4,0.577,98563,Netherland,14nKFJk5ijBxg3mULeEHh1
244,Girls Like (feat. Zara Larsson),0.386,0.916,0.815,6.34e-06,0.0765,-3.418,1,0.0495,120.032,4,0.577,97630,Netherland,5BOZ4skcMubA0R6RD4zf64
245,Into You,0.0161,0.636,0.727,1.12e-06,0.151,-5.852,1,0.106,107.988,4,0.358,97486,Netherland,7yHEDfrJNd0zWOfXwydNH0
246,Lost on You,0.1,0.433,0.724,0.0,0.0918,-6.126,0,0.0372,174.006,4,0.689,95578,Netherland,3SqvR3HYLlCTYzbDXJ52OC
247,Lost Boy,0.963,0.586,0.128,0.0,0.0858,-9.297,1,0.0496,123.498,4,0.371,95526,Netherland,0zMzyHAeMvwq5CRstru1Fp
248,Stay (feat. Maty Noyes),0.0444,0.648,0.736,0.000137,0.171,-7.948,1,0.0385,103.027,4,0.378,95276,Netherland,2FiSTH0GYpIioUgjfzMIja
249,What Do You Mean?,0.59,0.845,0.567,0.00142,0.0811,-8.118,0,0.0956,125.02,4,0.793,95216,Netherland,3pzjHKrQSvXGHQ98dx18HI
250,Please Don't Go,0.0118,0.513,0.768,1.94e-05,0.294,-4.868,0,0.0587,84.264,4,0.235,94902,Netherland,3cNjgVBKTJ1SvKhunrCdVy
251,Kind Van De Duivel,0.219,0.676,0.908,8.08e-05,0.138,-5.122,1,0.0476,77.503,4,0.626,94511,Netherland,4tM13V5qVHM6nKTx7aMWVj
252,No Mickey,0.00981,0.918,0.591,0.0,0.116,-7.561,0,0.351,101.039,4,0.548,94163,Netherland,3V4hLShQXGF38I3FKajRtc
253,Juju on That Beat (TZ Anthem),0.00381,0.807,0.887,0.0,0.391,-3.892,1,0.275,160.517,4,0.78,94016,Netherland,1lItf5ZXJc1by9SbPeljFd
254,Ego - Radio Edit,0.285,0.742,0.919,0.0106,0.365,-2.562,1,0.0316,99.999,4,0.556,93799,Netherland,2dvTTBkl5xW3fNFz9mRFw5
255,Happy New Year,0.822,0.506,0.378,0.0,0.18,-9.258,1,0.0288,132.659,4,0.279,93509,Netherland,4oUfwAQJZGPufJHHzUNByB
256,I Got You,0.0504,0.609,0.887,4.76e-06,0.09,-4.749,0,0.0507,97.99,4,0.316,93159,Netherland,1FUViuNSldssMIawrOXF2i
257,Versace on the Floor,0.196,0.578,0.574,0.0,0.083,-6.209,1,0.0454,174.152,4,0.301,93128,Netherland,0kN8xEmgMW9mh7UmDYHlJP
258,Niet Omdat Het Moet,0.204,0.545,0.798,0.000269,0.105,-5.815,0,0.0734,200.002,4,0.819,92809,Netherland,4Vy2kx4whJpq6ymOMaalNH
259,You & Me,0.0398,0.693,0.65,0.0,0.186,-8.376,1,0.192,85.026,4,0.663,92026,Netherland,4QdovcM8j50QPlyR7tH4xe
260,Stitches,0.0152,0.746,0.754,0.0,0.0486,-6.681,1,0.067,149.882,4,0.764,91807,Netherland,1WP1r7fuvRqZRnUaTi2I1Q
261,Dansen Op Labanta,0.0631,0.718,0.945,8.21e-05,0.17,-3.203,0,0.0757,120.063,4,0.628,91632,Netherland,1QQQEsgRzhUirI0vdKDz66
262,DUELE EL CORAZON (feat. Wisin),0.0786,0.724,0.904,0.0,0.226,-3.354,0,0.0966,90.999,4,0.846,91412,Netherland,6YZdkObH88npeKrrkb8Ggf
263,Photograph,0.607,0.614,0.379,0.000464,0.0986,-10.48,1,0.0476,107.989,4,0.201,90559,Netherland,6fxVffaTuwjgEk5h9QyRjy
264,Weg Van Alle Stress (feat. Glowinthedark),0.321,0.749,0.764,2.38e-05,0.139,-6.064,0,0.0783,119.986,4,0.21,90505,Netherland,5A8eo7JROvGadNBrBxdBsl
265,Who Do U Love,0.153,0.624,0.6,0.0,0.111,-6.543,1,0.0826,92.784,4,0.469,89240,Netherland,64zuD57Ev2i70KmggQKNkX
266,Hymn for the Weekend,0.211,0.491,0.693,6.92e-06,0.325,-6.487,0,0.0377,90.027,4,0.412,88778,Netherland,3RiPr603aXAoi4GHyXx0uy
267,Nu Sta Je Hier,0.227,0.805,0.798,0.0,0.0649,-4.395,1,0.114,120.009,4,0.693,88727,Netherland,6fM8nxYwUYzjOCJCp8Uy5F
