,name,acousticness,danceability,energy,instrumentalness,liveness,loudness,mode,speechiness,tempo,time_signature,valence,streams,country,id
0,夜に駆ける,0.00231,0.67,0.874,1.72e-05,0.3,-5.221,1,0.0305,130.041,4,0.789,1929769,Japan,3dPtXHP0oXQ4HCWHsOA9js
1,Dynamite,0.0112,0.746,0.765,0.0,0.0936,-4.41,0,0.0993,114.044,4,0.737,1765227,Japan,0t1kP63rueHleOhQkYSXFY
2,裸の心,0.537,0.559,0.448,1.85e-05,0.0915,-4.11,1,0.0275,148.02,4,0.354,1670498,Japan,4Jv7U0JJpbQnOrjtDwDZTZ
3,香水,0.824,0.848,0.352,0.0,0.0906,-6.838,1,0.041,121.833,4,0.776,1594700,Japan,2iOvMtA1u9s95NF6mJDOuT
4,Make you happy,0.0436,0.78,0.885,2.8e-05,0.105,-3.745,1,0.122,160.087,4,0.808,1525970,Japan,4FrxgrNbNrdfq8093JaEJf
5,感電,0.107,0.633,0.723,0.0,0.0818,-5.733,0,0.143,103.101,4,0.688,1414942,Japan,1rd3RSjrOShIUG8rG9FvDI
6,I Love...,0.0171,0.54,0.706,0.0,0.225,-5.235,1,0.0543,172.021,4,0.385,1212635,Japan,4pRqq3MwcqitKqNO8rOrOb
7,Pretender,0.047,0.538,0.869,0.0,0.14,-3.464,1,0.0275,91.972,4,0.369,1186652,Japan,15HNdxGKNCIO9pgaY4n7FU
8,猫 〜THE FIRST TAKE ver.〜,0.564,0.641,0.576,0.0,0.114,-6.772,1,0.139,77.005,4,0.622,1150097,Japan,6F0aYmicNttntvth7FXQEx
9,115万キロのフィルム,0.00345,0.516,0.791,0.0,0.141,-1.927,1,0.0318,96.921,4,0.48,1096207,Japan,278JqkBGkjDovOYAwE8TW7
10,Laughter,0.023,0.396,0.801,0.0,0.138,-4.673,1,0.035,159.769,4,0.366,1057433,Japan,1SdwlHsv8bWHbAlIw5Jfgo
11,白日,0.562,0.605,0.891,0.0,0.322,-3.242,1,0.115,93.011,4,0.697,1006571,Japan,4wel6DQu0dMVBRVn2ZTPoy
12,snow jam,0.185,0.583,0.627,0.0,0.159,-5.842,1,0.201,172.016,4,0.805,1002158,Japan,6uUtmCz8XXep7n1QmC1jJG
13,群青,0.321,0.719,0.87,0.0,0.187,-3.073,1,0.0472,134.979,4,0.732,964586,Japan,0T4AitQuq8IJhWBWuZwkFA
14,キンモクセイ,0.0991,0.554,0.761,0.0,0.145,-3.937,1,0.034,105.041,4,0.327,959166,Japan,4KyCrwLEWoGHJwobxc55oe
15,春を告げる,0.0397,0.548,0.871,0.0,0.357,-5.377,1,0.123,120.009,4,0.487,952522,Japan,2Gmyw5Vg2X5YW2lM3OC7nD
16,Walking with you,0.00585,0.422,0.969,0.0,0.533,-0.824,1,0.0591,92.524,4,0.496,944589,Japan,7tGDXCPLpAScEwmqab9YZd
17,Shukumei,0.0152,0.547,0.577,0.0,0.109,-6.087,1,0.0336,164.032,4,0.494,907454,Japan,0XaHPBAzPAC5ubwcRBqc1p
18,まちがいさがし,0.52,0.534,0.642,0.0,0.39,-5.568,1,0.0372,155.916,4,0.443,882856,Japan,4Jj31lihp5Nvdi4lFRjrqc
19,マリーゴールド,0.0452,0.545,0.745,0.0,0.0907,-3.098,1,0.0286,106.094,4,0.413,882785,Japan,2cKiHG16JBiqHdi7Llq0r7
20,ハルジオン,0.0591,0.686,0.902,0.0,0.333,-2.657,0,0.034,130.02,4,0.901,867243,Japan,7HneEBTvTra2CRYsxgMOAi
21,不可幸力,0.0157,0.69,0.815,2.85e-06,0.0636,-5.227,0,0.0426,94.032,4,0.613,847618,Japan,65e5PmFI3cqoLEJYF3TfCG
22,ハルノヒ,0.261,0.592,0.672,0.0,0.109,-2.447,1,0.0294,106.948,4,0.523,838408,Japan,1oNeSCt0CMekCyyLo06kFs
23,ただ君に晴れ,0.343,0.679,0.834,5.74e-06,0.119,-3.223,1,0.032,139.996,4,0.962,835174,Japan,3wJHCry960drNlAUGrJLmz
24,Lemon,0.304,0.525,0.646,0.0,0.297,-4.963,1,0.0268,86.957,4,0.373,833356,Japan,4rvtqOGyTPZJwWtVTNdZbu
25,Myra,0.71,0.683,0.318,9.05e-05,0.167,-13.335,1,0.0349,144.027,4,0.587,828809,Japan,5wc4f6crkCzAvwNhoEeMhh
26,猫,0.113,0.505,0.769,0.0,0.0828,-5.326,1,0.0363,154.046,4,0.537,826773,Japan,3NP2nqAgMELIV3MAhrFNMx
27,Yesterday,0.0442,0.541,0.8,0.0,0.398,-3.687,1,0.0382,129.939,4,0.56,822420,Japan,1kMlcLyljkrShV0LSdSGBz
28,Stay Gold,0.0892,0.723,0.634,0.0,0.0787,-5.415,1,0.0542,129.017,4,0.582,814001,Japan,3Ys2PYl1wyPKQIwyqhP9cQ
29,紅蓮華,0.00339,0.545,0.979,0.000118,0.0775,-2.8,0,0.153,135.002,4,0.309,812001,Japan,23DbzwNJSLo7nkSWjODMvY
30,点描の唄,0.447,0.502,0.632,0.0,0.103,-4.612,1,0.0273,152.014,4,0.308,787632,Japan,1sIIlVrnPhrvmTrHtzM7tV
31,青と夏,0.00157,0.31,0.891,0.0,0.284,-1.66,1,0.0469,184.886,4,0.748,785260,Japan,5BC6kr6etk2Y9J62AyI4i3
32,ノーダウト,0.0585,0.574,0.936,0.0,0.336,-3.185,1,0.0701,149.954,4,0.792,768602,Japan,5DMEvbg3gUmiR5HIBWdveV
33,花に亡霊,0.573,0.646,0.45,0.0,0.0768,-6.628,1,0.0482,90.01,4,0.413,768084,Japan,3FUqp10RhCmMjyyB9extmo
34,HELLO,0.000764,0.526,0.883,0.0,0.37,-4.335,0,0.035,126.968,4,0.538,743155,Japan,2SzXlu48l0sqApK9hBWZtg
35,パラボラ,0.00175,0.564,0.765,0.0,0.332,-5.484,0,0.0328,124.013,4,0.353,734731,Japan,51JOzfozDdPMKxyEccRltg
36,僕のこと,0.0129,0.439,0.708,0.0,0.147,-3.825,1,0.0528,160.027,4,0.454,728391,Japan,0tnhoHUrHfcLi9hPknUFZ4
37,たぶん,0.146,0.747,0.666,0.000912,0.0981,-6.395,1,0.0324,90.008,4,0.731,724177,Japan,62Lv9WcrfzJqhvYDbilJy3
38,Whenever You Call,0.038,0.516,0.682,0.0,0.0907,-6.913,1,0.0338,179.862,4,0.121,723907,Japan,4itdOvg6V8hjTOQUeaGHWt
39,馬と鹿,0.0978,0.643,0.447,0.0,0.286,-6.411,1,0.0256,91.019,4,0.676,700273,Japan,19op3QHIz9Aq5VdwsASXIz
40,インフェルノ,0.00894,0.533,0.918,0.0,0.643,-2.095,1,0.0616,92.504,4,0.662,700014,Japan,2vOAHp8PBBFYqvQUWSoITY
41,ぎゅっと。,0.814,0.773,0.363,0.0,0.103,-7.304,1,0.0383,119.994,4,0.774,687489,Japan,6nqfKM9JvQIiuAuzWZFvGW
42,Ice Cream (with Selena Gomez),0.0342,0.79,0.729,9.31e-05,0.0411,-3.843,1,0.334,159.989,4,0.904,682897,Japan,2J4P46vCFm1rPkNkp9pZWX
43,Night Diver,0.0354,0.682,0.862,0.0,0.341,-4.824,1,0.172,122.975,4,0.643,658657,Japan,5hcWlcZE9vFMeaFaTjo1Zf
44,Not Shy,0.155,0.776,0.911,2.59e-06,0.268,-3.08,0,0.131,101.027,4,0.56,652567,Japan,4ecVWqbtW6phQGpZMAyqIU
45,未完成,0.163,0.66,0.722,0.0,0.306,-3.525,1,0.0344,90.116,4,0.425,649958,Japan,10mmoWFRBG9mlLekSWYzWT
46,PLACEBO,0.0714,0.77,0.852,0.0,0.063,-5.564,1,0.0789,113.967,4,0.833,637791,Japan,6MCqARqpbUAGUIvWh8bxaw
47,Flamingo,0.165,0.76,0.668,0.0,0.0917,-6.0,1,0.0546,114.075,4,0.913,549623,Japan,3DsNdDIj0sJHBuXIlcPPyz
48,ピースサイン,0.00221,0.593,0.935,0.0,0.315,-3.853,0,0.0684,100.003,4,0.618,528938,Japan,5aHfGUxRec6c41luxkDqhX
49,まちがいさがし,0.628,0.511,0.533,0.0,0.165,-8.229,1,0.0577,83.183,4,0.405,517062,Japan,4FidnSkTNEEQLmPpueLPd7
50,かくれんぼ,0.417,0.671,0.505,0.0,0.124,-7.575,1,0.0629,156.019,4,0.311,448697,Japan,0JTjZnuciQH4M3620aMDtZ
51,Hug,0.871,0.727,0.83,0.0,0.0907,-3.129,0,0.164,91.859,4,0.839,398136,Japan,4cHB6U8fasfxq7XD8uNxuK
52,君はロックを聴かない,0.00135,0.524,0.687,0.0,0.169,-4.039,1,0.0267,99.919,4,0.619,378536,Japan,59eluCMn0XbOWqeWQ91FTM
53,別の人の彼女になったよ,0.0303,0.528,0.617,0.0,0.334,-5.07,1,0.0263,72.023,4,0.497,373280,Japan,5TIMNeqGc26Ohw0yfcAfGB
54,"Stand by me, Stand by you.",0.0892,0.594,0.568,0.0,0.0535,-5.423,1,0.0383,161.887,4,0.58,365722,Japan,2RbVD1IgXtyQFlLtbthaZ3
55,さよならエレジー,0.00333,0.466,0.934,0.0,0.277,-2.739,1,0.0539,154.966,4,0.62,356275,Japan,0QKmcZNAST4GytJYmkN05D
56,Feel Special,0.0296,0.709,0.959,0.00188,0.107,-1.339,1,0.0603,128.983,4,0.644,352714,Japan,2HtcPHFdo7eu4Ilbvb0BVI
57,How You Like That,0.0694,0.828,0.782,3.41e-05,0.0544,-4.014,1,0.0918,130.013,4,0.351,343727,Japan,3vAn0qZzdyuHamcrpkfiX3
58,Boy With Luv (feat. Halsey),0.0923,0.645,0.862,0.0,0.192,-4.757,0,0.0965,119.991,4,0.798,334510,Japan,5KawlOMHjWeUjQtnuRs22c
59,怪物さん,0.0422,0.8,0.666,0.0,0.13,-5.414,1,0.0495,128.016,4,0.526,333860,Japan,1heN1fuesAqx4WRlQFkCLJ
60,ロマンチシズム,0.0038,0.598,0.878,0.0,0.0468,-3.144,1,0.0634,125.529,4,0.901,330024,Japan,0JcI7OdALbpSFkyKoufRYs
61,パプリカ,0.303,0.758,0.554,0.0,0.126,-7.249,1,0.0412,103.003,4,0.459,324784,Japan,5gZkspRLEDGfqKKKlW0zcv
62,あの夢をなぞって,0.217,0.537,0.793,0.000361,0.143,-3.446,1,0.04,180.029,4,0.73,319663,Japan,4BE1OloRc9xwjyqA4wFFuN
63,Rain On Me (with Ariana Grande),0.021,0.672,0.855,0.0,0.323,-3.764,1,0.0397,123.056,4,0.646,317116,Japan,7ju97lgwC2rKQ6wwsf9no9
64,HANABI,0.156,0.638,0.766,0.0,0.124,-5.541,1,0.0268,112.0,4,0.595,311109,Japan,77lmDcPPyY6kK907gdgC6i
65,Your eyes tell,0.279,0.449,0.491,0.0,0.0654,-6.433,0,0.029,139.923,4,0.258,310845,Japan,3TZ7NHkMT82AhwuYsd00Hz
66,MORE & MORE,0.0312,0.739,0.841,0.0,0.173,-4.162,1,0.06,106.99,4,0.562,307735,Japan,2bAAj29XGc4h1G4oEGYCmg
67,恋人ごっこ,0.124,0.438,0.646,0.0,0.0603,-5.301,1,0.0361,102.033,4,0.745,305513,Japan,2SihT7AVMiI2VtaAyVIcnO
68,きらきら,0.376,0.688,0.753,0.0,0.232,-3.681,1,0.0302,105.016,4,0.622,298698,Japan,5eXXJJuejAUkggSgIINU1V
69,高嶺の花子さん,0.066,0.54,0.923,0.0,0.124,-2.838,1,0.0623,137.977,4,0.343,298087,Japan,2jdbZGFp8KVTuk0YxDNL4l
70,Fanfare,0.0302,0.669,0.956,9.78e-06,0.0764,-2.49,1,0.126,114.922,4,0.81,292521,Japan,49moLXpCwwantnF78yItWf
71,Holy (feat. Chance The Rapper),0.196,0.673,0.704,0.0,0.0898,-8.056,1,0.36,86.919,4,0.372,290763,Japan,5u1n1kITHCxxp8twBcZxWy
72,今夜このまま,0.0254,0.441,0.852,0.0,0.0862,-3.595,1,0.0383,104.855,4,0.64,289506,Japan,6kKvmT4i0Dercz6f3kftg3
73,us,0.044,0.57,0.778,0.0,0.131,-4.378,1,0.0386,123.847,4,0.168,287282,Japan,13KOSEIdzpafSyYCUldj7z
74,あなたがいることで,0.683,0.535,0.502,0.0,0.107,-4.953,1,0.0343,147.323,4,0.259,283706,Japan,6baeV3RT4kpivo327DC3AM
75,優しさ,0.11,0.598,0.706,0.0,0.0925,-6.827,1,0.0491,133.847,4,0.262,281568,Japan,0f3Ce9xjHymExIpEyHUC8D
76,飛行艇,0.0711,0.475,0.841,0.0,0.358,-2.94,1,0.0446,79.93,4,0.469,278331,Japan,6Ea33AvEANARkK2QduzhRm
77,Baby I'm a star,0.0567,0.73,0.985,0.0151,0.199,-1.394,1,0.0443,153.921,4,0.96,278007,Japan,0MP1URfhXWBOtEmeV32SxU
78,だから僕は音楽を辞めた,0.36,0.65,0.88,0.00369,0.23,-5.326,1,0.0283,124.985,4,0.921,277381,Japan,5j7ixaLeGTGSv4DzKs0pCM
79,秒針を噛む,0.0197,0.655,0.962,5.56e-06,0.253,-3.055,0,0.0443,129.902,4,0.775,276524,Japan,4HgsPAX3MmMgIT60hJ4W4U
80,夜永唄,0.525,0.531,0.487,0.0,0.0935,-6.744,1,0.0406,134.9,4,0.521,273604,Japan,3wGeCSeMbiFUryh5MZ4iNT
81,Turning Up,0.0225,0.769,0.817,1.03e-06,0.244,-5.409,1,0.103,118.021,4,0.896,269327,Japan,4zdQmfTLWgGd5mAX4MUIaX
82,IN THE SUMMER,0.0376,0.782,0.758,0.0,0.0579,-5.397,1,0.0338,126.002,4,0.526,269301,Japan,7ovHL4kRsRy03qG8E93R2k
83,打上花火,0.288,0.625,0.668,0.0,0.107,-4.315,1,0.0249,95.968,4,0.292,268464,Japan,4IouQaO9GkaHC7AtMErdSa
84,Wherever you are,0.0286,0.379,0.69,0.0,0.335,-4.79,1,0.0549,173.716,4,0.288,266261,Japan,7a7EIFzJLd7lcDRgThMQgm
85,ワタリドリ,0.00141,0.508,0.964,0.0,0.197,-4.077,1,0.0831,134.982,4,0.609,265618,Japan,0ve9Tpz8Yw0I4eXhWsy21o
86,空の青さを知る人よ,0.184,0.575,0.716,0.0,0.31,-1.97,1,0.033,107.984,4,0.635,265180,Japan,6pHcxtpwNOIATrwHCL5WNw
87,Teenager Forever,0.0676,0.498,0.92,0.0,0.342,-3.546,1,0.109,114.901,4,0.702,263066,Japan,1jtBcfrVYDtykjyM66hroR
88,Gravity,0.0238,0.577,0.61,0.0,0.0773,-7.125,1,0.0371,79.996,4,0.762,255705,Japan,15WLZS3pvNj1grj8FsI1tv
89,Mela!,0.0439,0.619,0.941,1.73e-05,0.318,-1.618,1,0.0584,137.967,4,0.624,254744,Japan,6fF4cFFiKsb2T2IFHaXezn
90,Never Grow Up,0.145,0.805,0.858,2.66e-05,0.0686,-4.532,1,0.059,105.021,4,0.483,252956,Japan,5aDgM8rYPT15CqjkN1EIKq
91,Koushikondou,0.0357,0.802,0.691,0.0,0.103,-3.489,1,0.0438,128.033,4,0.916,252642,Japan,4LewLSh92SzKMFuiQNFbhL
92,Mood (feat. iann dior),0.221,0.7,0.722,0.0,0.272,-3.558,0,0.0369,90.989,4,0.756,251895,Japan,3tjFYV6RSFtuktYl3ZtYcq
93,Lovers,0.0702,0.608,0.923,0.0,0.298,-2.057,1,0.0305,114.472,4,0.769,250618,Japan,3pwe5YS438tETO53DSfTnl
94,366日,0.675,0.378,0.426,0.0,0.207,-7.314,1,0.0308,152.03,4,0.184,248708,Japan,22aZD7yaGYfhgCYazL4nbc
95,そっけない,0.594,0.626,0.399,0.0,0.101,-7.304,1,0.0363,109.916,4,0.184,245250,Japan,2ntXQnx4ZUraj1u5Hwqjem
96,ハッピーエンド,0.047,0.359,0.648,2.43e-06,0.16,-3.36,0,0.0373,78.308,4,0.336,241121,Japan,0ssEfLe9aqPhMmLXKqBw6J
97,Angel,0.00171,0.707,0.587,0.0265,0.185,-6.042,1,0.0354,114.958,4,0.68,240555,Japan,3Bkg2Jge2dDowdgpjJTz8N
98,祈り花,0.202,0.413,0.706,0.0,0.147,-2.416,1,0.0369,87.503,4,0.58,239667,Japan,5G24eB35Ucu4A8MPKLNV9B
99,小さな恋のうた,0.00203,0.403,0.778,0.0,0.227,-4.856,1,0.0395,115.581,4,0.628,238613,Japan,23atyJacJVHvB9RHBNhr35
100,第六感,0.00893,0.675,0.959,8.48e-05,0.325,-1.754,1,0.0835,134.017,4,0.835,237682,Japan,22sQUmLhT8umlEhQzDrzfJ
101,魔法の絨毯,0.774,0.599,0.309,0.0,0.122,-6.292,0,0.0507,72.285,4,0.584,236736,Japan,37IPQgBkvbmH9JR5mlY6a8
102,ON,0.118,0.583,0.817,0.0,0.338,-5.146,0,0.0987,105.936,4,0.438,236503,Japan,2QyuXBcV1LJ2rq01KhreMF
103,WANNABE,0.00795,0.809,0.911,0.000179,0.181,-4.41,0,0.0617,122.035,4,0.64,236198,Japan,6tCssnvTUREcperDOUTqvA
104,かつて天才だった俺たちへ,0.0567,0.789,0.893,0.0,0.0766,-1.74,0,0.0446,105.005,4,0.732,234891,Japan,4qjpey2aljl28C40NmTcgQ
105,プロローグ,0.497,0.568,0.687,0.0,0.09,-5.704,1,0.0501,85.088,4,0.304,233099,Japan,3LhiOBfTSTjfpwdElYyE8k
106,奏(かなで),0.553,0.519,0.666,0.000169,0.0948,-6.163,1,0.0262,149.839,4,0.461,231989,Japan,5RbMlPFL4gVyEHW2lEOuzG
107,Sunny drop,0.00071,0.497,0.918,0.0,0.155,-2.689,1,0.0377,100.024,4,0.582,231283,Japan,02ZsOeVtenrP80YpRPSonZ
108,いつか,0.0941,0.603,0.509,0.0,0.201,-4.535,1,0.0263,79.989,4,0.445,229514,Japan,0v3iUTe5rskRsxbUhboRlT
109,ICY,0.0324,0.801,0.904,3.1e-05,0.182,-2.819,1,0.0834,124.979,4,0.814,226515,Japan,7zFBtYAVURF3bUVqEQ6UUu
110,MAGIC,0.265,0.364,0.835,0.00138,0.186,-3.709,1,0.0404,174.97,4,0.639,226370,Japan,4qyGU4DyGaRobLMhpZxEMX
111,カムパネルラ,0.0806,0.448,0.853,0.0,0.0706,-5.661,0,0.164,88.749,3,0.786,225938,Japan,2WI2is2NtH0WTs7zfKNpcE
112,Stand By You,0.00864,0.609,0.869,0.0,0.283,-5.129,1,0.0422,154.024,4,0.626,225618,Japan,7Ca8EuTCyU3pjJR4TNOXqs
113,turn over?,0.303,0.685,0.803,4.55e-06,0.198,-7.448,0,0.0274,129.978,4,0.888,224529,Japan,5yntl9Me5UtqSz0CaQL2EK
114,トリコ,0.0851,0.63,0.8,0.0,0.0618,-3.427,1,0.036,90.02,4,0.717,224008,Japan,7H5uStZMOGpcVw7eW0eyTi
115,Wasted Nights,0.0156,0.556,0.833,0.0,0.0659,-5.29,1,0.0402,125.07,4,0.374,219055,Japan,39LyUQIy7idLxPdsjyZsxe
116,Route 246,0.341,0.73,0.838,0.0,0.433,-2.959,1,0.0312,124.953,4,0.847,218569,Japan,7zC66d7FERcogZkgW7lgnq
117,Love so sweet,0.1,0.584,0.849,0.0,0.304,-3.983,1,0.0403,139.032,4,0.707,213364,Japan,5I6JLJqnZICLvPebTj2YCm
118,Shape of You,0.581,0.825,0.652,0.0,0.0931,-3.183,0,0.0802,95.977,4,0.931,212907,Japan,7qiZfU4dY1lWllzX7mPBI3
119,君がくれた夏,0.31,0.51,0.615,0.0,0.117,-4.207,1,0.0283,169.814,4,0.463,211697,Japan,6woHdm2NKm0RHbuO7qt4ww
120,Slow & Easy,0.634,0.663,0.807,0.0,0.0972,-4.229,1,0.0441,77.971,4,0.767,211096,Japan,4b5oBON2DgamONUxvP4JyQ
121,東京フラッシュ,0.00255,0.628,0.634,7.24e-06,0.0456,-5.508,1,0.0322,97.99,4,0.606,210343,Japan,6etVkKF8FAy4jXcSl8jlEO
122,Boom Boom Boom,0.0197,0.758,0.969,0.144,0.0358,-1.84,0,0.0465,121.0,4,0.748,208400,Japan,5SvmqYmtWdOffFcYg21IhJ
123,Heaven's Drive,0.0899,0.429,0.624,0.0,0.276,-5.294,1,0.0804,133.236,5,0.495,207089,Japan,1UkvKT8XNebn2lkkLohuPd
124,愛をこめて花束を,0.151,0.37,0.8,3.33e-06,0.089,-3.403,1,0.0436,161.934,4,0.451,204686,Japan,7CmWXD3w1xOO53AAO4LRVQ
125,さよならの今日に,0.0153,0.582,0.712,0.0,0.0411,-3.437,1,0.0281,102.987,4,0.505,204320,Japan,1BMFlDfS1ZLTKhqBGkM6zb
126,願い,0.0584,0.553,0.837,0.0,0.101,-5.343,1,0.0296,90.991,4,0.738,204088,Japan,0ophTl8mevsVgtH7V0XV0g
127,Lights,0.156,0.608,0.644,0.0,0.124,-5.588,1,0.0314,99.005,4,0.431,203443,Japan,3TDUktzfYXMWjkWqwoT5F1
128,달라달라 (DALLA DALLA),0.00116,0.79,0.853,4.23e-05,0.329,-4.564,0,0.0665,124.998,4,0.713,203090,Japan,0GU5GuJQQEnnREO2FxnVPT
129,FANCY,0.0122,0.697,0.874,0.0,0.627,-2.15,0,0.045,132.022,4,0.775,202770,Japan,0W5hTAWn8Tq0Qfhg1XP3YW
130,虹の向こうへ,0.0331,0.786,0.892,8.95e-06,0.09,-2.505,1,0.0944,127.996,4,0.647,202554,Japan,3jKhYB78kmpIxMHQXrDUaj
131,春愁,0.0121,0.724,0.444,0.0,0.123,-4.903,1,0.0412,129.962,4,0.739,199425,Japan,5SHguvOUbyPTINNjCvRo8K
132,眠り姫,0.169,0.34,0.817,0.0,0.1,-5.226,1,0.0494,96.92,4,0.4,198390,Japan,45K0qNLo4nltgbQ7c6bfqs
133,Savage Love (Laxed - Siren Beat),0.234,0.767,0.481,0.0,0.269,-8.52,0,0.0803,150.076,4,0.761,198308,Japan,1xQ6trAsedVPCdbtDAmk0c
134,Kabutomushi,0.111,0.5,0.475,0.0,0.28,-4.834,0,0.0268,149.096,4,0.255,196937,Japan,4kRbmjHl6Ncxsmzl4cJdg4
135,a.m.3:21,0.295,0.634,0.736,0.00011,0.215,-5.006,0,0.109,110.169,4,0.752,195216,Japan,7Mfgvi0WG4y7YDxknVOIS9
136,花束,0.0178,0.519,0.713,0.0,0.353,-3.612,1,0.0324,159.963,4,0.505,194633,Japan,3QIAwtEEDOrv0g5NKCGrXZ
137,全力少年,0.25,0.639,0.79,0.0,0.299,-4.156,1,0.0263,133.948,4,0.733,194250,Japan,3Ztjw8utVpcrzms1RrsJvR
138,夏夜のマジック,0.222,0.465,0.818,0.0,0.216,-3.855,0,0.0385,80.024,4,0.669,192986,Japan,144pIQC3mpmUkZXMt8fIwb
139,会いたいわ,0.437,0.744,0.557,2.25e-06,0.0578,-4.776,1,0.0971,144.006,4,0.575,192470,Japan,5g1SvaEtzlKEqre9FbPQEc
140,糸,0.457,0.452,0.586,0.0,0.159,-4.557,1,0.0258,144.098,4,0.295,192389,Japan,6PIvQFdqqyWkEZ1ZEFTuzk
141,愛唄,0.0839,0.505,0.791,0.0,0.187,-3.729,1,0.0308,169.964,4,0.425,191729,Japan,7iXHLtPosbHvglVSJ4rxLq
142,天体観測,0.381,0.366,0.949,0.0,0.0902,-3.552,1,0.11,164.979,4,0.467,190973,Japan,3hRRYgBeunE3PTmnzATTS0
143,また逢う日まで,0.776,0.472,0.465,0.0,0.168,-6.124,1,0.0279,78.007,4,0.377,189647,Japan,3awymLmIrvn9lkJeFpmRSf
144,浮気されたけどまだ好きって曲。,0.801,0.621,0.373,1.45e-05,0.0983,-9.286,1,0.0437,80.924,4,0.492,189221,Japan,5VDFdX4rP5EN3U7UKSZiE7
145,どろん,0.303,0.579,0.945,0.0,0.318,-1.669,1,0.0474,120.057,4,0.576,188298,Japan,2JY4tbfUERXveQxv6wTFFv
146,Dolphin,0.171,0.858,0.68,0.0,0.173,-4.531,1,0.0795,113.993,4,0.621,187950,Japan,3NfgdU9mbIVhcJF3XvC0c9
147,僕が君に出来ること,0.748,0.823,0.434,0.0,0.428,-6.321,1,0.0745,106.06,4,0.687,187598,Japan,4zYWl3eovDB7WWtbqoZH22
148,bad guy,0.328,0.701,0.425,0.13,0.1,-10.965,1,0.375,135.128,4,0.562,187580,Japan,2Fxmhks0bxGSBdJ92vM42m
149,みかんハート,0.589,0.561,0.358,0.0,0.117,-6.39,1,0.028,129.029,4,0.204,186564,Japan,1H9jJvALjdKH3C3Ol0w765
150,Vintage,0.204,0.449,0.819,0.0,0.289,-5.169,1,0.0513,180.019,4,0.507,186196,Japan,0VJjfALZ6SuIQumrTgF3tJ
151,DNA,0.022,0.598,0.775,0.0,0.0677,-4.035,0,0.0545,129.819,4,0.687,186080,Japan,5SE57ljOIUJ1ybL9U6CuBH
152,ブルーベリー・ナイツ,0.278,0.66,0.865,0.0,0.0931,-3.642,1,0.0277,106.008,4,0.772,185695,Japan,2UdvMWk0Z83lMJPbawy2Sm
153,LOSER,0.00466,0.679,0.931,0.0,0.0652,-3.74,0,0.0474,121.001,4,0.962,183824,Japan,7wa1cHqTRdjXZuqo4iigj1
154,アイノカタチ,0.0241,0.39,0.654,0.0,0.196,-6.247,1,0.0335,180.043,4,0.304,182532,Japan,76flsS3UnNr7UQIz6JmVT3
155,Watermelon Sugar,0.122,0.548,0.816,0.0,0.335,-4.209,1,0.0465,95.39,4,0.557,181339,Japan,6UelLqGlWMcVH1E5c4H7lY
156,Stuck with U (with Justin Bieber),0.223,0.597,0.45,0.0,0.382,-6.658,1,0.0418,178.765,3,0.537,180490,Japan,4HBZA5flZLE435QTztThqH
157,新宝島,0.00118,0.557,0.917,0.00914,0.419,-3.426,0,0.0757,158.0,4,0.653,178556,Japan,6ODZT1FGTE2q4two05giS1
158,アイデア,0.00197,0.478,0.606,0.0,0.33,-4.158,1,0.217,174.208,4,0.638,177498,Japan,7jgqNMnqAT9FghC1uSYTFF
159,My Boo,0.307,0.719,0.718,0.000178,0.0846,-4.996,1,0.0316,153.937,4,0.693,177191,Japan,2gasr6aemUqZIBBN05EO03
160,ひまわりの約束,0.188,0.523,0.445,0.0,0.18,-6.359,1,0.0329,78.957,4,0.336,176760,Japan,45jGOHwYKgsRYbAJ8DR61d
161,チェリー,0.227,0.646,0.805,1.95e-05,0.0901,-3.422,1,0.0292,97.201,4,0.748,176308,Japan,1ihCiJaXRl4f6Sy4LJov5z
162,シュガーソングとビターステップ,0.00397,0.621,0.9,0.0,0.0787,-3.302,1,0.0605,131.971,4,0.817,175981,Japan,6bfjEGSR7DyC8MK8cp3ZCp
163,誰がその鐘を鳴らすのか?,0.0655,0.359,0.798,0.0,0.106,-4.637,1,0.0945,72.464,4,0.657,175286,Japan,6MmOpSGiXnjjvpBFFCxnBM
164,WAP (feat. Megan Thee Stallion),0.0194,0.935,0.454,0.0,0.0824,-7.509,1,0.375,133.073,4,0.357,175067,Japan,4Oun2ylbjFKMPTiaSbbCih
165,可愛い君が愛おしい!,0.000228,0.426,0.859,0.0,0.305,-3.066,0,0.0603,91.902,4,0.66,174845,Japan,6JmTrd6VvMOWZFBk439e28
166,アイネクライネ,0.0384,0.471,0.868,0.0,0.297,-2.291,1,0.0295,173.969,4,0.811,174124,Japan,45YBVp6zMwQZRbUDcPzmMB
167,愛を伝えたいだとか,0.0345,0.673,0.85,1.14e-05,0.0943,-5.021,1,0.0337,100.008,4,0.793,174005,Japan,0N8Xztr4pBHJ7V0moJWhbO
168,灯火,0.0418,0.627,0.67,0.00213,0.0818,-6.619,1,0.0368,110.004,4,0.537,173959,Japan,0YdCBegk4nNMCOeuiY5L0k
169,WanteD! WanteD!,0.025,0.559,0.806,0.0,0.0433,-2.461,1,0.0498,160.019,4,0.632,173107,Japan,7M3TZDUNvaNBo0qtWVaZif
170,キセキ,0.0932,0.641,0.618,0.0,0.155,-4.269,1,0.0259,90.032,4,0.338,172147,Japan,7ztdl6cnbJgHRdMkKldkts
171,Blinding Lights,0.00146,0.514,0.73,9.54e-05,0.0897,-5.934,1,0.0598,171.005,4,0.334,169461,Japan,0VjIjW4GlUZAMYd2vXMi3b
172,umbrella,0.0492,0.517,0.704,0.0,0.163,-6.625,0,0.0414,139.986,4,0.324,168933,Japan,4Sns2THJnBHYlSFFfYinbV
173,欲望に満ちた青年団,0.0479,0.554,0.752,0.0,0.364,-5.473,1,0.0303,87.985,4,0.694,168450,Japan,6D6Pybzey0shI8U9ttRAPx
174,コイワズライ,0.297,0.675,0.499,0.0,0.337,-5.825,1,0.0258,93.917,4,0.775,168212,Japan,5v2xgL8y4XI0hi50cU574j
175,夢花火,0.0153,0.481,0.619,0.0,0.13,-4.289,1,0.0296,80.025,4,0.519,168123,Japan,4CqQqMqOQKuvAUDyTDRvtv
176,傘,0.374,0.709,0.88,0.0,0.0459,-4.322,1,0.0487,105.084,4,0.687,168040,Japan,3JdeDiWCJW7KFLr58GHrSQ
177,Prince,0.224,0.802,0.838,0.0,0.0852,-5.172,1,0.0512,99.989,4,0.675,167647,Japan,1lZgpaHTGgMh6Nr0ABNyh0
178,クリスマスソング,0.128,0.404,0.705,0.0,0.123,-3.324,1,0.0315,154.02,4,0.42,167426,Japan,5P8ZvBQoCrujjNcLAxO3Su
179,CHILDAYS,0.389,0.647,0.814,0.0,0.171,-2.57,1,0.0469,78.999,4,0.915,167401,Japan,1g1AXdio16Yh5SXgPBXcfq
180,サンキュー神様,0.0757,0.607,0.798,0.0,0.123,-3.095,1,0.0343,115.01,4,0.532,167200,Japan,6gNPjYLH4K4m81vE0gotPk
181,Kings & Queens,0.00786,0.637,0.69,0.0,0.124,-4.057,0,0.0405,129.857,4,0.457,165923,Japan,1InCpEliLCkWHOBdXW7XSx
182,Way Back Home,0.405,0.745,0.739,0.000183,0.127,-4.591,1,0.0327,99.913,4,0.556,165669,Japan,3NxuezMdSLgt4OwHzBoUhL
183,YES or YES,0.0514,0.702,0.913,3.71e-06,0.166,-2.977,1,0.0374,137.982,4,0.735,165314,Japan,0Ll92eLIHWY5gey1ISNMPi
184,Kill This Love,0.32,0.738,0.861,0.00175,0.325,-4.141,1,0.237,131.974,4,0.58,165041,Japan,4pUCKHjJ4Ijewc37rRrvHn
185,24H,0.0362,0.752,0.78,0.0,0.196,-4.475,0,0.063,122.088,4,0.774,163073,Japan,3gAR6cBifLqbW8kOrMqZPr
186,丸ノ内サディスティック,0.113,0.425,0.916,0.000398,0.108,-2.909,1,0.118,199.694,4,0.659,162677,Japan,1mWN1USPKg632qQXG9sfDL
187,恋,0.00081,0.598,0.819,0.0,0.218,-2.619,1,0.0911,158.115,4,0.878,162504,Japan,1flvuaMS27JxpEBL0u2cWc
188,HACK,0.00939,0.686,0.861,2.1e-05,0.135,-8.613,1,0.0586,154.994,4,0.978,162349,Japan,6sUsZUvJ1RxXK80EG3DQM2
189,朝陽,0.0399,0.692,0.939,0.000781,0.116,-3.836,0,0.0875,113.101,4,0.487,162152,Japan,3WVmpqvvgKTykxDTWBXGI3
190,What is Love,0.0988,0.574,0.909,0.0,0.264,-1.572,1,0.0655,169.964,4,0.565,160016,Japan,1IX47gefluXmKX4PrTBCRM
191,君に届け,0.0162,0.449,0.872,0.0,0.188,-4.744,1,0.0747,144.128,4,0.523,159219,Japan,0kA7SWxWPYqSyIbMl51X5b
192,Time Warp,0.00036,0.521,0.968,0.171,0.402,-1.661,0,0.0349,160.055,4,0.834,159159,Japan,28WPVv3qFvP7YfSX8hSuEO
193,星影のエール,0.0118,0.538,0.814,3.58e-06,0.148,-3.429,1,0.0367,126.996,3,0.405,158681,Japan,0olDaDIw7wgrfAuBhF1vkm
194,I gotta go,0.642,0.494,0.566,0.0,0.342,-6.97,1,0.0308,148.01,4,0.353,157929,Japan,5EBsireOwbvRqFb0md9BDu
195,名前の無い歌,0.183,0.759,0.841,0.0,0.129,-3.009,1,0.0471,98.077,4,0.68,156821,Japan,43fEF597yI17Hh9ikhqED2
196,海の幽霊,0.721,0.518,0.397,3.27e-06,0.126,-10.249,1,0.0386,89.897,4,0.177,156336,Japan,488BRQDxWjQvasYBSnlf53
197,Head & Heart (feat. MNEK),0.168,0.734,0.874,1.14e-05,0.0489,-3.158,1,0.0662,122.953,4,0.905,156266,Japan,6cx06DFPPHchuUAcTxznu9
198,盗作,0.00946,0.654,0.756,0.013,0.0685,-4.46,1,0.0326,99.988,4,0.865,155231,Japan,0k0zcBRE3StKssNhEF86rW
199,Break My Heart,0.167,0.73,0.729,1.39e-06,0.349,-3.434,0,0.0883,113.013,4,0.467,155083,Japan,017PF4Q3l4DBUiWoXk4OWT
