[
    {
        "name": "Closer",
        "acousticness": "0.414",
        "danceability": "0.748",
        "energy": "0.524",
        "instrumentalness": "0.0",
        "liveness": "0.111",
        "loudness": "-5.599",
        "mode": "1",
        "speechiness": "0.0338",
        "tempo": "95.01",
        "time_signature": "4",
        "valence": "0.661",
        "streams": "23519705",
        "country": "Global",
        "id": "7BKLCZ1jbUBVqRi2FVlTVw"
    },
    {
        "name": "Rockabye (feat. Sean Paul & Anne-Marie)",
        "acousticness": "0.406",
        "danceability": "0.72",
        "energy": "0.763",
        "instrumentalness": "0.0",
        "liveness": "0.18",
        "loudness": "-4.068",
        "mode": "0",
        "speechiness": "0.0523",
        "tempo": "101.965",
        "time_signature": "4",
        "valence": "0.742",
        "streams": "21216399",
        "country": "Global",
        "id": "5knuzwU65gJK7IF5yJsuaW"
    },
    {
        "name": "Let Me Love You",
        "acousticness": "0.0784",
        "danceability": "0.476",
        "energy": "0.718",
        "instrumentalness": "1.02e-05",
        "liveness": "0.122",
        "loudness": "-5.309",
        "mode": "1",
        "speechiness": "0.0576",
        "tempo": "199.864",
        "time_signature": "4",
        "valence": "0.142",
        "streams": "19852704",
        "country": "Global",
        "id": "4pdPtRcBmOSQDlJ3Fk945m"
    },
    {
        "name": "I Don’t Wanna Live Forever (Fifty Shades Darker) - From \"Fifty Shades Darker (Original Motion Picture Soundtrack)\"",
        "acousticness": "0.0631",
        "danceability": "0.735",
        "energy": "0.451",
        "instrumentalness": "1.3e-05",
        "liveness": "0.325",
        "loudness": "-8.374",
        "mode": "1",
        "speechiness": "0.0585",
        "tempo": "117.973",
        "time_signature": "4",
        "valence": "0.0862",
        "streams": "18316326",
        "country": "Global",
        "id": "3NdDpSvN911VPGivFlV5d0"
    },
    {
        "name": "Don't Wanna Know",
        "acousticness": "0.338",
        "danceability": "0.783",
        "energy": "0.623",
        "instrumentalness": "0.0",
        "liveness": "0.0975",
        "loudness": "-6.126",
        "mode": "1",
        "speechiness": "0.08",
        "tempo": "100.048",
        "time_signature": "4",
        "valence": "0.447",
        "streams": "18064374",
        "country": "Global",
        "id": "5MFzQMkrl1FOOng9tq6R9r"
    },
    {
        "name": "Fake Love",
        "acousticness": "0.105",
        "danceability": "0.928",
        "energy": "0.481",
        "instrumentalness": "0.0",
        "liveness": "0.176",
        "loudness": "-9.35",
        "mode": "0",
        "speechiness": "0.287",
        "tempo": "134.007",
        "time_signature": "4",
        "valence": "0.613",
        "streams": "17037036",
        "country": "Global",
        "id": "343YBumqHu19cGoGARUTsd"
    },
    {
        "name": "Say You Won't Let Go",
        "acousticness": "0.695",
        "danceability": "0.358",
        "energy": "0.557",
        "instrumentalness": "0.0",
        "liveness": "0.0902",
        "loudness": "-7.398",
        "mode": "1",
        "speechiness": "0.059",
        "tempo": "85.043",
        "time_signature": "4",
        "valence": "0.494",
        "streams": "16950854",
        "country": "Global",
        "id": "5uCax9HTNlzGybIStD3vDh"
    },
    {
        "name": "24K Magic",
        "acousticness": "0.034",
        "danceability": "0.818",
        "energy": "0.803",
        "instrumentalness": "0.0",
        "liveness": "0.153",
        "loudness": "-4.282",
        "mode": "1",
        "speechiness": "0.0797",
        "tempo": "106.97",
        "time_signature": "4",
        "valence": "0.632",
        "streams": "16736035",
        "country": "Global",
        "id": "6b8Be6ljOzmkOmFslEb23P"
    },
    {
        "name": "I Feel It Coming",
        "acousticness": "0.426",
        "danceability": "0.773",
        "energy": "0.819",
        "instrumentalness": "0.0",
        "liveness": "0.0679",
        "loudness": "-5.946",
        "mode": "0",
        "speechiness": "0.118",
        "tempo": "92.99",
        "time_signature": "4",
        "valence": "0.585",
        "streams": "16609685",
        "country": "Global",
        "id": "5GXAXm5YOmYT0kL5jHvYBt"
    },
    {
        "name": "Black Beatles",
        "acousticness": "0.142",
        "danceability": "0.794",
        "energy": "0.632",
        "instrumentalness": "0.0",
        "liveness": "0.128",
        "loudness": "-6.163",
        "mode": "1",
        "speechiness": "0.0649",
        "tempo": "145.926",
        "time_signature": "4",
        "valence": "0.355",
        "streams": "16130702",
        "country": "Global",
        "id": "6fujklziTHa8uoM5OQSfIo"
    },
    {
        "name": "One Dance",
        "acousticness": "0.00784",
        "danceability": "0.791",
        "energy": "0.619",
        "instrumentalness": "0.00423",
        "liveness": "0.351",
        "loudness": "-5.886",
        "mode": "1",
        "speechiness": "0.0532",
        "tempo": "103.989",
        "time_signature": "4",
        "valence": "0.371",
        "streams": "15958402",
        "country": "Global",
        "id": "1xznGGDReH1oQq0xzbwXa3"
    },
    {
        "name": "Chantaje (feat. Maluma)",
        "acousticness": "0.187",
        "danceability": "0.852",
        "energy": "0.773",
        "instrumentalness": "3.05e-05",
        "liveness": "0.159",
        "loudness": "-2.921",
        "mode": "0",
        "speechiness": "0.0776",
        "tempo": "102.034",
        "time_signature": "4",
        "valence": "0.907",
        "streams": "14458068",
        "country": "Global",
        "id": "6mICuAdrwEjh6Y6lroV2Kg"
    },
    {
        "name": "Cold Water (feat. Justin Bieber & MØ)",
        "acousticness": "0.0736",
        "danceability": "0.608",
        "energy": "0.798",
        "instrumentalness": "0.0",
        "liveness": "0.156",
        "loudness": "-5.092",
        "mode": "0",
        "speechiness": "0.0432",
        "tempo": "92.943",
        "time_signature": "4",
        "valence": "0.501",
        "streams": "14278458",
        "country": "Global",
        "id": "6DNtNfH8hXkqOX1sjqmI7p"
    },
    {
        "name": "Call On Me - Ryan Riback Extended Remix",
        "acousticness": "0.0604",
        "danceability": "0.67",
        "energy": "0.838",
        "instrumentalness": "0.000611",
        "liveness": "0.159",
        "loudness": "-4.031",
        "mode": "1",
        "speechiness": "0.0362",
        "tempo": "104.998",
        "time_signature": "4",
        "valence": "0.717",
        "streams": "14030444",
        "country": "Global",
        "id": "78rIJddV4X0HkNAInEcYde"
    },
    {
        "name": "In the Name of Love",
        "acousticness": "0.0592",
        "danceability": "0.49",
        "energy": "0.485",
        "instrumentalness": "0.0",
        "liveness": "0.337",
        "loudness": "-6.237",
        "mode": "0",
        "speechiness": "0.0406",
        "tempo": "133.889",
        "time_signature": "4",
        "valence": "0.196",
        "streams": "13936848",
        "country": "Global",
        "id": "04DwTuZ2VBdJCCC5TROn7L"
    },
    {
        "name": "Bad and Boujee (feat. Lil Uzi Vert)",
        "acousticness": "0.061",
        "danceability": "0.927",
        "energy": "0.665",
        "instrumentalness": "0.0",
        "liveness": "0.123",
        "loudness": "-5.313",
        "mode": "1",
        "speechiness": "0.244",
        "tempo": "127.076",
        "time_signature": "4",
        "valence": "0.175",
        "streams": "13030993",
        "country": "Global",
        "id": "4Km5HrUvYTaSUfiSGPJeQR"
    },
    {
        "name": "Side To Side",
        "acousticness": "0.0408",
        "danceability": "0.648",
        "energy": "0.738",
        "instrumentalness": "0.0",
        "liveness": "0.292",
        "loudness": "-5.883",
        "mode": "0",
        "speechiness": "0.247",
        "tempo": "159.145",
        "time_signature": "4",
        "valence": "0.603",
        "streams": "12802756",
        "country": "Global",
        "id": "4pLwZjInHj3SimIyN9SnOz"
    },
    {
        "name": "Just Hold On",
        "acousticness": "0.00383",
        "danceability": "0.647",
        "energy": "0.932",
        "instrumentalness": "1.5e-06",
        "liveness": "0.0574",
        "loudness": "-3.515",
        "mode": "1",
        "speechiness": "0.0824",
        "tempo": "114.991",
        "time_signature": "4",
        "valence": "0.374",
        "streams": "12713391",
        "country": "Global",
        "id": "3EmmCZoqpWOTY1g2GBwJoR"
    },
    {
        "name": "Starving",
        "acousticness": "0.371",
        "danceability": "0.636",
        "energy": "0.633",
        "instrumentalness": "0.0",
        "liveness": "0.102",
        "loudness": "-4.23",
        "mode": "1",
        "speechiness": "0.126",
        "tempo": "99.721",
        "time_signature": "4",
        "valence": "0.512",
        "streams": "11678776",
        "country": "Global",
        "id": "1qOLh0tI7trd1zdDKxYZTe"
    },
    {
        "name": "Bad Things (with Camila Cabello)",
        "acousticness": "0.214",
        "danceability": "0.697",
        "energy": "0.691",
        "instrumentalness": "0.0",
        "liveness": "0.185",
        "loudness": "-4.757",
        "mode": "1",
        "speechiness": "0.146",
        "tempo": "137.853",
        "time_signature": "4",
        "valence": "0.305",
        "streams": "11496707",
        "country": "Global",
        "id": "1PSBzsahR2AKwLJgx8ehBj"
    },
    {
        "name": "Mercy",
        "acousticness": "0.137",
        "danceability": "0.469",
        "energy": "0.68",
        "instrumentalness": "0.0",
        "liveness": "0.11",
        "loudness": "-4.921",
        "mode": "0",
        "speechiness": "0.117",
        "tempo": "147.734",
        "time_signature": "4",
        "valence": "0.374",
        "streams": "11257008",
        "country": "Global",
        "id": "4TZy1wLyHec06pwgFYDh1a"
    },
    {
        "name": "My Way",
        "acousticness": "0.093",
        "danceability": "0.818",
        "energy": "0.913",
        "instrumentalness": "3.69e-05",
        "liveness": "0.161",
        "loudness": "-3.06",
        "mode": "0",
        "speechiness": "0.0426",
        "tempo": "119.986",
        "time_signature": "4",
        "valence": "0.536",
        "streams": "11099145",
        "country": "Global",
        "id": "1vvNmPOiUuyCbgWmtc6yfm"
    },
    {
        "name": "All We Know",
        "acousticness": "0.097",
        "danceability": "0.662",
        "energy": "0.586",
        "instrumentalness": "0.00272",
        "liveness": "0.115",
        "loudness": "-8.821",
        "mode": "1",
        "speechiness": "0.0307",
        "tempo": "90.0",
        "time_signature": "4",
        "valence": "0.296",
        "streams": "11002831",
        "country": "Global",
        "id": "2rizacJSyD9S1IQUxUxnsK"
    },
    {
        "name": "Don't Let Me Down (feat. Daya)",
        "acousticness": "0.16",
        "danceability": "0.542",
        "energy": "0.859",
        "instrumentalness": "0.00466",
        "liveness": "0.137",
        "loudness": "-5.651",
        "mode": "1",
        "speechiness": "0.197",
        "tempo": "159.797",
        "time_signature": "4",
        "valence": "0.403",
        "streams": "10662121",
        "country": "Global",
        "id": "0QsvXIfqM0zZoerQfsI9lm"
    },
    {
        "name": "Treat You Better",
        "acousticness": "0.123",
        "danceability": "0.624",
        "energy": "0.803",
        "instrumentalness": "0.0",
        "liveness": "0.114",
        "loudness": "-4.105",
        "mode": "0",
        "speechiness": "0.246",
        "tempo": "166.018",
        "time_signature": "4",
        "valence": "0.821",
        "streams": "10655487",
        "country": "Global",
        "id": "4Hf7WnR761jpxPr5D46Bcd"
    },
    {
        "name": "Heathens",
        "acousticness": "0.0841",
        "danceability": "0.732",
        "energy": "0.396",
        "instrumentalness": "3.58e-05",
        "liveness": "0.105",
        "loudness": "-9.348",
        "mode": "0",
        "speechiness": "0.0286",
        "tempo": "90.024",
        "time_signature": "4",
        "valence": "0.548",
        "streams": "10591337",
        "country": "Global",
        "id": "6i0V12jOa3mr6uu4WYhUBr"
    },
    {
        "name": "CAN'T STOP THE FEELING! (Original Song from DreamWorks Animation's \"TROLLS\")",
        "acousticness": "0.0123",
        "danceability": "0.667",
        "energy": "0.83",
        "instrumentalness": "0.0",
        "liveness": "0.191",
        "loudness": "-5.715",
        "mode": "1",
        "speechiness": "0.0749",
        "tempo": "113.03",
        "time_signature": "4",
        "valence": "0.701",
        "streams": "10147451",
        "country": "Global",
        "id": "6JV2JOEocMgcZxYSZelKcc"
    },
    {
        "name": "Scars To Your Beautiful",
        "acousticness": "0.0285",
        "danceability": "0.573",
        "energy": "0.739",
        "instrumentalness": "0.0",
        "liveness": "0.111",
        "loudness": "-5.74",
        "mode": "1",
        "speechiness": "0.129",
        "tempo": "97.085",
        "time_signature": "4",
        "valence": "0.451",
        "streams": "9456847",
        "country": "Global",
        "id": "0prNGof3XqfTvNDxHonvdK"
    },
    {
        "name": "All Night",
        "acousticness": "0.00251",
        "danceability": "0.563",
        "energy": "0.775",
        "instrumentalness": "0.0",
        "liveness": "0.326",
        "loudness": "-6.433",
        "mode": "1",
        "speechiness": "0.0366",
        "tempo": "144.945",
        "time_signature": "4",
        "valence": "0.458",
        "streams": "9219626",
        "country": "Global",
        "id": "1yNyoWWWikbLhwIGWjZuDW"
    },
    {
        "name": "Cheap Thrills",
        "acousticness": "0.0472",
        "danceability": "0.628",
        "energy": "0.698",
        "instrumentalness": "0.00143",
        "liveness": "0.0907",
        "loudness": "-5.608",
        "mode": "0",
        "speechiness": "0.105",
        "tempo": "89.976",
        "time_signature": "4",
        "valence": "0.732",
        "streams": "9085236",
        "country": "Global",
        "id": "27SdWb2rFzO6GWiYDBTD9j"
    },
    {
        "name": "Now and Later",
        "acousticness": "0.273",
        "danceability": "0.781",
        "energy": "0.57",
        "instrumentalness": "0.0",
        "liveness": "0.196",
        "loudness": "-5.874",
        "mode": "0",
        "speechiness": "0.188",
        "tempo": "107.059",
        "time_signature": "4",
        "valence": "0.858",
        "streams": "8963739",
        "country": "Global",
        "id": "43jBqV3j3Xi1g6wO0bhIMd"
    },
    {
        "name": "Love Me Now",
        "acousticness": "0.591",
        "danceability": "0.495",
        "energy": "0.762",
        "instrumentalness": "0.0",
        "liveness": "0.0763",
        "loudness": "-3.842",
        "mode": "1",
        "speechiness": "0.0862",
        "tempo": "123.893",
        "time_signature": "4",
        "valence": "0.708",
        "streams": "8876988",
        "country": "Global",
        "id": "6nxQdXa1uAL0rY72wPZu89"
    },
    {
        "name": "By Your Side",
        "acousticness": "0.0778",
        "danceability": "0.696",
        "energy": "0.743",
        "instrumentalness": "0.0",
        "liveness": "0.0581",
        "loudness": "-3.838",
        "mode": "1",
        "speechiness": "0.0331",
        "tempo": "122.978",
        "time_signature": "4",
        "valence": "0.644",
        "streams": "8796175",
        "country": "Global",
        "id": "1D3ODoXHBLpdxolZRHWV1j"
    },
    {
        "name": "Reggaetón Lento (Bailemos)",
        "acousticness": "0.4",
        "danceability": "0.761",
        "energy": "0.838",
        "instrumentalness": "0.0",
        "liveness": "0.176",
        "loudness": "-3.073",
        "mode": "0",
        "speechiness": "0.0502",
        "tempo": "93.974",
        "time_signature": "4",
        "valence": "0.71",
        "streams": "8739078",
        "country": "Global",
        "id": "3AEZUABDXNtecAOSC1qTfo"
    },
    {
        "name": "Alone",
        "acousticness": "0.186",
        "danceability": "0.676",
        "energy": "0.929",
        "instrumentalness": "0.000405",
        "liveness": "0.121",
        "loudness": "-3.194",
        "mode": "1",
        "speechiness": "0.0458",
        "tempo": "97.019",
        "time_signature": "4",
        "valence": "0.157",
        "streams": "8667916",
        "country": "Global",
        "id": "0JiVRyTJcJnmlwCZ854K4p"
    },
    {
        "name": "The Mack",
        "acousticness": "0.0707",
        "danceability": "0.707",
        "energy": "0.883",
        "instrumentalness": "0.0",
        "liveness": "0.23",
        "loudness": "-4.281",
        "mode": "1",
        "speechiness": "0.0602",
        "tempo": "106.031",
        "time_signature": "4",
        "valence": "0.541",
        "streams": "8616666",
        "country": "Global",
        "id": "7aV2mflaASUmGhCErm7kBO"
    },
    {
        "name": "I Would Like",
        "acousticness": "0.0853",
        "danceability": "0.486",
        "energy": "0.713",
        "instrumentalness": "0.0",
        "liveness": "0.0839",
        "loudness": "-3.949",
        "mode": "0",
        "speechiness": "0.0524",
        "tempo": "121.028",
        "time_signature": "4",
        "valence": "0.297",
        "streams": "8595924",
        "country": "Global",
        "id": "4Q4jmPHwu0wrJvqrld0FQ6"
    },
    {
        "name": "Shed a Light",
        "acousticness": "0.112",
        "danceability": "0.483",
        "energy": "0.787",
        "instrumentalness": "0.0",
        "liveness": "0.257",
        "loudness": "-5.244",
        "mode": "1",
        "speechiness": "0.102",
        "tempo": "122.058",
        "time_signature": "4",
        "valence": "0.58",
        "streams": "8509565",
        "country": "Global",
        "id": "1cG0umU5TKStygKsPFZ9pY"
    },
    {
        "name": "I Took A Pill In Ibiza - Seeb Remix",
        "acousticness": "0.0353",
        "danceability": "0.663",
        "energy": "0.713",
        "instrumentalness": "7.68e-06",
        "liveness": "0.0843",
        "loudness": "-6.647",
        "mode": "0",
        "speechiness": "0.112",
        "tempo": "101.965",
        "time_signature": "4",
        "valence": "0.69",
        "streams": "8454914",
        "country": "Global",
        "id": "17Fd6Yb7mSbinKG8LoWfFl"
    },
    {
        "name": "We Don't Talk Anymore (feat. Selena Gomez)",
        "acousticness": "0.621",
        "danceability": "0.728",
        "energy": "0.563",
        "instrumentalness": "0.0",
        "liveness": "0.179",
        "loudness": "-8.053",
        "mode": "0",
        "speechiness": "0.134",
        "tempo": "100.017",
        "time_signature": "4",
        "valence": "0.352",
        "streams": "8303152",
        "country": "Global",
        "id": "68EMU2RD1ECNeOeJ5qAXCV"
    },
    {
        "name": "Hear Me Now",
        "acousticness": "0.537",
        "danceability": "0.788",
        "energy": "0.43",
        "instrumentalness": "0.00261",
        "liveness": "0.0936",
        "loudness": "-7.757",
        "mode": "1",
        "speechiness": "0.0419",
        "tempo": "121.996",
        "time_signature": "4",
        "valence": "0.461",
        "streams": "8207067",
        "country": "Global",
        "id": "1a5Yu5L18qNxVhXx38njON"
    },
    {
        "name": "Safari",
        "acousticness": "0.551",
        "danceability": "0.508",
        "energy": "0.687",
        "instrumentalness": "3.41e-06",
        "liveness": "0.126",
        "loudness": "-4.361",
        "mode": "1",
        "speechiness": "0.326",
        "tempo": "180.044",
        "time_signature": "4",
        "valence": "0.555",
        "streams": "7845521",
        "country": "Global",
        "id": "6rQSrBHf7HlZjtcMZ4S4bO"
    },
    {
        "name": "Broccoli (feat. Lil Yachty)",
        "acousticness": "0.236",
        "danceability": "0.886",
        "energy": "0.525",
        "instrumentalness": "0.0",
        "liveness": "0.057",
        "loudness": "-7.39",
        "mode": "1",
        "speechiness": "0.131",
        "tempo": "145.99",
        "time_signature": "4",
        "valence": "0.708",
        "streams": "7780722",
        "country": "Global",
        "id": "7yyRTcZmCiyzzJlNzGC9Ol"
    },
    {
        "name": "This Is What You Came For (feat. Rihanna)",
        "acousticness": "0.199",
        "danceability": "0.631",
        "energy": "0.927",
        "instrumentalness": "0.119",
        "liveness": "0.148",
        "loudness": "-2.787",
        "mode": "0",
        "speechiness": "0.0332",
        "tempo": "123.962",
        "time_signature": "4",
        "valence": "0.465",
        "streams": "7637496",
        "country": "Global",
        "id": "0azC730Exh71aQlOt9Zj3y"
    },
    {
        "name": "How Far I'll Go - From \"Moana\"",
        "acousticness": "0.157",
        "danceability": "0.314",
        "energy": "0.555",
        "instrumentalness": "0.000108",
        "liveness": "0.067",
        "loudness": "-9.601",
        "mode": "1",
        "speechiness": "0.37",
        "tempo": "179.666",
        "time_signature": "4",
        "valence": "0.159",
        "streams": "7503448",
        "country": "Global",
        "id": "5hYTyyh2odQKphUbMqc5gN"
    },
    {
        "name": "Caroline",
        "acousticness": "0.303",
        "danceability": "0.945",
        "energy": "0.394",
        "instrumentalness": "0.0",
        "liveness": "0.131",
        "loudness": "-8.571",
        "mode": "1",
        "speechiness": "0.492",
        "tempo": "120.058",
        "time_signature": "4",
        "valence": "0.743",
        "streams": "7431437",
        "country": "Global",
        "id": "5GFDrUTLGJix84sNhjCG0g"
    },
    {
        "name": "Work from Home (feat. Ty Dolla $ign)",
        "acousticness": "0.103",
        "danceability": "0.803",
        "energy": "0.585",
        "instrumentalness": "3.94e-06",
        "liveness": "0.0644",
        "loudness": "-5.861",
        "mode": "1",
        "speechiness": "0.0432",
        "tempo": "105.017",
        "time_signature": "4",
        "valence": "0.593",
        "streams": "7241437",
        "country": "Global",
        "id": "4tCtwWceOPWzenK2HAIJSb"
    },
    {
        "name": "Vente Pa' Ca (feat. Maluma)",
        "acousticness": "0.00431",
        "danceability": "0.663",
        "energy": "0.92",
        "instrumentalness": "1.69e-05",
        "liveness": "0.101",
        "loudness": "-4.07",
        "mode": "0",
        "speechiness": "0.226",
        "tempo": "99.935",
        "time_signature": "4",
        "valence": "0.533",
        "streams": "7074781",
        "country": "Global",
        "id": "7DM4BPaS7uofFul3ywMe46"
    },
    {
        "name": "Otra vez (feat. J Balvin)",
        "acousticness": "0.0559",
        "danceability": "0.832",
        "energy": "0.772",
        "instrumentalness": "0.000486",
        "liveness": "0.44",
        "loudness": "-5.429",
        "mode": "1",
        "speechiness": "0.1",
        "tempo": "96.016",
        "time_signature": "4",
        "valence": "0.704",
        "streams": "6786526",
        "country": "Global",
        "id": "3QwBODjSEzelZyVjxPOHdq"
    },
    {
        "name": "Party Monster",
        "acousticness": "0.189",
        "danceability": "0.573",
        "energy": "0.63",
        "instrumentalness": "2.31e-05",
        "liveness": "0.259",
        "loudness": "-8.389",
        "mode": "1",
        "speechiness": "0.105",
        "tempo": "77.525",
        "time_signature": "4",
        "valence": "0.218",
        "streams": "6656284",
        "country": "Global",
        "id": "4F7A0DXBrmUAkp32uenhZt"
    },
    {
        "name": "Sexual",
        "acousticness": "0.0623",
        "danceability": "0.803",
        "energy": "0.569",
        "instrumentalness": "0.0",
        "liveness": "0.083",
        "loudness": "-7.392",
        "mode": "1",
        "speechiness": "0.0739",
        "tempo": "107.986",
        "time_signature": "4",
        "valence": "0.809",
        "streams": "6572154",
        "country": "Global",
        "id": "3AsAuGTaDQzavZZThyYlop"
    },
    {
        "name": "Perfect Strangers",
        "acousticness": "0.372",
        "danceability": "0.742",
        "energy": "0.819",
        "instrumentalness": "0.0",
        "liveness": "0.277",
        "loudness": "-5.307",
        "mode": "1",
        "speechiness": "0.0487",
        "tempo": "117.986",
        "time_signature": "4",
        "valence": "0.709",
        "streams": "6506901",
        "country": "Global",
        "id": "1CUVN2kn7mW5FjkqXTR2W1"
    },
    {
        "name": "The Greatest (feat. Kendrick Lamar)",
        "acousticness": "0.0102",
        "danceability": "0.668",
        "energy": "0.725",
        "instrumentalness": "0.000479",
        "liveness": "0.0561",
        "loudness": "-6.127",
        "mode": "1",
        "speechiness": "0.266",
        "tempo": "191.944",
        "time_signature": "4",
        "valence": "0.729",
        "streams": "6452978",
        "country": "Global",
        "id": "7xHWNBFm6ObGEQPaUxHuKO"
    },
    {
        "name": "Ride",
        "acousticness": "0.00835",
        "danceability": "0.645",
        "energy": "0.713",
        "instrumentalness": "0.0",
        "liveness": "0.113",
        "loudness": "-5.355",
        "mode": "1",
        "speechiness": "0.0393",
        "tempo": "74.989",
        "time_signature": "4",
        "valence": "0.566",
        "streams": "6437621",
        "country": "Global",
        "id": "2Z8WuEywRWYTKe1NybPQEW"
    },
    {
        "name": "Bounce Back",
        "acousticness": "0.106",
        "danceability": "0.78",
        "energy": "0.575",
        "instrumentalness": "0.0",
        "liveness": "0.129",
        "loudness": "-5.628",
        "mode": "0",
        "speechiness": "0.139",
        "tempo": "81.502",
        "time_signature": "4",
        "valence": "0.273",
        "streams": "6363452",
        "country": "Global",
        "id": "0SGkqnVQo9KPytSri1H6cF"
    },
    {
        "name": "Deja Vu",
        "acousticness": "0.352",
        "danceability": "0.657",
        "energy": "0.421",
        "instrumentalness": "0.000218",
        "liveness": "0.187",
        "loudness": "-11.378",
        "mode": "1",
        "speechiness": "0.412",
        "tempo": "174.063",
        "time_signature": "4",
        "valence": "0.181",
        "streams": "6314763",
        "country": "Global",
        "id": "6I6NX6tjGsxFAsIfGzY9lJ"
    },
    {
        "name": "Solo Dance",
        "acousticness": "0.0435",
        "danceability": "0.744",
        "energy": "0.836",
        "instrumentalness": "0.0",
        "liveness": "0.194",
        "loudness": "-2.396",
        "mode": "0",
        "speechiness": "0.0507",
        "tempo": "114.965",
        "time_signature": "4",
        "valence": "0.36",
        "streams": "6284819",
        "country": "Global",
        "id": "6HUnnBwYZqcED1eQztxMBN"
    },
    {
        "name": "Work",
        "acousticness": "0.0752",
        "danceability": "0.725",
        "energy": "0.534",
        "instrumentalness": "0.0",
        "liveness": "0.0919",
        "loudness": "-6.238",
        "mode": "1",
        "speechiness": "0.0946",
        "tempo": "91.974",
        "time_signature": "4",
        "valence": "0.558",
        "streams": "6239752",
        "country": "Global",
        "id": "14WWzenpaEgQZlqPq2nk4v"
    },
    {
        "name": "Too Good",
        "acousticness": "0.0573",
        "danceability": "0.804",
        "energy": "0.648",
        "instrumentalness": "3.49e-05",
        "liveness": "0.102",
        "loudness": "-7.805",
        "mode": "1",
        "speechiness": "0.117",
        "tempo": "117.983",
        "time_signature": "4",
        "valence": "0.392",
        "streams": "5953272",
        "country": "Global",
        "id": "11KJSRSgaDxqydKYiD2Jew"
    },
    {
        "name": "Human",
        "acousticness": "0.393",
        "danceability": "0.602",
        "energy": "0.707",
        "instrumentalness": "0.0",
        "liveness": "0.165",
        "loudness": "-4.097",
        "mode": "1",
        "speechiness": "0.302",
        "tempo": "75.087",
        "time_signature": "4",
        "valence": "0.554",
        "streams": "5918973",
        "country": "Global",
        "id": "58zsLZPvfflaiIbNWoA22O"
    },
    {
        "name": "Love Yourself",
        "acousticness": "0.835",
        "danceability": "0.609",
        "energy": "0.378",
        "instrumentalness": "0.0",
        "liveness": "0.28",
        "loudness": "-9.828",
        "mode": "1",
        "speechiness": "0.438",
        "tempo": "100.418",
        "time_signature": "4",
        "valence": "0.515",
        "streams": "5890670",
        "country": "Global",
        "id": "3hB5DgAiMAQ4DzYbsMq1IT"
    },
    {
        "name": "Stressed Out",
        "acousticness": "0.0462",
        "danceability": "0.734",
        "energy": "0.637",
        "instrumentalness": "2.29e-05",
        "liveness": "0.0602",
        "loudness": "-5.677",
        "mode": "0",
        "speechiness": "0.141",
        "tempo": "169.977",
        "time_signature": "4",
        "valence": "0.648",
        "streams": "5871752",
        "country": "Global",
        "id": "3CRDbSIZ4r5MsZ0YwxuEkn"
    },
    {
        "name": "Faded",
        "acousticness": "0.0291",
        "danceability": "0.589",
        "energy": "0.651",
        "instrumentalness": "3.2e-06",
        "liveness": "0.111",
        "loudness": "-5.097",
        "mode": "1",
        "speechiness": "0.0306",
        "tempo": "90.011",
        "time_signature": "4",
        "valence": "0.166",
        "streams": "5824048",
        "country": "Global",
        "id": "7gHs73wELdeycvS48JfIos"
    },
    {
        "name": "Sorry",
        "acousticness": "0.0797",
        "danceability": "0.654",
        "energy": "0.76",
        "instrumentalness": "0.0",
        "liveness": "0.299",
        "loudness": "-3.669",
        "mode": "0",
        "speechiness": "0.045",
        "tempo": "99.945",
        "time_signature": "4",
        "valence": "0.41",
        "streams": "5808895",
        "country": "Global",
        "id": "69bp2EbF7Q2rqc5N3ylezZ"
    },
    {
        "name": "Panda",
        "acousticness": "0.028",
        "danceability": "0.576",
        "energy": "0.766",
        "instrumentalness": "1.68e-06",
        "liveness": "0.366",
        "loudness": "-4.943",
        "mode": "0",
        "speechiness": "0.449",
        "tempo": "144.833",
        "time_signature": "4",
        "valence": "0.236",
        "streams": "5724207",
        "country": "Global",
        "id": "5OOkp4U9P9oL23maHFHL1h"
    },
    {
        "name": "i hate u, i love u (feat. olivia o'brien)",
        "acousticness": "0.687",
        "danceability": "0.492",
        "energy": "0.275",
        "instrumentalness": "0.0",
        "liveness": "0.101",
        "loudness": "-13.4",
        "mode": "0",
        "speechiness": "0.3",
        "tempo": "92.6",
        "time_signature": "4",
        "valence": "0.18",
        "streams": "5635133",
        "country": "Global",
        "id": "7vRriwrloYVaoAe3a9wJHe"
    },
    {
        "name": "Make Me (Cry)",
        "acousticness": "0.592",
        "danceability": "0.588",
        "energy": "0.471",
        "instrumentalness": "0.00146",
        "liveness": "0.0733",
        "loudness": "-7.287",
        "mode": "1",
        "speechiness": "0.0577",
        "tempo": "152.881",
        "time_signature": "4",
        "valence": "0.209",
        "streams": "5566396",
        "country": "Global",
        "id": "2BrzlUj1u1CtvaJDGIKpsP"
    },
    {
        "name": "Water Under the Bridge",
        "acousticness": "0.0189",
        "danceability": "0.596",
        "energy": "0.838",
        "instrumentalness": "1.54e-05",
        "liveness": "0.108",
        "loudness": "-6.52",
        "mode": "0",
        "speechiness": "0.0704",
        "tempo": "94.982",
        "time_signature": "4",
        "valence": "0.472",
        "streams": "5353806",
        "country": "Global",
        "id": "4vb4mFvYsr2h6enhjJsq9Y"
    },
    {
        "name": "Cake By The Ocean",
        "acousticness": "0.156",
        "danceability": "0.774",
        "energy": "0.764",
        "instrumentalness": "0.0",
        "liveness": "0.0383",
        "loudness": "-5.445",
        "mode": "0",
        "speechiness": "0.0518",
        "tempo": "118.997",
        "time_signature": "4",
        "valence": "0.912",
        "streams": "5330563",
        "country": "Global",
        "id": "2aFiaMXmWsM3Vj72F9ksBl"
    },
    {
        "name": "The Greatest",
        "acousticness": "0.0174",
        "danceability": "0.639",
        "energy": "0.785",
        "instrumentalness": "0.00107",
        "liveness": "0.0512",
        "loudness": "-6.167",
        "mode": "0",
        "speechiness": "0.174",
        "tempo": "191.95",
        "time_signature": "4",
        "valence": "0.686",
        "streams": "5284495",
        "country": "Global",
        "id": "6bLopGnirdrilrpdVB6Um1"
    },
    {
        "name": "Hymn for the Weekend - Seeb Remix",
        "acousticness": "0.00868",
        "danceability": "0.564",
        "energy": "0.849",
        "instrumentalness": "4.68e-06",
        "liveness": "0.12",
        "loudness": "-3.516",
        "mode": "0",
        "speechiness": "0.0517",
        "tempo": "102.028",
        "time_signature": "4",
        "valence": "0.427",
        "streams": "5270881",
        "country": "Global",
        "id": "1OAiWI2oPmglaOiv9fdioU"
    },
    {
        "name": "The Ocean (feat. Shy Martin)",
        "acousticness": "0.0225",
        "danceability": "0.632",
        "energy": "0.575",
        "instrumentalness": "1.81e-06",
        "liveness": "0.104",
        "loudness": "-6.478",
        "mode": "1",
        "speechiness": "0.029",
        "tempo": "90.037",
        "time_signature": "4",
        "valence": "0.188",
        "streams": "5266699",
        "country": "Global",
        "id": "2CPqh63wRVscbceKcPxwvv"
    },
    {
        "name": "Lot to Learn",
        "acousticness": "0.0948",
        "danceability": "0.405",
        "energy": "0.846",
        "instrumentalness": "0.0",
        "liveness": "0.0666",
        "loudness": "-3.57",
        "mode": "1",
        "speechiness": "0.195",
        "tempo": "82.232",
        "time_signature": "4",
        "valence": "0.602",
        "streams": "5255557",
        "country": "Global",
        "id": "3TRFq09DUgYj1mug6RRqJW"
    },
    {
        "name": "Sucker for Pain (with Wiz Khalifa, Imagine Dragons, Logic & Ty Dolla $ign feat. X Ambassadors)",
        "acousticness": "0.255",
        "danceability": "0.502",
        "energy": "0.786",
        "instrumentalness": "0.0",
        "liveness": "0.65",
        "loudness": "-4.378",
        "mode": "0",
        "speechiness": "0.317",
        "tempo": "169.021",
        "time_signature": "4",
        "valence": "0.739",
        "streams": "5195824",
        "country": "Global",
        "id": "4dASQiO1Eoo3RJvt74FtXB"
    },
    {
        "name": "Light It Up (feat. Nyla & Fuse ODG) - Remix",
        "acousticness": "0.0375",
        "danceability": "0.746",
        "energy": "0.877",
        "instrumentalness": "0.000833",
        "liveness": "0.233",
        "loudness": "-3.782",
        "mode": "0",
        "speechiness": "0.0666",
        "tempo": "107.985",
        "time_signature": "4",
        "valence": "0.751",
        "streams": "5194169",
        "country": "Global",
        "id": "0L7loeTIg6akW84aEQZpCT"
    },
    {
        "name": "Setting Fires",
        "acousticness": "0.017",
        "danceability": "0.626",
        "energy": "0.717",
        "instrumentalness": "0.0",
        "liveness": "0.261",
        "loudness": "-5.751",
        "mode": "0",
        "speechiness": "0.0375",
        "tempo": "105.039",
        "time_signature": "4",
        "valence": "0.56",
        "streams": "5143530",
        "country": "Global",
        "id": "0B8B8cVRFIG1yznoQe7c9s"
    },
    {
        "name": "Controlla",
        "acousticness": "0.0773",
        "danceability": "0.607",
        "energy": "0.476",
        "instrumentalness": "0.0",
        "liveness": "0.113",
        "loudness": "-11.076",
        "mode": "0",
        "speechiness": "0.249",
        "tempo": "122.976",
        "time_signature": "5",
        "valence": "0.347",
        "streams": "5104189",
        "country": "Global",
        "id": "6F609ICg9Spjrw1epsAnpa"
    },
    {
        "name": "Deu Onda",
        "acousticness": "0.456",
        "danceability": "0.931",
        "energy": "0.604",
        "instrumentalness": "0.0",
        "liveness": "0.0488",
        "loudness": "-1.41",
        "mode": "0",
        "speechiness": "0.0573",
        "tempo": "129.926",
        "time_signature": "4",
        "valence": "0.864",
        "streams": "5074994",
        "country": "Global",
        "id": "0EPxmvsG1BY5td4aTOkWBF"
    },
    {
        "name": "La Bicicleta",
        "acousticness": "0.198",
        "danceability": "0.736",
        "energy": "0.964",
        "instrumentalness": "2.32e-06",
        "liveness": "0.336",
        "loudness": "-2.147",
        "mode": "1",
        "speechiness": "0.129",
        "tempo": "179.935",
        "time_signature": "4",
        "valence": "0.953",
        "streams": "5034668",
        "country": "Global",
        "id": "0sXvAOmXgjR2QUqLK1MltU"
    },
    {
        "name": "Shout Out to My Ex",
        "acousticness": "0.0316",
        "danceability": "0.774",
        "energy": "0.739",
        "instrumentalness": "5.95e-06",
        "liveness": "0.119",
        "loudness": "-4.022",
        "mode": "1",
        "speechiness": "0.0952",
        "tempo": "126.002",
        "time_signature": "4",
        "valence": "0.823",
        "streams": "5010693",
        "country": "Global",
        "id": "0YHUITU3w6ws1v8ehT264g"
    },
    {
        "name": "Into You",
        "acousticness": "0.0161",
        "danceability": "0.636",
        "energy": "0.727",
        "instrumentalness": "1.12e-06",
        "liveness": "0.151",
        "loudness": "-5.852",
        "mode": "1",
        "speechiness": "0.106",
        "tempo": "107.988",
        "time_signature": "4",
        "valence": "0.358",
        "streams": "5007872",
        "country": "Global",
        "id": "7yHEDfrJNd0zWOfXwydNH0"
    },
    {
        "name": "Trust Nobody (feat. Selena Gomez & Tory Lanez)",
        "acousticness": "0.494",
        "danceability": "0.42",
        "energy": "0.636",
        "instrumentalness": "0.0",
        "liveness": "0.122",
        "loudness": "-7.216",
        "mode": "1",
        "speechiness": "0.22",
        "tempo": "156.104",
        "time_signature": "5",
        "valence": "0.784",
        "streams": "4987309",
        "country": "Global",
        "id": "2wDjpPW3HZdA9quPPmZAMu"
    },
    {
        "name": "Traicionera",
        "acousticness": "0.142",
        "danceability": "0.776",
        "energy": "0.669",
        "instrumentalness": "0.0",
        "liveness": "0.219",
        "loudness": "-4.933",
        "mode": "1",
        "speechiness": "0.0638",
        "tempo": "91.012",
        "time_signature": "4",
        "valence": "0.661",
        "streams": "4882394",
        "country": "Global",
        "id": "5J1c3M4EldCfNxXwrwt8mT"
    },
    {
        "name": "Sunset Lover",
        "acousticness": "0.729",
        "danceability": "0.783",
        "energy": "0.467",
        "instrumentalness": "0.809",
        "liveness": "0.109",
        "loudness": "-9.474",
        "mode": "1",
        "speechiness": "0.0503",
        "tempo": "90.838",
        "time_signature": "4",
        "valence": "0.236",
        "streams": "4870064",
        "country": "Global",
        "id": "0hNduWmlWmEmuwEFcYvRu1"
    },
    {
        "name": "X (feat. Future)",
        "acousticness": "0.373",
        "danceability": "0.835",
        "energy": "0.413",
        "instrumentalness": "0.00133",
        "liveness": "0.101",
        "loudness": "-9.81",
        "mode": "1",
        "speechiness": "0.396",
        "tempo": "149.004",
        "time_signature": "4",
        "valence": "0.111",
        "streams": "4860530",
        "country": "Global",
        "id": "6fwdbPMwP1zVStm8FybmkO"
    },
    {
        "name": "Chill Bill (feat. J. Davi$ & Spooks)",
        "acousticness": "0.0312",
        "danceability": "0.886",
        "energy": "0.427",
        "instrumentalness": "0.00099",
        "liveness": "0.0906",
        "loudness": "-10.028",
        "mode": "1",
        "speechiness": "0.145",
        "tempo": "108.034",
        "time_signature": "4",
        "valence": "0.23",
        "streams": "4855305",
        "country": "Global",
        "id": "5uDASfU19gDxSjW8cnCaBp"
    },
    {
        "name": "Needed Me",
        "acousticness": "0.11",
        "danceability": "0.671",
        "energy": "0.314",
        "instrumentalness": "0.0",
        "liveness": "0.0825",
        "loudness": "-8.091",
        "mode": "0",
        "speechiness": "0.244",
        "tempo": "110.898",
        "time_signature": "4",
        "valence": "0.296",
        "streams": "4780393",
        "country": "Global",
        "id": "1Tt4sE4pXi57mTD1GCzsqm"
    },
    {
        "name": "7 Years",
        "acousticness": "0.29",
        "danceability": "0.742",
        "energy": "0.479",
        "instrumentalness": "0.0",
        "liveness": "0.391",
        "loudness": "-5.83",
        "mode": "1",
        "speechiness": "0.0551",
        "tempo": "119.951",
        "time_signature": "4",
        "valence": "0.346",
        "streams": "4707790",
        "country": "Global",
        "id": "7129iqBafaphfc3WPCGC0L"
    },
    {
        "name": "Juju on That Beat (TZ Anthem)",
        "acousticness": "0.00381",
        "danceability": "0.807",
        "energy": "0.887",
        "instrumentalness": "0.0",
        "liveness": "0.391",
        "loudness": "-3.892",
        "mode": "1",
        "speechiness": "0.275",
        "tempo": "160.517",
        "time_signature": "4",
        "valence": "0.78",
        "streams": "4580028",
        "country": "Global",
        "id": "1lItf5ZXJc1by9SbPeljFd"
    },
    {
        "name": "All Time Low",
        "acousticness": "0.0584",
        "danceability": "0.617",
        "energy": "0.567",
        "instrumentalness": "0.0",
        "liveness": "0.0933",
        "loudness": "-4.188",
        "mode": "1",
        "speechiness": "0.0828",
        "tempo": "90.246",
        "time_signature": "4",
        "valence": "0.505",
        "streams": "4566918",
        "country": "Global",
        "id": "1CnPYaKxTVb4LWOtiGOm0m"
    },
    {
        "name": "Capsize",
        "acousticness": "0.0398",
        "danceability": "0.683",
        "energy": "0.708",
        "instrumentalness": "0.155",
        "liveness": "0.686",
        "loudness": "-6.244",
        "mode": "0",
        "speechiness": "0.0305",
        "tempo": "92.991",
        "time_signature": "4",
        "valence": "0.355",
        "streams": "4535409",
        "country": "Global",
        "id": "2XMTqoHHSH0lvuXrvIEdco"
    },
    {
        "name": "Send My Love (To Your New Lover)",
        "acousticness": "0.0415",
        "danceability": "0.69",
        "energy": "0.524",
        "instrumentalness": "3.16e-06",
        "liveness": "0.17",
        "loudness": "-8.39",
        "mode": "0",
        "speechiness": "0.103",
        "tempo": "164.023",
        "time_signature": "4",
        "valence": "0.562",
        "streams": "4507243",
        "country": "Global",
        "id": "4BHzQ9C00ceJxfG16AlNWb"
    },
    {
        "name": "Fast Car",
        "acousticness": "0.453",
        "danceability": "0.459",
        "energy": "0.587",
        "instrumentalness": "0.0",
        "liveness": "0.307",
        "loudness": "-6.983",
        "mode": "1",
        "speechiness": "0.0785",
        "tempo": "113.901",
        "time_signature": "4",
        "valence": "0.581",
        "streams": "4476496",
        "country": "Global",
        "id": "6OZh916QF8XNunWaP97WEZ"
    },
    {
        "name": "Versace on the Floor",
        "acousticness": "0.196",
        "danceability": "0.578",
        "energy": "0.574",
        "instrumentalness": "0.0",
        "liveness": "0.083",
        "loudness": "-6.209",
        "mode": "1",
        "speechiness": "0.0454",
        "tempo": "174.152",
        "time_signature": "4",
        "valence": "0.301",
        "streams": "4471484",
        "country": "Global",
        "id": "0kN8xEmgMW9mh7UmDYHlJP"
    },
    {
        "name": "Sneakin’",
        "acousticness": "0.00496",
        "danceability": "0.806",
        "energy": "0.558",
        "instrumentalness": "1.45e-06",
        "liveness": "0.16",
        "loudness": "-6.538",
        "mode": "1",
        "speechiness": "0.172",
        "tempo": "85.011",
        "time_signature": "4",
        "valence": "0.26",
        "streams": "4450133",
        "country": "Global",
        "id": "4ckuS4Nj4FZ7i3Def3Br8W"
    },
    {
        "name": "This Girl (Kungs Vs. Cookin' On 3 Burners)",
        "acousticness": "0.08",
        "danceability": "0.793",
        "energy": "0.729",
        "instrumentalness": "3.1e-05",
        "liveness": "0.317",
        "loudness": "-4.77",
        "mode": "0",
        "speechiness": "0.0394",
        "tempo": "121.972",
        "time_signature": "4",
        "valence": "0.488",
        "streams": "4429308",
        "country": "Global",
        "id": "0tICYNayWWhH9GPeFrfjfD"
    },
    {
        "name": "Shaky Shaky",
        "acousticness": "0.076",
        "danceability": "0.899",
        "energy": "0.626",
        "instrumentalness": "0.0",
        "liveness": "0.0631",
        "loudness": "-4.228",
        "mode": "0",
        "speechiness": "0.292",
        "tempo": "88.007",
        "time_signature": "4",
        "valence": "0.873",
        "streams": "4422007",
        "country": "Global",
        "id": "58IL315gMSTD37DOZPJ2hf"
    },
    {
        "name": "DUELE EL CORAZON (feat. Wisin)",
        "acousticness": "0.0786",
        "danceability": "0.724",
        "energy": "0.904",
        "instrumentalness": "0.0",
        "liveness": "0.226",
        "loudness": "-3.354",
        "mode": "0",
        "speechiness": "0.0966",
        "tempo": "90.999",
        "time_signature": "4",
        "valence": "0.846",
        "streams": "4372050",
        "country": "Global",
        "id": "6YZdkObH88npeKrrkb8Ggf"
    },
    {
        "name": "Steady 1234 (feat. Jasmine Thompson & Skizzy Mars)",
        "acousticness": "0.153",
        "danceability": "0.779",
        "energy": "0.671",
        "instrumentalness": "1.12e-05",
        "liveness": "0.115",
        "loudness": "-5.829",
        "mode": "1",
        "speechiness": "0.0814",
        "tempo": "104.953",
        "time_signature": "4",
        "valence": "0.718",
        "streams": "4358210",
        "country": "Global",
        "id": "40UroIGvsMPLPBYwH8rMNA"
    },
    {
        "name": "Sidewalks",
        "acousticness": "0.147",
        "danceability": "0.542",
        "energy": "0.72",
        "instrumentalness": "0.0",
        "liveness": "0.348",
        "loudness": "-5.136",
        "mode": "0",
        "speechiness": "0.0628",
        "tempo": "149.828",
        "time_signature": "4",
        "valence": "0.623",
        "streams": "4342298",
        "country": "Global",
        "id": "4h90qkbnW1Qq6pBhoPvwko"
    },
    {
        "name": "Middle",
        "acousticness": "0.0199",
        "danceability": "0.611",
        "energy": "0.7",
        "instrumentalness": "0.0",
        "liveness": "0.0549",
        "loudness": "-5.331",
        "mode": "1",
        "speechiness": "0.0436",
        "tempo": "104.981",
        "time_signature": "4",
        "valence": "0.213",
        "streams": "4329068",
        "country": "Global",
        "id": "4OZEu0Vwq0RB2LAq14v99n"
    },
    {
        "name": "Photograph",
        "acousticness": "0.607",
        "danceability": "0.614",
        "energy": "0.379",
        "instrumentalness": "0.000464",
        "liveness": "0.0986",
        "loudness": "-10.48",
        "mode": "1",
        "speechiness": "0.0476",
        "tempo": "107.989",
        "time_signature": "4",
        "valence": "0.201",
        "streams": "4310532",
        "country": "Global",
        "id": "6fxVffaTuwjgEk5h9QyRjy"
    },
    {
        "name": "Sex",
        "acousticness": "0.00451",
        "danceability": "0.51",
        "energy": "0.692",
        "instrumentalness": "0.0",
        "liveness": "0.138",
        "loudness": "-5.825",
        "mode": "1",
        "speechiness": "0.171",
        "tempo": "102.42",
        "time_signature": "4",
        "valence": "0.209",
        "streams": "4278981",
        "country": "Global",
        "id": "5DA77EqppDmCTWGovd4oTP"
    },
    {
        "name": "Final Song",
        "acousticness": "0.014",
        "danceability": "0.695",
        "energy": "0.672",
        "instrumentalness": "7.95e-05",
        "liveness": "0.0756",
        "loudness": "-6.109",
        "mode": "0",
        "speechiness": "0.0345",
        "tempo": "104.988",
        "time_signature": "4",
        "valence": "0.245",
        "streams": "4238426",
        "country": "Global",
        "id": "4qqArAiTPueDxIp7cf87h7"
    },
    {
        "name": "I Got You",
        "acousticness": "0.0504",
        "danceability": "0.609",
        "energy": "0.887",
        "instrumentalness": "4.76e-06",
        "liveness": "0.09",
        "loudness": "-4.749",
        "mode": "0",
        "speechiness": "0.0507",
        "tempo": "97.99",
        "time_signature": "4",
        "valence": "0.316",
        "streams": "4229584",
        "country": "Global",
        "id": "1FUViuNSldssMIawrOXF2i"
    },
    {
        "name": "Me, Myself & I",
        "acousticness": "0.0184",
        "danceability": "0.756",
        "energy": "0.674",
        "instrumentalness": "0.0",
        "liveness": "0.158",
        "loudness": "-6.518",
        "mode": "0",
        "speechiness": "0.0959",
        "tempo": "111.995",
        "time_signature": "4",
        "valence": "0.389",
        "streams": "4213342",
        "country": "Global",
        "id": "40YcuQysJ0KlGQTeGUosTC"
    },
    {
        "name": "Fresh Eyes",
        "acousticness": "0.562",
        "danceability": "0.822",
        "energy": "0.544",
        "instrumentalness": "2.4e-05",
        "liveness": "0.144",
        "loudness": "-6.797",
        "mode": "1",
        "speechiness": "0.0332",
        "tempo": "122.047",
        "time_signature": "4",
        "valence": "0.861",
        "streams": "4197759",
        "country": "Global",
        "id": "4nMlau89VAjmV7agkl7OY3"
    },
    {
        "name": "Lighthouse - Andrelli Remix",
        "acousticness": "0.0178",
        "danceability": "0.595",
        "energy": "0.662",
        "instrumentalness": "0.0",
        "liveness": "0.0804",
        "loudness": "-6.858",
        "mode": "0",
        "speechiness": "0.0362",
        "tempo": "96.053",
        "time_signature": "4",
        "valence": "0.417",
        "streams": "4134591",
        "country": "Global",
        "id": "04CttTezSnv71USiiG9mIo"
    },
    {
        "name": "No Heart",
        "acousticness": "0.136",
        "danceability": "0.906",
        "energy": "0.444",
        "instrumentalness": "6.44e-05",
        "liveness": "0.173",
        "loudness": "-8.692",
        "mode": "0",
        "speechiness": "0.384",
        "tempo": "140.063",
        "time_signature": "4",
        "valence": "0.678",
        "streams": "4133574",
        "country": "Global",
        "id": "4gmmRb6bZJffOOiww1JGTO"
    },
    {
        "name": "Six Feet Under",
        "acousticness": "0.129",
        "danceability": "0.772",
        "energy": "0.504",
        "instrumentalness": "0.0",
        "liveness": "0.125",
        "loudness": "-8.219",
        "mode": "0",
        "speechiness": "0.0761",
        "tempo": "140.035",
        "time_signature": "4",
        "valence": "0.244",
        "streams": "4080235",
        "country": "Global",
        "id": "4mU5iXHeLgbR94siF7p1sY"
    },
    {
        "name": "Dile Que Tu Me Quieres",
        "acousticness": "0.0998",
        "danceability": "0.721",
        "energy": "0.687",
        "instrumentalness": "0.0",
        "liveness": "0.0679",
        "loudness": "-6.682",
        "mode": "1",
        "speechiness": "0.0782",
        "tempo": "175.914",
        "time_signature": "4",
        "valence": "0.825",
        "streams": "4019163",
        "country": "Global",
        "id": "20ZAJdsKB5IGbGj4ilRt2o"
    },
    {
        "name": "Lean On (feat. MØ & DJ Snake)",
        "acousticness": "0.00346",
        "danceability": "0.723",
        "energy": "0.809",
        "instrumentalness": "0.00123",
        "liveness": "0.565",
        "loudness": "-3.081",
        "mode": "0",
        "speechiness": "0.0625",
        "tempo": "98.007",
        "time_signature": "4",
        "valence": "0.274",
        "streams": "4019075",
        "country": "Global",
        "id": "4WjH9Bzt3kx7z8kl0awxh4"
    },
    {
        "name": "Ay Mi Dios (feat. Pitbull, Yandel & Chacal)",
        "acousticness": "0.167",
        "danceability": "0.761",
        "energy": "0.829",
        "instrumentalness": "0.0",
        "liveness": "0.189",
        "loudness": "-3.203",
        "mode": "0",
        "speechiness": "0.0681",
        "tempo": "92.033",
        "time_signature": "4",
        "valence": "0.813",
        "streams": "3988644",
        "country": "Global",
        "id": "6stYbAJgTszHAHZMPxWWCY"
    },
    {
        "name": "Love on Me",
        "acousticness": "0.105",
        "danceability": "0.562",
        "energy": "0.906",
        "instrumentalness": "0.0",
        "liveness": "0.145",
        "loudness": "-2.085",
        "mode": "1",
        "speechiness": "0.0758",
        "tempo": "124.146",
        "time_signature": "4",
        "valence": "0.674",
        "streams": "3982786",
        "country": "Global",
        "id": "2MHCiOohBZEQuLgDTPvSzF"
    },
    {
        "name": "OOOUUU",
        "acousticness": "0.533",
        "danceability": "0.635",
        "energy": "0.847",
        "instrumentalness": "0.0",
        "liveness": "0.154",
        "loudness": "-3.152",
        "mode": "1",
        "speechiness": "0.447",
        "tempo": "166.072",
        "time_signature": "4",
        "valence": "0.568",
        "streams": "3972504",
        "country": "Global",
        "id": "7JYsArznYOjX2jsrT3UEnL"
    },
    {
        "name": "This Town",
        "acousticness": "0.71",
        "danceability": "0.687",
        "energy": "0.409",
        "instrumentalness": "0.0",
        "liveness": "0.126",
        "loudness": "-7.751",
        "mode": "1",
        "speechiness": "0.0311",
        "tempo": "111.861",
        "time_signature": "4",
        "valence": "0.16",
        "streams": "3961398",
        "country": "Global",
        "id": "5nA67Y0XX9JipZwYxX7Gl7"
    },
    {
        "name": "Redbone",
        "acousticness": "0.172",
        "danceability": "0.745",
        "energy": "0.356",
        "instrumentalness": "0.00943",
        "liveness": "0.123",
        "loudness": "-10.425",
        "mode": "1",
        "speechiness": "0.0941",
        "tempo": "160.033",
        "time_signature": "4",
        "valence": "0.607",
        "streams": "3942364",
        "country": "Global",
        "id": "3kxfsdsCpFgN412fpnW85Y"
    },
    {
        "name": "Weak",
        "acousticness": "0.137",
        "danceability": "0.673",
        "energy": "0.637",
        "instrumentalness": "0.0",
        "liveness": "0.184",
        "loudness": "-4.518",
        "mode": "1",
        "speechiness": "0.0429",
        "tempo": "123.98",
        "time_signature": "4",
        "valence": "0.678",
        "streams": "3930815",
        "country": "Global",
        "id": "3E2Zh20GDCR9B1EYjfXWyv"
    },
    {
        "name": "Thinking out Loud",
        "acousticness": "0.474",
        "danceability": "0.781",
        "energy": "0.445",
        "instrumentalness": "0.0",
        "liveness": "0.184",
        "loudness": "-6.061",
        "mode": "1",
        "speechiness": "0.0295",
        "tempo": "78.998",
        "time_signature": "4",
        "valence": "0.591",
        "streams": "3883321",
        "country": "Global",
        "id": "1Slwb6dOYkBlWal1PGtnNg"
    },
    {
        "name": "Dancing On My Own",
        "acousticness": "0.851",
        "danceability": "0.608",
        "energy": "0.174",
        "instrumentalness": "1.92e-05",
        "liveness": "0.0855",
        "loudness": "-8.796",
        "mode": "1",
        "speechiness": "0.0332",
        "tempo": "112.175",
        "time_signature": "4",
        "valence": "0.193",
        "streams": "3870258",
        "country": "Global",
        "id": "02WacdrRpm4zlP8H7X6bnQ"
    },
    {
        "name": "PILLOWTALK",
        "acousticness": "0.117",
        "danceability": "0.584",
        "energy": "0.7",
        "instrumentalness": "0.0",
        "liveness": "0.0939",
        "loudness": "-4.275",
        "mode": "1",
        "speechiness": "0.0456",
        "tempo": "124.944",
        "time_signature": "4",
        "valence": "0.438",
        "streams": "3861117",
        "country": "Global",
        "id": "0PDUDa38GO8lMxLCRc4lL1"
    },
    {
        "name": "Dynamite (feat. Pretty Sister)",
        "acousticness": "0.0548",
        "danceability": "0.811",
        "energy": "0.801",
        "instrumentalness": "2.09e-05",
        "liveness": "0.0742",
        "loudness": "-6.0",
        "mode": "0",
        "speechiness": "0.0802",
        "tempo": "105.055",
        "time_signature": "4",
        "valence": "0.693",
        "streams": "3812275",
        "country": "Global",
        "id": "2Ae5awwKvQpTBKQHr1TYCg"
    },
    {
        "name": "Lush Life",
        "acousticness": "0.132",
        "danceability": "0.694",
        "energy": "0.712",
        "instrumentalness": "0.0",
        "liveness": "0.211",
        "loudness": "-3.923",
        "mode": "0",
        "speechiness": "0.046",
        "tempo": "98.023",
        "time_signature": "4",
        "valence": "0.799",
        "streams": "3786825",
        "country": "Global",
        "id": "1rIKgCH4H52lrvDcz50hS8"
    },
    {
        "name": "Ain't My Fault",
        "acousticness": "0.00778",
        "danceability": "0.576",
        "energy": "0.782",
        "instrumentalness": "0.0",
        "liveness": "0.285",
        "loudness": "-4.825",
        "mode": "0",
        "speechiness": "0.0296",
        "tempo": "141.153",
        "time_signature": "4",
        "valence": "0.355",
        "streams": "3739087",
        "country": "Global",
        "id": "0ADG9OgdVTL7fgREP75BrZ"
    },
    {
        "name": "No Problem (feat. Lil Wayne & 2 Chainz)",
        "acousticness": "0.156",
        "danceability": "0.652",
        "energy": "0.795",
        "instrumentalness": "0.0",
        "liveness": "0.123",
        "loudness": "-5.192",
        "mode": "0",
        "speechiness": "0.174",
        "tempo": "135.018",
        "time_signature": "4",
        "valence": "0.788",
        "streams": "3737135",
        "country": "Global",
        "id": "0v9Wz8o0BT8DU38R4ddjeH"
    },
    {
        "name": "Hello",
        "acousticness": "0.336",
        "danceability": "0.481",
        "energy": "0.451",
        "instrumentalness": "0.0",
        "liveness": "0.0872",
        "loudness": "-6.095",
        "mode": "0",
        "speechiness": "0.0347",
        "tempo": "157.966",
        "time_signature": "4",
        "valence": "0.289",
        "streams": "3703686",
        "country": "Global",
        "id": "4sPmO7WMQUAf45kwMOtONw"
    },
    {
        "name": "Never Be Like You",
        "acousticness": "0.436",
        "danceability": "0.494",
        "energy": "0.559",
        "instrumentalness": "0.0",
        "liveness": "0.164",
        "loudness": "-5.445",
        "mode": "1",
        "speechiness": "0.0565",
        "tempo": "119.247",
        "time_signature": "4",
        "valence": "0.264",
        "streams": "3684307",
        "country": "Global",
        "id": "12REd1n8PeiHHWOh066tpr"
    },
    {
        "name": "Roses (feat. ROZES)",
        "acousticness": "0.0361",
        "danceability": "0.716",
        "energy": "0.806",
        "instrumentalness": "0.00413",
        "liveness": "0.244",
        "loudness": "-7.602",
        "mode": "1",
        "speechiness": "0.0466",
        "tempo": "100.033",
        "time_signature": "4",
        "valence": "0.347",
        "streams": "3608588",
        "country": "Global",
        "id": "6O6M7pJLABmfBRoGZMu76Y"
    },
    {
        "name": "iSpy (feat. Lil Yachty)",
        "acousticness": "0.378",
        "danceability": "0.746",
        "energy": "0.653",
        "instrumentalness": "0.0",
        "liveness": "0.229",
        "loudness": "-6.745",
        "mode": "1",
        "speechiness": "0.289",
        "tempo": "75.016",
        "time_signature": "4",
        "valence": "0.672",
        "streams": "3575433",
        "country": "Global",
        "id": "2EEeOnHehOozLq4aS0n6SL"
    },
    {
        "name": "No Money",
        "acousticness": "0.0282",
        "danceability": "0.671",
        "energy": "0.916",
        "instrumentalness": "0.00762",
        "liveness": "0.24",
        "loudness": "-4.014",
        "mode": "0",
        "speechiness": "0.0397",
        "tempo": "126.01",
        "time_signature": "4",
        "valence": "0.803",
        "streams": "3554030",
        "country": "Global",
        "id": "0gb1J5UrTpzaU1s3nupgCd"
    },
    {
        "name": "Love On The Brain",
        "acousticness": "0.0717",
        "danceability": "0.509",
        "energy": "0.637",
        "instrumentalness": "1.08e-05",
        "liveness": "0.0789",
        "loudness": "-4.83",
        "mode": "0",
        "speechiness": "0.0471",
        "tempo": "172.006",
        "time_signature": "3",
        "valence": "0.378",
        "streams": "3542741",
        "country": "Global",
        "id": "2aksifNn5ph8igDOkPBA02"
    },
    {
        "name": "Borro Cassette",
        "acousticness": "0.132",
        "danceability": "0.73",
        "energy": "0.701",
        "instrumentalness": "0.0",
        "liveness": "0.151",
        "loudness": "-5.885",
        "mode": "0",
        "speechiness": "0.106",
        "tempo": "175.95",
        "time_signature": "4",
        "valence": "0.785",
        "streams": "3540886",
        "country": "Global",
        "id": "6DUdDIRgLqCGq1DwkNWQTN"
    },
    {
        "name": "pick up the phone",
        "acousticness": "0.114",
        "danceability": "0.711",
        "energy": "0.739",
        "instrumentalness": "0.0",
        "liveness": "0.226",
        "loudness": "-3.804",
        "mode": "0",
        "speechiness": "0.129",
        "tempo": "136.919",
        "time_signature": "4",
        "valence": "0.43",
        "streams": "3536673",
        "country": "Global",
        "id": "20dP2DaMHIAmwWAbp7peSr"
    },
    {
        "name": "Some Kind Of Drug (feat. Marc E. Bassy)",
        "acousticness": "0.0705",
        "danceability": "0.634",
        "energy": "0.525",
        "instrumentalness": "0.0",
        "liveness": "0.0729",
        "loudness": "-8.968",
        "mode": "1",
        "speechiness": "0.47",
        "tempo": "130.271",
        "time_signature": "4",
        "valence": "0.49",
        "streams": "3535347",
        "country": "Global",
        "id": "1Bqxj0aH5KewYHKUg1IdrF"
    },
    {
        "name": "What Do You Mean?",
        "acousticness": "0.59",
        "danceability": "0.845",
        "energy": "0.567",
        "instrumentalness": "0.00142",
        "liveness": "0.0811",
        "loudness": "-8.118",
        "mode": "0",
        "speechiness": "0.0956",
        "tempo": "125.02",
        "time_signature": "4",
        "valence": "0.793",
        "streams": "3524637",
        "country": "Global",
        "id": "3pzjHKrQSvXGHQ98dx18HI"
    },
    {
        "name": "Stitches",
        "acousticness": "0.0152",
        "danceability": "0.746",
        "energy": "0.754",
        "instrumentalness": "0.0",
        "liveness": "0.0486",
        "loudness": "-6.681",
        "mode": "1",
        "speechiness": "0.067",
        "tempo": "149.882",
        "time_signature": "4",
        "valence": "0.764",
        "streams": "3519447",
        "country": "Global",
        "id": "1WP1r7fuvRqZRnUaTi2I1Q"
    },
    {
        "name": "Neighbors",
        "acousticness": "0.319",
        "danceability": "0.898",
        "energy": "0.283",
        "instrumentalness": "0.000383",
        "liveness": "0.11",
        "loudness": "-12.335",
        "mode": "0",
        "speechiness": "0.356",
        "tempo": "138.97",
        "time_signature": "4",
        "valence": "0.469",
        "streams": "3496249",
        "country": "Global",
        "id": "0utlOiJy2weVl9WTkcEWHy"
    },
    {
        "name": "Andas En Mi Cabeza",
        "acousticness": "0.0244",
        "danceability": "0.68",
        "energy": "0.954",
        "instrumentalness": "0.0",
        "liveness": "0.112",
        "loudness": "-1.823",
        "mode": "1",
        "speechiness": "0.119",
        "tempo": "104.029",
        "time_signature": "4",
        "valence": "0.521",
        "streams": "3478154",
        "country": "Global",
        "id": "5mey7CLLuFToM2P68Qu1gF"
    },
    {
        "name": "Vacaciones",
        "acousticness": "0.256",
        "danceability": "0.772",
        "energy": "0.909",
        "instrumentalness": "0.0",
        "liveness": "0.255",
        "loudness": "-3.225",
        "mode": "0",
        "speechiness": "0.166",
        "tempo": "96.031",
        "time_signature": "4",
        "valence": "0.694",
        "streams": "3474525",
        "country": "Global",
        "id": "3dQDid3IUNhZy1OehIfYfE"
    },
    {
        "name": "You Was Right",
        "acousticness": "0.069",
        "danceability": "0.843",
        "energy": "0.359",
        "instrumentalness": "0.0",
        "liveness": "0.12",
        "loudness": "-7.417",
        "mode": "1",
        "speechiness": "0.461",
        "tempo": "81.987",
        "time_signature": "4",
        "valence": "0.156",
        "streams": "3452754",
        "country": "Global",
        "id": "2ANLarE8yHVsLWW21nj79M"
    },
    {
        "name": "No Lie",
        "acousticness": "0.0437",
        "danceability": "0.741",
        "energy": "0.891",
        "instrumentalness": "0.0",
        "liveness": "0.256",
        "loudness": "-2.824",
        "mode": "1",
        "speechiness": "0.119",
        "tempo": "102.002",
        "time_signature": "4",
        "valence": "0.449",
        "streams": "3424555",
        "country": "Global",
        "id": "3cFsmM51N5zMAuu1nNY4Tw"
    },
    {
        "name": "Me llamas (feat. Maluma) - Remix",
        "acousticness": "0.547",
        "danceability": "0.76",
        "energy": "0.838",
        "instrumentalness": "1.3e-06",
        "liveness": "0.0664",
        "loudness": "-3.828",
        "mode": "0",
        "speechiness": "0.0529",
        "tempo": "93.05",
        "time_signature": "4",
        "valence": "0.745",
        "streams": "3389017",
        "country": "Global",
        "id": "5hEM0JchdVzQ5PwvSfITeX"
    },
    {
        "name": "Light",
        "acousticness": "0.0857",
        "danceability": "0.57",
        "energy": "0.763",
        "instrumentalness": "2.49e-06",
        "liveness": "0.0932",
        "loudness": "-4.137",
        "mode": "1",
        "speechiness": "0.0573",
        "tempo": "150.088",
        "time_signature": "4",
        "valence": "0.43",
        "streams": "3351499",
        "country": "Global",
        "id": "7zTx8ePYAmPFQuxP3xlXZn"
    },
    {
        "name": "Wake Up Where You Are",
        "acousticness": "0.11",
        "danceability": "0.706",
        "energy": "0.674",
        "instrumentalness": "0.000626",
        "liveness": "0.0784",
        "loudness": "-6.977",
        "mode": "1",
        "speechiness": "0.0337",
        "tempo": "113.956",
        "time_signature": "4",
        "valence": "0.545",
        "streams": "3318446",
        "country": "Global",
        "id": "2s76aKBWKShlwPC4xTtEEE"
    },
    {
        "name": "Reminder",
        "acousticness": "0.142",
        "danceability": "0.706",
        "energy": "0.505",
        "instrumentalness": "0.0",
        "liveness": "0.164",
        "loudness": "-6.923",
        "mode": "1",
        "speechiness": "0.193",
        "tempo": "160.053",
        "time_signature": "4",
        "valence": "0.388",
        "streams": "3316620",
        "country": "Global",
        "id": "37F0uwRSrdzkBiuj0D5UHI"
    },
    {
        "name": "Hotline Bling",
        "acousticness": "0.00347",
        "danceability": "0.903",
        "energy": "0.62",
        "instrumentalness": "0.000119",
        "liveness": "0.0504",
        "loudness": "-8.094",
        "mode": "1",
        "speechiness": "0.0587",
        "tempo": "134.96",
        "time_signature": "4",
        "valence": "0.539",
        "streams": "3281748",
        "country": "Global",
        "id": "2FBUoWkIuQXwayw2RNo5l6"
    },
    {
        "name": "Let Me Hold You (Turn Me On)",
        "acousticness": "0.101",
        "danceability": "0.68",
        "energy": "0.774",
        "instrumentalness": "0.0",
        "liveness": "0.113",
        "loudness": "-3.136",
        "mode": "0",
        "speechiness": "0.0697",
        "tempo": "102.949",
        "time_signature": "4",
        "valence": "0.331",
        "streams": "3259850",
        "country": "Global",
        "id": "0lmdsH1MIoLsMymnNpd6HU"
    },
    {
        "name": "Miss You",
        "acousticness": "0.104",
        "danceability": "0.88",
        "energy": "0.605",
        "instrumentalness": "0.00488",
        "liveness": "0.106",
        "loudness": "-7.639",
        "mode": "0",
        "speechiness": "0.0531",
        "tempo": "120.017",
        "time_signature": "4",
        "valence": "0.626",
        "streams": "3216083",
        "country": "Global",
        "id": "7of1slAJIWrXxP8ikAHxje"
    },
    {
        "name": "Jumpman",
        "acousticness": "0.0559",
        "danceability": "0.852",
        "energy": "0.553",
        "instrumentalness": "0.0",
        "liveness": "0.332",
        "loudness": "-7.286",
        "mode": "1",
        "speechiness": "0.187",
        "tempo": "142.079",
        "time_signature": "4",
        "valence": "0.656",
        "streams": "3198884",
        "country": "Global",
        "id": "27GmP9AWRs744SzKcpJsTZ"
    },
    {
        "name": "Immortal",
        "acousticness": "0.455",
        "danceability": "0.744",
        "energy": "0.43",
        "instrumentalness": "2.73e-06",
        "liveness": "0.126",
        "loudness": "-10.604",
        "mode": "0",
        "speechiness": "0.309",
        "tempo": "92.039",
        "time_signature": "4",
        "valence": "0.266",
        "streams": "3145454",
        "country": "Global",
        "id": "6AGON2BGdPmPMJGiiNuuwl"
    },
    {
        "name": "That's What I Like",
        "acousticness": "0.013",
        "danceability": "0.853",
        "energy": "0.56",
        "instrumentalness": "0.0",
        "liveness": "0.0944",
        "loudness": "-4.961",
        "mode": "1",
        "speechiness": "0.0406",
        "tempo": "134.066",
        "time_signature": "4",
        "valence": "0.86",
        "streams": "3144929",
        "country": "Global",
        "id": "0KKkJNfGyhkQ5aFogxQAPU"
    },
    {
        "name": "Swang",
        "acousticness": "0.2",
        "danceability": "0.681",
        "energy": "0.314",
        "instrumentalness": "9.82e-06",
        "liveness": "0.1",
        "loudness": "-9.319",
        "mode": "1",
        "speechiness": "0.0581",
        "tempo": "139.992",
        "time_signature": "4",
        "valence": "0.166",
        "streams": "3136885",
        "country": "Global",
        "id": "6mapJIPnQ23RTAevUoE0DL"
    },
    {
        "name": "Rockin’",
        "acousticness": "0.0133",
        "danceability": "0.738",
        "energy": "0.885",
        "instrumentalness": "0.0",
        "liveness": "0.0821",
        "loudness": "-5.547",
        "mode": "0",
        "speechiness": "0.206",
        "tempo": "112.878",
        "time_signature": "4",
        "valence": "0.752",
        "streams": "3119482",
        "country": "Global",
        "id": "36YCdzT57us0LhDmCYtrNE"
    },
    {
        "name": "Alarm",
        "acousticness": "0.0812",
        "danceability": "0.756",
        "energy": "0.589",
        "instrumentalness": "0.0",
        "liveness": "0.176",
        "loudness": "-5.093",
        "mode": "1",
        "speechiness": "0.232",
        "tempo": "146.928",
        "time_signature": "4",
        "valence": "0.811",
        "streams": "3111623",
        "country": "Global",
        "id": "0OwX5aROoW1Iip8FV51Efg"
    },
    {
        "name": "Taped up Heart (feat. Clara Mae)",
        "acousticness": "0.152",
        "danceability": "0.675",
        "energy": "0.937",
        "instrumentalness": "0.0",
        "liveness": "0.154",
        "loudness": "-3.525",
        "mode": "0",
        "speechiness": "0.0509",
        "tempo": "103.961",
        "time_signature": "4",
        "valence": "0.567",
        "streams": "3085416",
        "country": "Global",
        "id": "26hcyzSE154xMZCbFdtInA"
    },
    {
        "name": "The Hills",
        "acousticness": "0.0861",
        "danceability": "0.356",
        "energy": "0.567",
        "instrumentalness": "0.0",
        "liveness": "0.137",
        "loudness": "-7.011",
        "mode": "0",
        "speechiness": "0.0798",
        "tempo": "135.553",
        "time_signature": "5",
        "valence": "0.109",
        "streams": "3078216",
        "country": "Global",
        "id": "25khomWgBVamSdKw7hzm3l"
    },
    {
        "name": "Gold",
        "acousticness": "0.615",
        "danceability": "0.6",
        "energy": "0.412",
        "instrumentalness": "0.0025",
        "liveness": "0.134",
        "loudness": "-9.343",
        "mode": "1",
        "speechiness": "0.344",
        "tempo": "113.049",
        "time_signature": "5",
        "valence": "0.408",
        "streams": "3071101",
        "country": "Global",
        "id": "6WhzFzROw3aq3rPWjgYlxr"
    },
    {
        "name": "Touch",
        "acousticness": "0.032",
        "danceability": "0.607",
        "energy": "0.718",
        "instrumentalness": "0.0",
        "liveness": "0.403",
        "loudness": "-4.095",
        "mode": "1",
        "speechiness": "0.0978",
        "tempo": "101.821",
        "time_signature": "4",
        "valence": "0.551",
        "streams": "3060671",
        "country": "Global",
        "id": "5Ua3GXyHwiSfpNTMjq6m2z"
    },
    {
        "name": "Would I Lie to You - Radio Edit",
        "acousticness": "0.00718",
        "danceability": "0.671",
        "energy": "0.826",
        "instrumentalness": "0.0",
        "liveness": "0.631",
        "loudness": "-5.766",
        "mode": "0",
        "speechiness": "0.309",
        "tempo": "123.986",
        "time_signature": "4",
        "valence": "0.774",
        "streams": "3050982",
        "country": "Global",
        "id": "4PdJSsESm34djLfBde9Pr2"
    },
    {
        "name": "Cuatro Babys (feat. Trap Capos, Noriel, Bryant Myers & Juhn)",
        "acousticness": "0.0983",
        "danceability": "0.772",
        "energy": "0.547",
        "instrumentalness": "4.35e-06",
        "liveness": "0.107",
        "loudness": "-6.373",
        "mode": "0",
        "speechiness": "0.0541",
        "tempo": "130.099",
        "time_signature": "4",
        "valence": "0.0957",
        "streams": "3047902",
        "country": "Global",
        "id": "0JoHqmlqE0W0i9prt6kcHR"
    },
    {
        "name": "Cool Girl",
        "acousticness": "0.335",
        "danceability": "0.671",
        "energy": "0.71",
        "instrumentalness": "4.76e-06",
        "liveness": "0.074",
        "loudness": "-6.997",
        "mode": "0",
        "speechiness": "0.109",
        "tempo": "102.022",
        "time_signature": "4",
        "valence": "0.233",
        "streams": "3034502",
        "country": "Global",
        "id": "5dKyZWlgjWw1oJgLa4GCZD"
    },
    {
        "name": "Let It Go",
        "acousticness": "0.818",
        "danceability": "0.546",
        "energy": "0.311",
        "instrumentalness": "1.65e-05",
        "liveness": "0.107",
        "loudness": "-10.396",
        "mode": "1",
        "speechiness": "0.0288",
        "tempo": "147.464",
        "time_signature": "4",
        "valence": "0.246",
        "streams": "3026036",
        "country": "Global",
        "id": "13HVjjWUZFaWilh2QUJKsP"
    },
    {
        "name": "Gyal You A Party Animal - Remix",
        "acousticness": "0.0673",
        "danceability": "0.723",
        "energy": "0.889",
        "instrumentalness": "0.0",
        "liveness": "0.363",
        "loudness": "-4.017",
        "mode": "1",
        "speechiness": "0.0939",
        "tempo": "101.032",
        "time_signature": "4",
        "valence": "0.701",
        "streams": "3013428",
        "country": "Global",
        "id": "1AkTW13ysu0AJrwuM6UY0I"
    },
    {
        "name": "Oh Lord",
        "acousticness": "0.0217",
        "danceability": "0.273",
        "energy": "0.794",
        "instrumentalness": "0.0",
        "liveness": "0.0616",
        "loudness": "-6.644",
        "mode": "0",
        "speechiness": "0.0675",
        "tempo": "95.902",
        "time_signature": "4",
        "valence": "0.377",
        "streams": "2991349",
        "country": "Global",
        "id": "1sTUEdVO85YU8Ymk2jeAls"
    },
    {
        "name": "Low Life (feat. The Weeknd)",
        "acousticness": "0.337",
        "danceability": "0.722",
        "energy": "0.331",
        "instrumentalness": "0.282",
        "liveness": "0.146",
        "loudness": "-7.789",
        "mode": "1",
        "speechiness": "0.0726",
        "tempo": "143.961",
        "time_signature": "4",
        "valence": "0.102",
        "streams": "2989492",
        "country": "Global",
        "id": "7EiZI6JVHllARrX9PUvAdX"
    },
    {
        "name": "Please Don't Go",
        "acousticness": "0.0118",
        "danceability": "0.513",
        "energy": "0.768",
        "instrumentalness": "1.94e-05",
        "liveness": "0.294",
        "loudness": "-4.868",
        "mode": "0",
        "speechiness": "0.0587",
        "tempo": "84.264",
        "time_signature": "4",
        "valence": "0.235",
        "streams": "2975537",
        "country": "Global",
        "id": "3cNjgVBKTJ1SvKhunrCdVy"
    },
    {
        "name": "Can't Feel My Face",
        "acousticness": "0.124",
        "danceability": "0.702",
        "energy": "0.77",
        "instrumentalness": "0.0",
        "liveness": "0.103",
        "loudness": "-5.416",
        "mode": "0",
        "speechiness": "0.0482",
        "tempo": "107.951",
        "time_signature": "4",
        "valence": "0.593",
        "streams": "2970917",
        "country": "Global",
        "id": "6RsWqX8zABZLhZydXxEFOm"
    },
    {
        "name": "September Song",
        "acousticness": "0.0545",
        "danceability": "0.623",
        "energy": "0.654",
        "instrumentalness": "0.0",
        "liveness": "0.0838",
        "loudness": "-5.675",
        "mode": "0",
        "speechiness": "0.0372",
        "tempo": "95.921",
        "time_signature": "4",
        "valence": "0.401",
        "streams": "2970487",
        "country": "Global",
        "id": "0FuTx2s3YH1ppmtiM6l0zI"
    },
    {
        "name": "Die For You",
        "acousticness": "0.111",
        "danceability": "0.586",
        "energy": "0.525",
        "instrumentalness": "0.0",
        "liveness": "0.134",
        "loudness": "-7.163",
        "mode": "0",
        "speechiness": "0.0615",
        "tempo": "133.629",
        "time_signature": "4",
        "valence": "0.508",
        "streams": "2961534",
        "country": "Global",
        "id": "2LBqCSwhJGcFQeTHMVGwy3"
    },
    {
        "name": "Lose Yourself - From \"8 Mile\" Soundtrack",
        "acousticness": "0.00868",
        "danceability": "0.692",
        "energy": "0.744",
        "instrumentalness": "0.000423",
        "liveness": "0.359",
        "loudness": "-4.565",
        "mode": "1",
        "speechiness": "0.257",
        "tempo": "171.374",
        "time_signature": "4",
        "valence": "0.0612",
        "streams": "2926239",
        "country": "Global",
        "id": "5Z01UMMf7V1o0MzF86s6WJ"
    },
    {
        "name": "Hymn for the Weekend",
        "acousticness": "0.211",
        "danceability": "0.491",
        "energy": "0.693",
        "instrumentalness": "6.92e-06",
        "liveness": "0.325",
        "loudness": "-6.487",
        "mode": "0",
        "speechiness": "0.0377",
        "tempo": "90.027",
        "time_signature": "4",
        "valence": "0.412",
        "streams": "2915614",
        "country": "Global",
        "id": "3RiPr603aXAoi4GHyXx0uy"
    },
    {
        "name": "You & Me",
        "acousticness": "0.0398",
        "danceability": "0.693",
        "energy": "0.65",
        "instrumentalness": "0.0",
        "liveness": "0.186",
        "loudness": "-8.376",
        "mode": "1",
        "speechiness": "0.192",
        "tempo": "85.026",
        "time_signature": "4",
        "valence": "0.663",
        "streams": "2913658",
        "country": "Global",
        "id": "4QdovcM8j50QPlyR7tH4xe"
    },
    {
        "name": "Not Going Home (feat. Gia Koka)",
        "acousticness": "0.0933",
        "danceability": "0.713",
        "energy": "0.733",
        "instrumentalness": "2.23e-05",
        "liveness": "0.237",
        "loudness": "-6.431",
        "mode": "1",
        "speechiness": "0.152",
        "tempo": "108.992",
        "time_signature": "4",
        "valence": "0.502",
        "streams": "2909891",
        "country": "Global",
        "id": "042x9bsUBWW2fJgJ6fUh61"
    },
    {
        "name": "Say It (feat. Tove Lo)",
        "acousticness": "0.0668",
        "danceability": "0.598",
        "energy": "0.532",
        "instrumentalness": "3.22e-06",
        "liveness": "0.0617",
        "loudness": "-6.833",
        "mode": "0",
        "speechiness": "0.0295",
        "tempo": "74.963",
        "time_signature": "4",
        "valence": "0.261",
        "streams": "2895921",
        "country": "Global",
        "id": "4sQMalN597HdggTu196aL0"
    },
    {
        "name": "No Role Modelz",
        "acousticness": "0.301",
        "danceability": "0.692",
        "energy": "0.521",
        "instrumentalness": "0.0",
        "liveness": "0.0565",
        "loudness": "-8.465",
        "mode": "0",
        "speechiness": "0.33",
        "tempo": "100.45",
        "time_signature": "4",
        "valence": "0.463",
        "streams": "2889936",
        "country": "Global",
        "id": "62vpWI1CHwFy7tMIcSStl8"
    },
    {
        "name": "Million Reasons",
        "acousticness": "0.477",
        "danceability": "0.668",
        "energy": "0.449",
        "instrumentalness": "0.0",
        "liveness": "0.107",
        "loudness": "-7.897",
        "mode": "1",
        "speechiness": "0.0451",
        "tempo": "129.889",
        "time_signature": "4",
        "valence": "0.154",
        "streams": "2783891",
        "country": "Global",
        "id": "50PWlIBU7PlGGwzgN8TiFJ"
    },
    {
        "name": "Secrets",
        "acousticness": "0.0155",
        "danceability": "0.665",
        "energy": "0.771",
        "instrumentalness": "9.6e-06",
        "liveness": "0.46",
        "loudness": "-5.779",
        "mode": "1",
        "speechiness": "0.0533",
        "tempo": "109.948",
        "time_signature": "4",
        "valence": "0.764",
        "streams": "2758336",
        "country": "Global",
        "id": "3DX4Y0egvc0slLcLl31h2p"
    },
    {
        "name": "Used to This (feat. Drake)",
        "acousticness": "0.0312",
        "danceability": "0.618",
        "energy": "0.727",
        "instrumentalness": "0.0",
        "liveness": "0.196",
        "loudness": "-7.224",
        "mode": "0",
        "speechiness": "0.208",
        "tempo": "164.992",
        "time_signature": "4",
        "valence": "0.401",
        "streams": "2753134",
        "country": "Global",
        "id": "78sr3ogs4UzITcCNbXM9cM"
    },
    {
        "name": "Love$ick",
        "acousticness": "0.126",
        "danceability": "0.665",
        "energy": "0.771",
        "instrumentalness": "0.00449",
        "liveness": "0.27",
        "loudness": "-5.124",
        "mode": "0",
        "speechiness": "0.14",
        "tempo": "88.835",
        "time_signature": "4",
        "valence": "0.732",
        "streams": "2715398",
        "country": "Global",
        "id": "5v9N8Rx3QsFvr50cxyQcA3"
    },
    {
        "name": "Uptown Funk (feat. Bruno Mars)",
        "acousticness": "0.00801",
        "danceability": "0.856",
        "energy": "0.609",
        "instrumentalness": "8.15e-05",
        "liveness": "0.0344",
        "loudness": "-7.223",
        "mode": "1",
        "speechiness": "0.0824",
        "tempo": "114.988",
        "time_signature": "4",
        "valence": "0.928",
        "streams": "2706799",
        "country": "Global",
        "id": "32OlwWuMpZ6b0aN2RZOeMS"
    },
    {
        "name": "Pumped Up Kicks",
        "acousticness": "0.145",
        "danceability": "0.733",
        "energy": "0.71",
        "instrumentalness": "0.115",
        "liveness": "0.0956",
        "loudness": "-5.849",
        "mode": "0",
        "speechiness": "0.0292",
        "tempo": "127.975",
        "time_signature": "4",
        "valence": "0.965",
        "streams": "2698924",
        "country": "Global",
        "id": "7w87IxuO7BDcJ3YUqCyMTT"
    },
    {
        "name": "Bohemian Rhapsody - Remastered 2011",
        "acousticness": "0.271",
        "danceability": "0.414",
        "energy": "0.404",
        "instrumentalness": "0.0",
        "liveness": "0.3",
        "loudness": "-9.928",
        "mode": "0",
        "speechiness": "0.0499",
        "tempo": "71.105",
        "time_signature": "4",
        "valence": "0.224",
        "streams": "2684017",
        "country": "Global",
        "id": "1AhDOtG9vPSOmsWgNW0BEY"
    },
    {
        "name": "Chillax (feat. Ky-Mani Marley)",
        "acousticness": "0.0724",
        "danceability": "0.827",
        "energy": "0.646",
        "instrumentalness": "0.0",
        "liveness": "0.247",
        "loudness": "-4.727",
        "mode": "0",
        "speechiness": "0.0766",
        "tempo": "92.057",
        "time_signature": "4",
        "valence": "0.512",
        "streams": "2676819",
        "country": "Global",
        "id": "1lxswgIpzV6HhENRvkflES"
    },
    {
        "name": "My House",
        "acousticness": "0.0215",
        "danceability": "0.688",
        "energy": "0.702",
        "instrumentalness": "0.0",
        "liveness": "0.128",
        "loudness": "-4.792",
        "mode": "0",
        "speechiness": "0.0499",
        "tempo": "94.006",
        "time_signature": "4",
        "valence": "0.74",
        "streams": "2673597",
        "country": "Global",
        "id": "6Knv6wdA0luoMUuuoYi2i1"
    },
    {
        "name": "Sugar (feat. Francesco Yates)",
        "acousticness": "0.0185",
        "danceability": "0.636",
        "energy": "0.815",
        "instrumentalness": "0.0",
        "liveness": "0.163",
        "loudness": "-5.098",
        "mode": "0",
        "speechiness": "0.0581",
        "tempo": "123.063",
        "time_signature": "4",
        "valence": "0.636",
        "streams": "2670842",
        "country": "Global",
        "id": "5tf1VVWniHgryyumXyJM7w"
    },
    {
        "name": "True Colors",
        "acousticness": "0.284",
        "danceability": "0.616",
        "energy": "0.424",
        "instrumentalness": "0.0",
        "liveness": "0.173",
        "loudness": "-8.237",
        "mode": "1",
        "speechiness": "0.251",
        "tempo": "76.676",
        "time_signature": "4",
        "valence": "0.582",
        "streams": "2669838",
        "country": "Global",
        "id": "6i759FCuKx713ZnYjtpQGU"
    },
    {
        "name": "Cocoon",
        "acousticness": "0.0998",
        "danceability": "0.743",
        "energy": "0.659",
        "instrumentalness": "0.00028",
        "liveness": "0.0622",
        "loudness": "-6.755",
        "mode": "1",
        "speechiness": "0.0343",
        "tempo": "114.033",
        "time_signature": "4",
        "valence": "0.804",
        "streams": "2643532",
        "country": "Global",
        "id": "0L87MffumRNWrY2SNUFcvs"
    },
    {
        "name": "Adventure of a Lifetime",
        "acousticness": "0.00205",
        "danceability": "0.638",
        "energy": "0.924",
        "instrumentalness": "0.000175",
        "liveness": "0.149",
        "loudness": "-3.887",
        "mode": "1",
        "speechiness": "0.036",
        "tempo": "111.995",
        "time_signature": "4",
        "valence": "0.53",
        "streams": "2638669",
        "country": "Global",
        "id": "69uxyAqqPIsUyTO8txoP2M"
    },
    {
        "name": "Can't Hold Us - feat. Ray Dalton",
        "acousticness": "0.0291",
        "danceability": "0.641",
        "energy": "0.922",
        "instrumentalness": "0.0",
        "liveness": "0.0862",
        "loudness": "-4.457",
        "mode": "1",
        "speechiness": "0.0786",
        "tempo": "146.078",
        "time_signature": "4",
        "valence": "0.847",
        "streams": "2632407",
        "country": "Global",
        "id": "3bidbhpOYeV4knp8AIu8Xn"
    },
    {
        "name": "Hasta el Amanecer",
        "acousticness": "0.282",
        "danceability": "0.832",
        "energy": "0.608",
        "instrumentalness": "0.0",
        "liveness": "0.0761",
        "loudness": "-6.042",
        "mode": "0",
        "speechiness": "0.0385",
        "tempo": "94.013",
        "time_signature": "4",
        "valence": "0.589",
        "streams": "2630356",
        "country": "Global",
        "id": "5Fim1gaXBgsiFfsQAfQSDS"
    },
    {
        "name": "goosebumps",
        "acousticness": "0.0847",
        "danceability": "0.841",
        "energy": "0.728",
        "instrumentalness": "0.0",
        "liveness": "0.149",
        "loudness": "-3.37",
        "mode": "1",
        "speechiness": "0.0484",
        "tempo": "130.049",
        "time_signature": "4",
        "valence": "0.43",
        "streams": "2619064",
        "country": "Global",
        "id": "6gBFPUFcJLzWGx4lenP6h2"
    },
    {
        "name": "Mr. Brightside",
        "acousticness": "0.00101",
        "danceability": "0.356",
        "energy": "0.924",
        "instrumentalness": "0.0",
        "liveness": "0.0953",
        "loudness": "-3.74",
        "mode": "1",
        "speechiness": "0.0808",
        "tempo": "148.017",
        "time_signature": "4",
        "valence": "0.232",
        "streams": "2605389",
        "country": "Global",
        "id": "7oK9VyNzrYvRFo7nQEYkWN"
    },
    {
        "name": "Stay (feat. Maty Noyes)",
        "acousticness": "0.0444",
        "danceability": "0.648",
        "energy": "0.736",
        "instrumentalness": "0.000137",
        "liveness": "0.171",
        "loudness": "-7.948",
        "mode": "1",
        "speechiness": "0.0385",
        "tempo": "103.027",
        "time_signature": "4",
        "valence": "0.378",
        "streams": "2598170",
        "country": "Global",
        "id": "2FiSTH0GYpIioUgjfzMIja"
    },
    {
        "name": "White Iverson",
        "acousticness": "0.233",
        "danceability": "0.675",
        "energy": "0.562",
        "instrumentalness": "0.0",
        "liveness": "0.0816",
        "loudness": "-7.678",
        "mode": "1",
        "speechiness": "0.0352",
        "tempo": "130.098",
        "time_signature": "4",
        "valence": "0.309",
        "streams": "2598038",
        "country": "Global",
        "id": "6eT7xZZlB2mwyzJ2sUKG6w"
    },
    {
        "name": "Famous",
        "acousticness": "0.0711",
        "danceability": "0.465",
        "energy": "0.735",
        "instrumentalness": "0.0",
        "liveness": "0.0975",
        "loudness": "-3.715",
        "mode": "1",
        "speechiness": "0.117",
        "tempo": "173.935",
        "time_signature": "4",
        "valence": "0.409",
        "streams": "2580512",
        "country": "Global",
        "id": "19a3JfW8BQwqHWUMbcqSx8"
    },
    {
        "name": "All of Me",
        "acousticness": "0.922",
        "danceability": "0.422",
        "energy": "0.264",
        "instrumentalness": "0.0",
        "liveness": "0.132",
        "loudness": "-7.064",
        "mode": "1",
        "speechiness": "0.0322",
        "tempo": "119.93",
        "time_signature": "4",
        "valence": "0.331",
        "streams": "2568720",
        "country": "Global",
        "id": "2q6tgiA9tpb6DMguABwCWE"
    },
    {
        "name": "Sugar",
        "acousticness": "0.0591",
        "danceability": "0.748",
        "energy": "0.788",
        "instrumentalness": "0.0",
        "liveness": "0.0863",
        "loudness": "-7.055",
        "mode": "1",
        "speechiness": "0.0334",
        "tempo": "120.076",
        "time_signature": "4",
        "valence": "0.884",
        "streams": "2541963",
        "country": "Global",
        "id": "494OU6M7NOf4ICYb4zWCf5"
    },
    {
        "name": "Let Her Go",
        "acousticness": "0.385",
        "danceability": "0.509",
        "energy": "0.538",
        "instrumentalness": "0.0",
        "liveness": "0.104",
        "loudness": "-7.335",
        "mode": "1",
        "speechiness": "0.0572",
        "tempo": "75.089",
        "time_signature": "4",
        "valence": "0.244",
        "streams": "2536282",
        "country": "Global",
        "id": "2jyjhRf6DVbMPU5zxagN2h"
    },
    {
        "name": "Bobo",
        "acousticness": "0.117",
        "danceability": "0.729",
        "energy": "0.888",
        "instrumentalness": "1.55e-05",
        "liveness": "0.125",
        "loudness": "-2.864",
        "mode": "1",
        "speechiness": "0.122",
        "tempo": "177.908",
        "time_signature": "4",
        "valence": "0.8",
        "streams": "2525159",
        "country": "Global",
        "id": "7AtlMCIauSQZqiXSlbBPW6"
    }
]